batch_name,set_or_batch_number,local_image_filename,safe_hosted_filename,local_image_path,relative_hosting_path,public_image_url,image_position,image_size_bytes,hosting_status,notes
fw37thset_batch_23,37,fw37thset_batch_23_untitled-listing_img01_2026-05-26_083416.png,fw37thset-batch-23_01_fw37thset-batch-23-untitled-listing-img01-2026-05-26-083416.jpg,/Users/kyle/Downloads/etsy_cropped_all_batches/MASTER_CLIENT_READY_Etsy_Image_Rescue_2026-05-29/02_All_Listings_By_Set/fw37thset_batch_23/Cropped_Images/fw37thset_batch_23_untitled-listing_img01_2026-05-26_083416.png,images/fw37thset-batch-23_01_fw37thset-batch-23-untitled-listing-img01-2026-05-26-083416.jpg,,1,247862,candidate_only,Hosting copy is a high-quality JPEG. Original delivered PNG remains unchanged. Public URL not created in this environment.
fw37thset_batch_23,37,fw37thset_batch_23_untitled-listing_img02_2026-05-26_083425.png,fw37thset-batch-23_02_fw37thset-batch-23-untitled-listing-img02-2026-05-26-083425.jpg,/Users/kyle/Downloads/etsy_cropped_all_batches/MASTER_CLIENT_READY_Etsy_Image_Rescue_2026-05-29/02_All_Listings_By_Set/fw37thset_batch_23/Cropped_Images/fw37thset_batch_23_untitled-listing_img02_2026-05-26_083425.png,images/fw37thset-batch-23_02_fw37thset-batch-23-untitled-listing-img02-2026-05-26-083425.jpg,,2,253544,candidate_only,Hosting copy is a high-quality JPEG. Original delivered PNG remains unchanged. Public URL not created in this environment.
fw37thset_batch_23,37,fw37thset_batch_23_untitled-listing_img03_2026-05-26_083431.png,fw37thset-batch-23_03_fw37thset-batch-23-untitled-listing-img03-2026-05-26-083431.jpg,/Users/kyle/Downloads/etsy_cropped_all_batches/MASTER_CLIENT_READY_Etsy_Image_Rescue_2026-05-29/02_All_Listings_By_Set/fw37thset_batch_23/Cropped_Images/fw37thset_batch_23_untitled-listing_img03_2026-05-26_083431.png,images/fw37thset-batch-23_03_fw37thset-batch-23-untitled-listing-img03-2026-05-26-083431.jpg,,3,187072,candidate_only,Hosting copy is a high-quality JPEG. Original delivered PNG remains unchanged. Public URL not created in this environment.
fw37thset_batch_23,37,fw37thset_batch_23_untitled-listing_img04_2026-05-26_083437.png,fw37thset-batch-23_04_fw37thset-batch-23-untitled-listing-img04-2026-05-26-083437.jpg,/Users/kyle/Downloads/etsy_cropped_all_batches/MASTER_CLIENT_READY_Etsy_Image_Rescue_2026-05-29/02_All_Listings_By_Set/fw37thset_batch_23/Cropped_Images/fw37thset_batch_23_untitled-listing_img04_2026-05-26_083437.png,images/fw37thset-batch-23_04_fw37thset-batch-23-untitled-listing-img04-2026-05-26-083437.jpg,,4,227443,candidate_only,Hosting copy is a high-quality JPEG. Original delivered PNG remains unchanged. Public URL not created in this environment.
fw37thset_batch_23,37,fw37thset_batch_23_untitled-listing_img05_2026-05-26_083442.png,fw37thset-batch-23_05_fw37thset-batch-23-untitled-listing-img05-2026-05-26-083442.jpg,/Users/kyle/Downloads/etsy_cropped_all_batches/MASTER_CLIENT_READY_Etsy_Image_Rescue_2026-05-29/02_All_Listings_By_Set/fw37thset_batch_23/Cropped_Images/fw37thset_batch_23_untitled-listing_img05_2026-05-26_083442.png,images/fw37thset-batch-23_05_fw37thset-batch-23-untitled-listing-img05-2026-05-26-083442.jpg,,5,196271,candidate_only,Hosting copy is a high-quality JPEG. Original delivered PNG remains unchanged. Public URL not created in this environment.
fw73rdset_batch_24,73,fw73rdset_batch_24_large-lightweight-shortie-blues-vintage-chenille-bathrobe-up_img01_2026-05-27_095149.png,fw73rdset-batch-24_01_fw73rdset-batch-24-large-lightweight-shortie-blues-vintage-chenille-ba.jpg,/Users/kyle/Downloads/etsy_cropped_all_batches/MASTER_CLIENT_READY_Etsy_Image_Rescue_2026-05-29/02_All_Listings_By_Set/fw73rdset_batch_24/Cropped_Images/fw73rdset_batch_24_large-lightweight-shortie-blues-vintage-chenille-bathrobe-up_img01_2026-05-27_095149.png,images/fw73rdset-batch-24_01_fw73rdset-batch-24-large-lightweight-shortie-blues-vintage-chenille-ba.jpg,,1,270213,candidate_only,Hosting copy is a high-quality JPEG. Original delivered PNG remains unchanged. Public URL not created in this environment.
fw73rdset_batch_24,73,fw73rdset_batch_24_large-lightweight-shortie-blues-vintage-chenille-bathrobe-up_img02_2026-05-27_095156.png,fw73rdset-batch-24_02_fw73rdset-batch-24-large-lightweight-shortie-blues-vintage-chenille-ba.jpg,/Users/kyle/Downloads/etsy_cropped_all_batches/MASTER_CLIENT_READY_Etsy_Image_Rescue_2026-05-29/02_All_Listings_By_Set/fw73rdset_batch_24/Cropped_Images/fw73rdset_batch_24_large-lightweight-shortie-blues-vintage-chenille-bathrobe-up_img02_2026-05-27_095156.png,images/fw73rdset-batch-24_02_fw73rdset-batch-24-large-lightweight-shortie-blues-vintage-chenille-ba.jpg,,2,205389,candidate_only,Hosting copy is a high-quality JPEG. Original delivered PNG remains unchanged. Public URL not created in this environment.
fw73rdset_batch_24,73,fw73rdset_batch_24_large-lightweight-shortie-blues-vintage-chenille-bathrobe-up_img03_2026-05-27_095202.png,fw73rdset-batch-24_03_fw73rdset-batch-24-large-lightweight-shortie-blues-vintage-chenille-ba.jpg,/Users/kyle/Downloads/etsy_cropped_all_batches/MASTER_CLIENT_READY_Etsy_Image_Rescue_2026-05-29/02_All_Listings_By_Set/fw73rdset_batch_24/Cropped_Images/fw73rdset_batch_24_large-lightweight-shortie-blues-vintage-chenille-bathrobe-up_img03_2026-05-27_095202.png,images/fw73rdset-batch-24_03_fw73rdset-batch-24-large-lightweight-shortie-blues-vintage-chenille-ba.jpg,,3,198224,candidate_only,Hosting copy is a high-quality JPEG. Original delivered PNG remains unchanged. Public URL not created in this environment.
fw73rdset_batch_24,73,fw73rdset_batch_24_large-lightweight-shortie-blues-vintage-chenille-bathrobe-up_img04_2026-05-27_095209.png,fw73rdset-batch-24_04_fw73rdset-batch-24-large-lightweight-shortie-blues-vintage-chenille-ba.jpg,/Users/kyle/Downloads/etsy_cropped_all_batches/MASTER_CLIENT_READY_Etsy_Image_Rescue_2026-05-29/02_All_Listings_By_Set/fw73rdset_batch_24/Cropped_Images/fw73rdset_batch_24_large-lightweight-shortie-blues-vintage-chenille-bathrobe-up_img04_2026-05-27_095209.png,images/fw73rdset-batch-24_04_fw73rdset-batch-24-large-lightweight-shortie-blues-vintage-chenille-ba.jpg,,4,234922,candidate_only,Hosting copy is a high-quality JPEG. Original delivered PNG remains unchanged. Public URL not created in this environment.
fw73rdset_batch_24,73,fw73rdset_batch_24_large-lightweight-shortie-blues-vintage-chenille-bathrobe-up_img05_2026-05-27_095214.png,fw73rdset-batch-24_05_fw73rdset-batch-24-large-lightweight-shortie-blues-vintage-chenille-ba.jpg,/Users/kyle/Downloads/etsy_cropped_all_batches/MASTER_CLIENT_READY_Etsy_Image_Rescue_2026-05-29/02_All_Listings_By_Set/fw73rdset_batch_24/Cropped_Images/fw73rdset_batch_24_large-lightweight-shortie-blues-vintage-chenille-bathrobe-up_img05_2026-05-27_095214.png,images/fw73rdset-batch-24_05_fw73rdset-batch-24-large-lightweight-shortie-blues-vintage-chenille-ba.jpg,,5,240661,candidate_only,Hosting copy is a high-quality JPEG. Original delivered PNG remains unchanged. Public URL not created in this environment.
fw73rdset_batch_24,73,fw73rdset_batch_24_large-lightweight-shortie-blues-vintage-chenille-bathrobe-up_img06_2026-05-27_095218.png,fw73rdset-batch-24_06_fw73rdset-batch-24-large-lightweight-shortie-blues-vintage-chenille-ba.jpg,/Users/kyle/Downloads/etsy_cropped_all_batches/MASTER_CLIENT_READY_Etsy_Image_Rescue_2026-05-29/02_All_Listings_By_Set/fw73rdset_batch_24/Cropped_Images/fw73rdset_batch_24_large-lightweight-shortie-blues-vintage-chenille-bathrobe-up_img06_2026-05-27_095218.png,images/fw73rdset-batch-24_06_fw73rdset-batch-24-large-lightweight-shortie-blues-vintage-chenille-ba.jpg,,6,223058,candidate_only,Hosting copy is a high-quality JPEG. Original delivered PNG remains unchanged. Public URL not created in this environment.
fw73rdset_batch_24,73,fw73rdset_batch_24_large-lightweight-shortie-blues-vintage-chenille-bathrobe-up_img07_2026-05-27_095223.png,fw73rdset-batch-24_07_fw73rdset-batch-24-large-lightweight-shortie-blues-vintage-chenille-ba.jpg,/Users/kyle/Downloads/etsy_cropped_all_batches/MASTER_CLIENT_READY_Etsy_Image_Rescue_2026-05-29/02_All_Listings_By_Set/fw73rdset_batch_24/Cropped_Images/fw73rdset_batch_24_large-lightweight-shortie-blues-vintage-chenille-bathrobe-up_img07_2026-05-27_095223.png,images/fw73rdset-batch-24_07_fw73rdset-batch-24-large-lightweight-shortie-blues-vintage-chenille-ba.jpg,,7,240858,candidate_only,Hosting copy is a high-quality JPEG. Original delivered PNG remains unchanged. Public URL not created in this environment.
fw73rdset_batch_24,73,fw73rdset_batch_24_large-lightweight-shortie-blues-vintage-chenille-bathrobe-up_img08_2026-05-27_095228.png,fw73rdset-batch-24_08_fw73rdset-batch-24-large-lightweight-shortie-blues-vintage-chenille-ba.jpg,/Users/kyle/Downloads/etsy_cropped_all_batches/MASTER_CLIENT_READY_Etsy_Image_Rescue_2026-05-29/02_All_Listings_By_Set/fw73rdset_batch_24/Cropped_Images/fw73rdset_batch_24_large-lightweight-shortie-blues-vintage-chenille-bathrobe-up_img08_2026-05-27_095228.png,images/fw73rdset-batch-24_08_fw73rdset-batch-24-large-lightweight-shortie-blues-vintage-chenille-ba.jpg,,8,213561,candidate_only,Hosting copy is a high-quality JPEG. Original delivered PNG remains unchanged. Public URL not created in this environment.
fw73rdset_batch_24,73,fw73rdset_batch_24_large-lightweight-shortie-blues-vintage-chenille-bathrobe-up_img09_2026-05-27_095233.png,fw73rdset-batch-24_09_fw73rdset-batch-24-large-lightweight-shortie-blues-vintage-chenille-ba.jpg,/Users/kyle/Downloads/etsy_cropped_all_batches/MASTER_CLIENT_READY_Etsy_Image_Rescue_2026-05-29/02_All_Listings_By_Set/fw73rdset_batch_24/Cropped_Images/fw73rdset_batch_24_large-lightweight-shortie-blues-vintage-chenille-bathrobe-up_img09_2026-05-27_095233.png,images/fw73rdset-batch-24_09_fw73rdset-batch-24-large-lightweight-shortie-blues-vintage-chenille-ba.jpg,,9,238867,candidate_only,Hosting copy is a high-quality JPEG. Original delivered PNG remains unchanged. Public URL not created in this environment.
fw74thset_batch_25,74,fw74thset_batch_25_medium-plush-waffles-in-the-garden-vintage-chenille-bathrobe_img01_2026-05-27_095308.png,fw74thset-batch-25_01_fw74thset-batch-25-medium-plush-waffles-in-the-garden-vintage-chenille.jpg,/Users/kyle/Downloads/etsy_cropped_all_batches/MASTER_CLIENT_READY_Etsy_Image_Rescue_2026-05-29/02_All_Listings_By_Set/fw74thset_batch_25/Cropped_Images/fw74thset_batch_25_medium-plush-waffles-in-the-garden-vintage-chenille-bathrobe_img01_2026-05-27_095308.png,images/fw74thset-batch-25_01_fw74thset-batch-25-medium-plush-waffles-in-the-garden-vintage-chenille.jpg,,1,203616,candidate_only,Hosting copy is a high-quality JPEG. Original delivered PNG remains unchanged. Public URL not created in this environment.
fw74thset_batch_25,74,fw74thset_batch_25_medium-plush-waffles-in-the-garden-vintage-chenille-bathrobe_img02_2026-05-27_095314.png,fw74thset-batch-25_02_fw74thset-batch-25-medium-plush-waffles-in-the-garden-vintage-chenille.jpg,/Users/kyle/Downloads/etsy_cropped_all_batches/MASTER_CLIENT_READY_Etsy_Image_Rescue_2026-05-29/02_All_Listings_By_Set/fw74thset_batch_25/Cropped_Images/fw74thset_batch_25_medium-plush-waffles-in-the-garden-vintage-chenille-bathrobe_img02_2026-05-27_095314.png,images/fw74thset-batch-25_02_fw74thset-batch-25-medium-plush-waffles-in-the-garden-vintage-chenille.jpg,,2,177789,candidate_only,Hosting copy is a high-quality JPEG. Original delivered PNG remains unchanged. Public URL not created in this environment.
fw74thset_batch_25,74,fw74thset_batch_25_medium-plush-waffles-in-the-garden-vintage-chenille-bathrobe_img03_2026-05-27_095318.png,fw74thset-batch-25_03_fw74thset-batch-25-medium-plush-waffles-in-the-garden-vintage-chenille.jpg,/Users/kyle/Downloads/etsy_cropped_all_batches/MASTER_CLIENT_READY_Etsy_Image_Rescue_2026-05-29/02_All_Listings_By_Set/fw74thset_batch_25/Cropped_Images/fw74thset_batch_25_medium-plush-waffles-in-the-garden-vintage-chenille-bathrobe_img03_2026-05-27_095318.png,images/fw74thset-batch-25_03_fw74thset-batch-25-medium-plush-waffles-in-the-garden-vintage-chenille.jpg,,3,189310,candidate_only,Hosting copy is a high-quality JPEG. Original delivered PNG remains unchanged. Public URL not created in this environment.
fw74thset_batch_25,74,fw74thset_batch_25_medium-plush-waffles-in-the-garden-vintage-chenille-bathrobe_img04_2026-05-27_095322.png,fw74thset-batch-25_04_fw74thset-batch-25-medium-plush-waffles-in-the-garden-vintage-chenille.jpg,/Users/kyle/Downloads/etsy_cropped_all_batches/MASTER_CLIENT_READY_Etsy_Image_Rescue_2026-05-29/02_All_Listings_By_Set/fw74thset_batch_25/Cropped_Images/fw74thset_batch_25_medium-plush-waffles-in-the-garden-vintage-chenille-bathrobe_img04_2026-05-27_095322.png,images/fw74thset-batch-25_04_fw74thset-batch-25-medium-plush-waffles-in-the-garden-vintage-chenille.jpg,,4,199495,candidate_only,Hosting copy is a high-quality JPEG. Original delivered PNG remains unchanged. Public URL not created in this environment.
fw74thset_batch_25,74,fw74thset_batch_25_medium-plush-waffles-in-the-garden-vintage-chenille-bathrobe_img05_2026-05-27_095327.png,fw74thset-batch-25_05_fw74thset-batch-25-medium-plush-waffles-in-the-garden-vintage-chenille.jpg,/Users/kyle/Downloads/etsy_cropped_all_batches/MASTER_CLIENT_READY_Etsy_Image_Rescue_2026-05-29/02_All_Listings_By_Set/fw74thset_batch_25/Cropped_Images/fw74thset_batch_25_medium-plush-waffles-in-the-garden-vintage-chenille-bathrobe_img05_2026-05-27_095327.png,images/fw74thset-batch-25_05_fw74thset-batch-25-medium-plush-waffles-in-the-garden-vintage-chenille.jpg,,5,213261,candidate_only,Hosting copy is a high-quality JPEG. Original delivered PNG remains unchanged. Public URL not created in this environment.
fw74thset_batch_25,74,fw74thset_batch_25_medium-plush-waffles-in-the-garden-vintage-chenille-bathrobe_img06_2026-05-27_095331.png,fw74thset-batch-25_06_fw74thset-batch-25-medium-plush-waffles-in-the-garden-vintage-chenille.jpg,/Users/kyle/Downloads/etsy_cropped_all_batches/MASTER_CLIENT_READY_Etsy_Image_Rescue_2026-05-29/02_All_Listings_By_Set/fw74thset_batch_25/Cropped_Images/fw74thset_batch_25_medium-plush-waffles-in-the-garden-vintage-chenille-bathrobe_img06_2026-05-27_095331.png,images/fw74thset-batch-25_06_fw74thset-batch-25-medium-plush-waffles-in-the-garden-vintage-chenille.jpg,,6,218649,candidate_only,Hosting copy is a high-quality JPEG. Original delivered PNG remains unchanged. Public URL not created in this environment.
fw74thset_batch_25,74,fw74thset_batch_25_medium-plush-waffles-in-the-garden-vintage-chenille-bathrobe_img07_2026-05-27_095335.png,fw74thset-batch-25_07_fw74thset-batch-25-medium-plush-waffles-in-the-garden-vintage-chenille.jpg,/Users/kyle/Downloads/etsy_cropped_all_batches/MASTER_CLIENT_READY_Etsy_Image_Rescue_2026-05-29/02_All_Listings_By_Set/fw74thset_batch_25/Cropped_Images/fw74thset_batch_25_medium-plush-waffles-in-the-garden-vintage-chenille-bathrobe_img07_2026-05-27_095335.png,images/fw74thset-batch-25_07_fw74thset-batch-25-medium-plush-waffles-in-the-garden-vintage-chenille.jpg,,7,193575,candidate_only,Hosting copy is a high-quality JPEG. Original delivered PNG remains unchanged. Public URL not created in this environment.
fw74thset_batch_25,74,fw74thset_batch_25_medium-plush-waffles-in-the-garden-vintage-chenille-bathrobe_img08_2026-05-27_095340.png,fw74thset-batch-25_08_fw74thset-batch-25-medium-plush-waffles-in-the-garden-vintage-chenille.jpg,/Users/kyle/Downloads/etsy_cropped_all_batches/MASTER_CLIENT_READY_Etsy_Image_Rescue_2026-05-29/02_All_Listings_By_Set/fw74thset_batch_25/Cropped_Images/fw74thset_batch_25_medium-plush-waffles-in-the-garden-vintage-chenille-bathrobe_img08_2026-05-27_095340.png,images/fw74thset-batch-25_08_fw74thset-batch-25-medium-plush-waffles-in-the-garden-vintage-chenille.jpg,,8,203906,candidate_only,Hosting copy is a high-quality JPEG. Original delivered PNG remains unchanged. Public URL not created in this environment.
fw74thset_batch_25,74,fw74thset_batch_25_medium-plush-waffles-in-the-garden-vintage-chenille-bathrobe_img09_2026-05-27_095344.png,fw74thset-batch-25_09_fw74thset-batch-25-medium-plush-waffles-in-the-garden-vintage-chenille.jpg,/Users/kyle/Downloads/etsy_cropped_all_batches/MASTER_CLIENT_READY_Etsy_Image_Rescue_2026-05-29/02_All_Listings_By_Set/fw74thset_batch_25/Cropped_Images/fw74thset_batch_25_medium-plush-waffles-in-the-garden-vintage-chenille-bathrobe_img09_2026-05-27_095344.png,images/fw74thset-batch-25_09_fw74thset-batch-25-medium-plush-waffles-in-the-garden-vintage-chenille.jpg,,9,207330,candidate_only,Hosting copy is a high-quality JPEG. Original delivered PNG remains unchanged. Public URL not created in this environment.
fw75thset_batch_26,75,fw75thset_batch_26_2x-long-and-plush-plum-perfect-vintage-chenille-bathrobe-upc_img01_2026-05-27_103822.png,fw75thset-batch-26_01_fw75thset-batch-26-2x-long-and-plush-plum-perfect-vintage-chenille-bat.jpg,/Users/kyle/Downloads/etsy_cropped_all_batches/MASTER_CLIENT_READY_Etsy_Image_Rescue_2026-05-29/02_All_Listings_By_Set/fw75thset_batch_26/Cropped_Images/fw75thset_batch_26_2x-long-and-plush-plum-perfect-vintage-chenille-bathrobe-upc_img01_2026-05-27_103822.png,images/fw75thset-batch-26_01_fw75thset-batch-26-2x-long-and-plush-plum-perfect-vintage-chenille-bat.jpg,,1,327129,candidate_only,Hosting copy is a high-quality JPEG. Original delivered PNG remains unchanged. Public URL not created in this environment.
fw75thset_batch_26,75,fw75thset_batch_26_2x-long-and-plush-plum-perfect-vintage-chenille-bathrobe-upc_img02_2026-05-27_103827.png,fw75thset-batch-26_02_fw75thset-batch-26-2x-long-and-plush-plum-perfect-vintage-chenille-bat.jpg,/Users/kyle/Downloads/etsy_cropped_all_batches/MASTER_CLIENT_READY_Etsy_Image_Rescue_2026-05-29/02_All_Listings_By_Set/fw75thset_batch_26/Cropped_Images/fw75thset_batch_26_2x-long-and-plush-plum-perfect-vintage-chenille-bathrobe-upc_img02_2026-05-27_103827.png,images/fw75thset-batch-26_02_fw75thset-batch-26-2x-long-and-plush-plum-perfect-vintage-chenille-bat.jpg,,2,238819,candidate_only,Hosting copy is a high-quality JPEG. Original delivered PNG remains unchanged. Public URL not created in this environment.
fw75thset_batch_26,75,fw75thset_batch_26_2x-long-and-plush-plum-perfect-vintage-chenille-bathrobe-upc_img03_2026-05-27_103832.png,fw75thset-batch-26_03_fw75thset-batch-26-2x-long-and-plush-plum-perfect-vintage-chenille-bat.jpg,/Users/kyle/Downloads/etsy_cropped_all_batches/MASTER_CLIENT_READY_Etsy_Image_Rescue_2026-05-29/02_All_Listings_By_Set/fw75thset_batch_26/Cropped_Images/fw75thset_batch_26_2x-long-and-plush-plum-perfect-vintage-chenille-bathrobe-upc_img03_2026-05-27_103832.png,images/fw75thset-batch-26_03_fw75thset-batch-26-2x-long-and-plush-plum-perfect-vintage-chenille-bat.jpg,,3,200571,candidate_only,Hosting copy is a high-quality JPEG. Original delivered PNG remains unchanged. Public URL not created in this environment.
fw75thset_batch_26,75,fw75thset_batch_26_2x-long-and-plush-plum-perfect-vintage-chenille-bathrobe-upc_img04_2026-05-27_103837.png,fw75thset-batch-26_04_fw75thset-batch-26-2x-long-and-plush-plum-perfect-vintage-chenille-bat.jpg,/Users/kyle/Downloads/etsy_cropped_all_batches/MASTER_CLIENT_READY_Etsy_Image_Rescue_2026-05-29/02_All_Listings_By_Set/fw75thset_batch_26/Cropped_Images/fw75thset_batch_26_2x-long-and-plush-plum-perfect-vintage-chenille-bathrobe-upc_img04_2026-05-27_103837.png,images/fw75thset-batch-26_04_fw75thset-batch-26-2x-long-and-plush-plum-perfect-vintage-chenille-bat.jpg,,4,192928,candidate_only,Hosting copy is a high-quality JPEG. Original delivered PNG remains unchanged. Public URL not created in this environment.
fw75thset_batch_26,75,fw75thset_batch_26_2x-long-and-plush-plum-perfect-vintage-chenille-bathrobe-upc_img05_2026-05-27_103841.png,fw75thset-batch-26_05_fw75thset-batch-26-2x-long-and-plush-plum-perfect-vintage-chenille-bat.jpg,/Users/kyle/Downloads/etsy_cropped_all_batches/MASTER_CLIENT_READY_Etsy_Image_Rescue_2026-05-29/02_All_Listings_By_Set/fw75thset_batch_26/Cropped_Images/fw75thset_batch_26_2x-long-and-plush-plum-perfect-vintage-chenille-bathrobe-upc_img05_2026-05-27_103841.png,images/fw75thset-batch-26_05_fw75thset-batch-26-2x-long-and-plush-plum-perfect-vintage-chenille-bat.jpg,,5,238506,candidate_only,Hosting copy is a high-quality JPEG. Original delivered PNG remains unchanged. Public URL not created in this environment.
fw75thset_batch_26,75,fw75thset_batch_26_2x-long-and-plush-plum-perfect-vintage-chenille-bathrobe-upc_img06_2026-05-27_103848.png,fw75thset-batch-26_06_fw75thset-batch-26-2x-long-and-plush-plum-perfect-vintage-chenille-bat.jpg,/Users/kyle/Downloads/etsy_cropped_all_batches/MASTER_CLIENT_READY_Etsy_Image_Rescue_2026-05-29/02_All_Listings_By_Set/fw75thset_batch_26/Cropped_Images/fw75thset_batch_26_2x-long-and-plush-plum-perfect-vintage-chenille-bathrobe-upc_img06_2026-05-27_103848.png,images/fw75thset-batch-26_06_fw75thset-batch-26-2x-long-and-plush-plum-perfect-vintage-chenille-bat.jpg,,6,238504,candidate_only,Hosting copy is a high-quality JPEG. Original delivered PNG remains unchanged. Public URL not created in this environment.
fw75thset_batch_26,75,fw75thset_batch_26_2x-long-and-plush-plum-perfect-vintage-chenille-bathrobe-upc_img07_2026-05-27_103853.png,fw75thset-batch-26_07_fw75thset-batch-26-2x-long-and-plush-plum-perfect-vintage-chenille-bat.jpg,/Users/kyle/Downloads/etsy_cropped_all_batches/MASTER_CLIENT_READY_Etsy_Image_Rescue_2026-05-29/02_All_Listings_By_Set/fw75thset_batch_26/Cropped_Images/fw75thset_batch_26_2x-long-and-plush-plum-perfect-vintage-chenille-bathrobe-upc_img07_2026-05-27_103853.png,images/fw75thset-batch-26_07_fw75thset-batch-26-2x-long-and-plush-plum-perfect-vintage-chenille-bat.jpg,,7,245945,candidate_only,Hosting copy is a high-quality JPEG. Original delivered PNG remains unchanged. Public URL not created in this environment.
fw75thset_batch_26,75,fw75thset_batch_26_2x-long-and-plush-plum-perfect-vintage-chenille-bathrobe-upc_img08_2026-05-27_103858.png,fw75thset-batch-26_08_fw75thset-batch-26-2x-long-and-plush-plum-perfect-vintage-chenille-bat.jpg,/Users/kyle/Downloads/etsy_cropped_all_batches/MASTER_CLIENT_READY_Etsy_Image_Rescue_2026-05-29/02_All_Listings_By_Set/fw75thset_batch_26/Cropped_Images/fw75thset_batch_26_2x-long-and-plush-plum-perfect-vintage-chenille-bathrobe-upc_img08_2026-05-27_103858.png,images/fw75thset-batch-26_08_fw75thset-batch-26-2x-long-and-plush-plum-perfect-vintage-chenille-bat.jpg,,8,196443,candidate_only,Hosting copy is a high-quality JPEG. Original delivered PNG remains unchanged. Public URL not created in this environment.
fw75thset_batch_26,75,fw75thset_batch_26_2x-long-and-plush-plum-perfect-vintage-chenille-bathrobe-upc_img09_2026-05-27_103902.png,fw75thset-batch-26_09_fw75thset-batch-26-2x-long-and-plush-plum-perfect-vintage-chenille-bat.jpg,/Users/kyle/Downloads/etsy_cropped_all_batches/MASTER_CLIENT_READY_Etsy_Image_Rescue_2026-05-29/02_All_Listings_By_Set/fw75thset_batch_26/Cropped_Images/fw75thset_batch_26_2x-long-and-plush-plum-perfect-vintage-chenille-bathrobe-upc_img09_2026-05-27_103902.png,images/fw75thset-batch-26_09_fw75thset-batch-26-2x-long-and-plush-plum-perfect-vintage-chenille-bat.jpg,,9,228280,candidate_only,Hosting copy is a high-quality JPEG. Original delivered PNG remains unchanged. Public URL not created in this environment.
fw76thset_batch_27,76,fw76thset_batch_27_small-lightweight-touch-of-purple-vintage-chenille-bathrobe_img01_2026-05-27_103650.png,fw76thset-batch-27_01_fw76thset-batch-27-small-lightweight-touch-of-purple-vintage-chenille.jpg,/Users/kyle/Downloads/etsy_cropped_all_batches/MASTER_CLIENT_READY_Etsy_Image_Rescue_2026-05-29/02_All_Listings_By_Set/fw76thset_batch_27/Cropped_Images/fw76thset_batch_27_small-lightweight-touch-of-purple-vintage-chenille-bathrobe_img01_2026-05-27_103650.png,images/fw76thset-batch-27_01_fw76thset-batch-27-small-lightweight-touch-of-purple-vintage-chenille.jpg,,1,221921,candidate_only,Hosting copy is a high-quality JPEG. Original delivered PNG remains unchanged. Public URL not created in this environment.
fw76thset_batch_27,76,fw76thset_batch_27_small-lightweight-touch-of-purple-vintage-chenille-bathrobe_img02_2026-05-27_103655.png,fw76thset-batch-27_02_fw76thset-batch-27-small-lightweight-touch-of-purple-vintage-chenille.jpg,/Users/kyle/Downloads/etsy_cropped_all_batches/MASTER_CLIENT_READY_Etsy_Image_Rescue_2026-05-29/02_All_Listings_By_Set/fw76thset_batch_27/Cropped_Images/fw76thset_batch_27_small-lightweight-touch-of-purple-vintage-chenille-bathrobe_img02_2026-05-27_103655.png,images/fw76thset-batch-27_02_fw76thset-batch-27-small-lightweight-touch-of-purple-vintage-chenille.jpg,,2,208349,candidate_only,Hosting copy is a high-quality JPEG. Original delivered PNG remains unchanged. Public URL not created in this environment.
fw76thset_batch_27,76,fw76thset_batch_27_small-lightweight-touch-of-purple-vintage-chenille-bathrobe_img03_2026-05-27_103700.png,fw76thset-batch-27_03_fw76thset-batch-27-small-lightweight-touch-of-purple-vintage-chenille.jpg,/Users/kyle/Downloads/etsy_cropped_all_batches/MASTER_CLIENT_READY_Etsy_Image_Rescue_2026-05-29/02_All_Listings_By_Set/fw76thset_batch_27/Cropped_Images/fw76thset_batch_27_small-lightweight-touch-of-purple-vintage-chenille-bathrobe_img03_2026-05-27_103700.png,images/fw76thset-batch-27_03_fw76thset-batch-27-small-lightweight-touch-of-purple-vintage-chenille.jpg,,3,230602,candidate_only,Hosting copy is a high-quality JPEG. Original delivered PNG remains unchanged. Public URL not created in this environment.
fw76thset_batch_27,76,fw76thset_batch_27_small-lightweight-touch-of-purple-vintage-chenille-bathrobe_img04_2026-05-27_103704.png,fw76thset-batch-27_04_fw76thset-batch-27-small-lightweight-touch-of-purple-vintage-chenille.jpg,/Users/kyle/Downloads/etsy_cropped_all_batches/MASTER_CLIENT_READY_Etsy_Image_Rescue_2026-05-29/02_All_Listings_By_Set/fw76thset_batch_27/Cropped_Images/fw76thset_batch_27_small-lightweight-touch-of-purple-vintage-chenille-bathrobe_img04_2026-05-27_103704.png,images/fw76thset-batch-27_04_fw76thset-batch-27-small-lightweight-touch-of-purple-vintage-chenille.jpg,,4,199745,candidate_only,Hosting copy is a high-quality JPEG. Original delivered PNG remains unchanged. Public URL not created in this environment.
fw76thset_batch_27,76,fw76thset_batch_27_small-lightweight-touch-of-purple-vintage-chenille-bathrobe_img05_2026-05-27_103708.png,fw76thset-batch-27_05_fw76thset-batch-27-small-lightweight-touch-of-purple-vintage-chenille.jpg,/Users/kyle/Downloads/etsy_cropped_all_batches/MASTER_CLIENT_READY_Etsy_Image_Rescue_2026-05-29/02_All_Listings_By_Set/fw76thset_batch_27/Cropped_Images/fw76thset_batch_27_small-lightweight-touch-of-purple-vintage-chenille-bathrobe_img05_2026-05-27_103708.png,images/fw76thset-batch-27_05_fw76thset-batch-27-small-lightweight-touch-of-purple-vintage-chenille.jpg,,5,237263,candidate_only,Hosting copy is a high-quality JPEG. Original delivered PNG remains unchanged. Public URL not created in this environment.
fw76thset_batch_27,76,fw76thset_batch_27_small-lightweight-touch-of-purple-vintage-chenille-bathrobe_img06_2026-05-27_103712.png,fw76thset-batch-27_06_fw76thset-batch-27-small-lightweight-touch-of-purple-vintage-chenille.jpg,/Users/kyle/Downloads/etsy_cropped_all_batches/MASTER_CLIENT_READY_Etsy_Image_Rescue_2026-05-29/02_All_Listings_By_Set/fw76thset_batch_27/Cropped_Images/fw76thset_batch_27_small-lightweight-touch-of-purple-vintage-chenille-bathrobe_img06_2026-05-27_103712.png,images/fw76thset-batch-27_06_fw76thset-batch-27-small-lightweight-touch-of-purple-vintage-chenille.jpg,,6,239010,candidate_only,Hosting copy is a high-quality JPEG. Original delivered PNG remains unchanged. Public URL not created in this environment.
fw76thset_batch_27,76,fw76thset_batch_27_small-lightweight-touch-of-purple-vintage-chenille-bathrobe_img07_2026-05-27_103716.png,fw76thset-batch-27_07_fw76thset-batch-27-small-lightweight-touch-of-purple-vintage-chenille.jpg,/Users/kyle/Downloads/etsy_cropped_all_batches/MASTER_CLIENT_READY_Etsy_Image_Rescue_2026-05-29/02_All_Listings_By_Set/fw76thset_batch_27/Cropped_Images/fw76thset_batch_27_small-lightweight-touch-of-purple-vintage-chenille-bathrobe_img07_2026-05-27_103716.png,images/fw76thset-batch-27_07_fw76thset-batch-27-small-lightweight-touch-of-purple-vintage-chenille.jpg,,7,221202,candidate_only,Hosting copy is a high-quality JPEG. Original delivered PNG remains unchanged. Public URL not created in this environment.
fw76thset_batch_27,76,fw76thset_batch_27_small-lightweight-touch-of-purple-vintage-chenille-bathrobe_img08_2026-05-27_103721.png,fw76thset-batch-27_08_fw76thset-batch-27-small-lightweight-touch-of-purple-vintage-chenille.jpg,/Users/kyle/Downloads/etsy_cropped_all_batches/MASTER_CLIENT_READY_Etsy_Image_Rescue_2026-05-29/02_All_Listings_By_Set/fw76thset_batch_27/Cropped_Images/fw76thset_batch_27_small-lightweight-touch-of-purple-vintage-chenille-bathrobe_img08_2026-05-27_103721.png,images/fw76thset-batch-27_08_fw76thset-batch-27-small-lightweight-touch-of-purple-vintage-chenille.jpg,,8,225448,candidate_only,Hosting copy is a high-quality JPEG. Original delivered PNG remains unchanged. Public URL not created in this environment.
fw79thset_batch_28,79,fw79thset_batch_28_large-long-bluebirds-of-happiness-vintage-chenille-bathrobe_img01_2026-05-27_104404.png,fw79thset-batch-28_01_fw79thset-batch-28-large-long-bluebirds-of-happiness-vintage-chenille.jpg,/Users/kyle/Downloads/etsy_cropped_all_batches/MASTER_CLIENT_READY_Etsy_Image_Rescue_2026-05-29/02_All_Listings_By_Set/fw79thset_batch_28/Cropped_Images/fw79thset_batch_28_large-long-bluebirds-of-happiness-vintage-chenille-bathrobe_img01_2026-05-27_104404.png,images/fw79thset-batch-28_01_fw79thset-batch-28-large-long-bluebirds-of-happiness-vintage-chenille.jpg,,1,205617,candidate_only,Hosting copy is a high-quality JPEG. Original delivered PNG remains unchanged. Public URL not created in this environment.
fw79thset_batch_28,79,fw79thset_batch_28_large-long-bluebirds-of-happiness-vintage-chenille-bathrobe_img02_2026-05-27_104412.png,fw79thset-batch-28_02_fw79thset-batch-28-large-long-bluebirds-of-happiness-vintage-chenille.jpg,/Users/kyle/Downloads/etsy_cropped_all_batches/MASTER_CLIENT_READY_Etsy_Image_Rescue_2026-05-29/02_All_Listings_By_Set/fw79thset_batch_28/Cropped_Images/fw79thset_batch_28_large-long-bluebirds-of-happiness-vintage-chenille-bathrobe_img02_2026-05-27_104412.png,images/fw79thset-batch-28_02_fw79thset-batch-28-large-long-bluebirds-of-happiness-vintage-chenille.jpg,,2,180437,candidate_only,Hosting copy is a high-quality JPEG. Original delivered PNG remains unchanged. Public URL not created in this environment.
fw79thset_batch_28,79,fw79thset_batch_28_large-long-bluebirds-of-happiness-vintage-chenille-bathrobe_img03_2026-05-27_104532.png,fw79thset-batch-28_03_fw79thset-batch-28-large-long-bluebirds-of-happiness-vintage-chenille.jpg,/Users/kyle/Downloads/etsy_cropped_all_batches/MASTER_CLIENT_READY_Etsy_Image_Rescue_2026-05-29/02_All_Listings_By_Set/fw79thset_batch_28/Cropped_Images/fw79thset_batch_28_large-long-bluebirds-of-happiness-vintage-chenille-bathrobe_img03_2026-05-27_104532.png,images/fw79thset-batch-28_03_fw79thset-batch-28-large-long-bluebirds-of-happiness-vintage-chenille.jpg,,3,291620,candidate_only,Hosting copy is a high-quality JPEG. Original delivered PNG remains unchanged. Public URL not created in this environment.
fw79thset_batch_28,79,fw79thset_batch_28_large-long-bluebirds-of-happiness-vintage-chenille-bathrobe_img04_2026-05-27_104538.png,fw79thset-batch-28_04_fw79thset-batch-28-large-long-bluebirds-of-happiness-vintage-chenille.jpg,/Users/kyle/Downloads/etsy_cropped_all_batches/MASTER_CLIENT_READY_Etsy_Image_Rescue_2026-05-29/02_All_Listings_By_Set/fw79thset_batch_28/Cropped_Images/fw79thset_batch_28_large-long-bluebirds-of-happiness-vintage-chenille-bathrobe_img04_2026-05-27_104538.png,images/fw79thset-batch-28_04_fw79thset-batch-28-large-long-bluebirds-of-happiness-vintage-chenille.jpg,,4,199252,candidate_only,Hosting copy is a high-quality JPEG. Original delivered PNG remains unchanged. Public URL not created in this environment.
fw79thset_batch_28,79,fw79thset_batch_28_large-long-bluebirds-of-happiness-vintage-chenille-bathrobe_img05_2026-05-27_104544.png,fw79thset-batch-28_05_fw79thset-batch-28-large-long-bluebirds-of-happiness-vintage-chenille.jpg,/Users/kyle/Downloads/etsy_cropped_all_batches/MASTER_CLIENT_READY_Etsy_Image_Rescue_2026-05-29/02_All_Listings_By_Set/fw79thset_batch_28/Cropped_Images/fw79thset_batch_28_large-long-bluebirds-of-happiness-vintage-chenille-bathrobe_img05_2026-05-27_104544.png,images/fw79thset-batch-28_05_fw79thset-batch-28-large-long-bluebirds-of-happiness-vintage-chenille.jpg,,5,222035,candidate_only,Hosting copy is a high-quality JPEG. Original delivered PNG remains unchanged. Public URL not created in this environment.
fw79thset_batch_28,79,fw79thset_batch_28_large-long-bluebirds-of-happiness-vintage-chenille-bathrobe_img06_2026-05-27_104548.png,fw79thset-batch-28_06_fw79thset-batch-28-large-long-bluebirds-of-happiness-vintage-chenille.jpg,/Users/kyle/Downloads/etsy_cropped_all_batches/MASTER_CLIENT_READY_Etsy_Image_Rescue_2026-05-29/02_All_Listings_By_Set/fw79thset_batch_28/Cropped_Images/fw79thset_batch_28_large-long-bluebirds-of-happiness-vintage-chenille-bathrobe_img06_2026-05-27_104548.png,images/fw79thset-batch-28_06_fw79thset-batch-28-large-long-bluebirds-of-happiness-vintage-chenille.jpg,,6,209105,candidate_only,Hosting copy is a high-quality JPEG. Original delivered PNG remains unchanged. Public URL not created in this environment.
fw79thset_batch_28,79,fw79thset_batch_28_large-long-bluebirds-of-happiness-vintage-chenille-bathrobe_img07_2026-05-27_104553.png,fw79thset-batch-28_07_fw79thset-batch-28-large-long-bluebirds-of-happiness-vintage-chenille.jpg,/Users/kyle/Downloads/etsy_cropped_all_batches/MASTER_CLIENT_READY_Etsy_Image_Rescue_2026-05-29/02_All_Listings_By_Set/fw79thset_batch_28/Cropped_Images/fw79thset_batch_28_large-long-bluebirds-of-happiness-vintage-chenille-bathrobe_img07_2026-05-27_104553.png,images/fw79thset-batch-28_07_fw79thset-batch-28-large-long-bluebirds-of-happiness-vintage-chenille.jpg,,7,214072,candidate_only,Hosting copy is a high-quality JPEG. Original delivered PNG remains unchanged. Public URL not created in this environment.
fw79thset_batch_28,79,fw79thset_batch_28_large-long-bluebirds-of-happiness-vintage-chenille-bathrobe_img08_2026-05-27_104557.png,fw79thset-batch-28_08_fw79thset-batch-28-large-long-bluebirds-of-happiness-vintage-chenille.jpg,/Users/kyle/Downloads/etsy_cropped_all_batches/MASTER_CLIENT_READY_Etsy_Image_Rescue_2026-05-29/02_All_Listings_By_Set/fw79thset_batch_28/Cropped_Images/fw79thset_batch_28_large-long-bluebirds-of-happiness-vintage-chenille-bathrobe_img08_2026-05-27_104557.png,images/fw79thset-batch-28_08_fw79thset-batch-28-large-long-bluebirds-of-happiness-vintage-chenille.jpg,,8,191507,candidate_only,Hosting copy is a high-quality JPEG. Original delivered PNG remains unchanged. Public URL not created in this environment.
fw79thset_batch_28,79,fw79thset_batch_28_large-long-bluebirds-of-happiness-vintage-chenille-bathrobe_img09_2026-05-27_104602.png,fw79thset-batch-28_09_fw79thset-batch-28-large-long-bluebirds-of-happiness-vintage-chenille.jpg,/Users/kyle/Downloads/etsy_cropped_all_batches/MASTER_CLIENT_READY_Etsy_Image_Rescue_2026-05-29/02_All_Listings_By_Set/fw79thset_batch_28/Cropped_Images/fw79thset_batch_28_large-long-bluebirds-of-happiness-vintage-chenille-bathrobe_img09_2026-05-27_104602.png,images/fw79thset-batch-28_09_fw79thset-batch-28-large-long-bluebirds-of-happiness-vintage-chenille.jpg,,9,168570,candidate_only,Hosting copy is a high-quality JPEG. Original delivered PNG remains unchanged. Public URL not created in this environment.
fw85thset_batch_29,85,fw85thset_batch_29_xl-soft-and-lightweight-barbies-easter-basket-chenille-bathr_img01_2026-05-27_112337.png,fw85thset-batch-29_01_fw85thset-batch-29-xl-soft-and-lightweight-barbies-easter-basket-cheni.jpg,/Users/kyle/Downloads/etsy_cropped_all_batches/MASTER_CLIENT_READY_Etsy_Image_Rescue_2026-05-29/02_All_Listings_By_Set/fw85thset_batch_29/Cropped_Images/fw85thset_batch_29_xl-soft-and-lightweight-barbies-easter-basket-chenille-bathr_img01_2026-05-27_112337.png,images/fw85thset-batch-29_01_fw85thset-batch-29-xl-soft-and-lightweight-barbies-easter-basket-cheni.jpg,,1,267648,candidate_only,Hosting copy is a high-quality JPEG. Original delivered PNG remains unchanged. Public URL not created in this environment.
fw85thset_batch_29,85,fw85thset_batch_29_xl-soft-and-lightweight-barbies-easter-basket-chenille-bathr_img02_2026-05-27_112341.png,fw85thset-batch-29_02_fw85thset-batch-29-xl-soft-and-lightweight-barbies-easter-basket-cheni.jpg,/Users/kyle/Downloads/etsy_cropped_all_batches/MASTER_CLIENT_READY_Etsy_Image_Rescue_2026-05-29/02_All_Listings_By_Set/fw85thset_batch_29/Cropped_Images/fw85thset_batch_29_xl-soft-and-lightweight-barbies-easter-basket-chenille-bathr_img02_2026-05-27_112341.png,images/fw85thset-batch-29_02_fw85thset-batch-29-xl-soft-and-lightweight-barbies-easter-basket-cheni.jpg,,2,231418,candidate_only,Hosting copy is a high-quality JPEG. Original delivered PNG remains unchanged. Public URL not created in this environment.
fw85thset_batch_29,85,fw85thset_batch_29_xl-soft-and-lightweight-barbies-easter-basket-chenille-bathr_img03_2026-05-27_112345.png,fw85thset-batch-29_03_fw85thset-batch-29-xl-soft-and-lightweight-barbies-easter-basket-cheni.jpg,/Users/kyle/Downloads/etsy_cropped_all_batches/MASTER_CLIENT_READY_Etsy_Image_Rescue_2026-05-29/02_All_Listings_By_Set/fw85thset_batch_29/Cropped_Images/fw85thset_batch_29_xl-soft-and-lightweight-barbies-easter-basket-chenille-bathr_img03_2026-05-27_112345.png,images/fw85thset-batch-29_03_fw85thset-batch-29-xl-soft-and-lightweight-barbies-easter-basket-cheni.jpg,,3,200370,candidate_only,Hosting copy is a high-quality JPEG. Original delivered PNG remains unchanged. Public URL not created in this environment.
fw85thset_batch_29,85,fw85thset_batch_29_xl-soft-and-lightweight-barbies-easter-basket-chenille-bathr_img04_2026-05-27_112350.png,fw85thset-batch-29_04_fw85thset-batch-29-xl-soft-and-lightweight-barbies-easter-basket-cheni.jpg,/Users/kyle/Downloads/etsy_cropped_all_batches/MASTER_CLIENT_READY_Etsy_Image_Rescue_2026-05-29/02_All_Listings_By_Set/fw85thset_batch_29/Cropped_Images/fw85thset_batch_29_xl-soft-and-lightweight-barbies-easter-basket-chenille-bathr_img04_2026-05-27_112350.png,images/fw85thset-batch-29_04_fw85thset-batch-29-xl-soft-and-lightweight-barbies-easter-basket-cheni.jpg,,4,160851,candidate_only,Hosting copy is a high-quality JPEG. Original delivered PNG remains unchanged. Public URL not created in this environment.
fw85thset_batch_29,85,fw85thset_batch_29_xl-soft-and-lightweight-barbies-easter-basket-chenille-bathr_img05_2026-05-27_112354.png,fw85thset-batch-29_05_fw85thset-batch-29-xl-soft-and-lightweight-barbies-easter-basket-cheni.jpg,/Users/kyle/Downloads/etsy_cropped_all_batches/MASTER_CLIENT_READY_Etsy_Image_Rescue_2026-05-29/02_All_Listings_By_Set/fw85thset_batch_29/Cropped_Images/fw85thset_batch_29_xl-soft-and-lightweight-barbies-easter-basket-chenille-bathr_img05_2026-05-27_112354.png,images/fw85thset-batch-29_05_fw85thset-batch-29-xl-soft-and-lightweight-barbies-easter-basket-cheni.jpg,,5,191327,candidate_only,Hosting copy is a high-quality JPEG. Original delivered PNG remains unchanged. Public URL not created in this environment.
fw85thset_batch_29,85,fw85thset_batch_29_xl-soft-and-lightweight-barbies-easter-basket-chenille-bathr_img06_2026-05-27_112358.png,fw85thset-batch-29_06_fw85thset-batch-29-xl-soft-and-lightweight-barbies-easter-basket-cheni.jpg,/Users/kyle/Downloads/etsy_cropped_all_batches/MASTER_CLIENT_READY_Etsy_Image_Rescue_2026-05-29/02_All_Listings_By_Set/fw85thset_batch_29/Cropped_Images/fw85thset_batch_29_xl-soft-and-lightweight-barbies-easter-basket-chenille-bathr_img06_2026-05-27_112358.png,images/fw85thset-batch-29_06_fw85thset-batch-29-xl-soft-and-lightweight-barbies-easter-basket-cheni.jpg,,6,205871,candidate_only,Hosting copy is a high-quality JPEG. Original delivered PNG remains unchanged. Public URL not created in this environment.
fw85thset_batch_29,85,fw85thset_batch_29_xl-soft-and-lightweight-barbies-easter-basket-chenille-bathr_img07_2026-05-27_112403.png,fw85thset-batch-29_07_fw85thset-batch-29-xl-soft-and-lightweight-barbies-easter-basket-cheni.jpg,/Users/kyle/Downloads/etsy_cropped_all_batches/MASTER_CLIENT_READY_Etsy_Image_Rescue_2026-05-29/02_All_Listings_By_Set/fw85thset_batch_29/Cropped_Images/fw85thset_batch_29_xl-soft-and-lightweight-barbies-easter-basket-chenille-bathr_img07_2026-05-27_112403.png,images/fw85thset-batch-29_07_fw85thset-batch-29-xl-soft-and-lightweight-barbies-easter-basket-cheni.jpg,,7,225996,candidate_only,Hosting copy is a high-quality JPEG. Original delivered PNG remains unchanged. Public URL not created in this environment.
fw85thset_batch_29,85,fw85thset_batch_29_xl-soft-and-lightweight-barbies-easter-basket-chenille-bathr_img08_2026-05-27_112407.png,fw85thset-batch-29_08_fw85thset-batch-29-xl-soft-and-lightweight-barbies-easter-basket-cheni.jpg,/Users/kyle/Downloads/etsy_cropped_all_batches/MASTER_CLIENT_READY_Etsy_Image_Rescue_2026-05-29/02_All_Listings_By_Set/fw85thset_batch_29/Cropped_Images/fw85thset_batch_29_xl-soft-and-lightweight-barbies-easter-basket-chenille-bathr_img08_2026-05-27_112407.png,images/fw85thset-batch-29_08_fw85thset-batch-29-xl-soft-and-lightweight-barbies-easter-basket-cheni.jpg,,8,179697,candidate_only,Hosting copy is a high-quality JPEG. Original delivered PNG remains unchanged. Public URL not created in this environment.
fw86thset_batch_30,86,fw86thset_batch_30_small-soft-and-pretty-tiny-angel-vintage-chenille-bathrobe-u_img01_2026-05-27_112230.png,fw86thset-batch-30_01_fw86thset-batch-30-small-soft-and-pretty-tiny-angel-vintage-chenille-b.jpg,/Users/kyle/Downloads/etsy_cropped_all_batches/MASTER_CLIENT_READY_Etsy_Image_Rescue_2026-05-29/02_All_Listings_By_Set/fw86thset_batch_30/Cropped_Images/fw86thset_batch_30_small-soft-and-pretty-tiny-angel-vintage-chenille-bathrobe-u_img01_2026-05-27_112230.png,images/fw86thset-batch-30_01_fw86thset-batch-30-small-soft-and-pretty-tiny-angel-vintage-chenille-b.jpg,,1,247077,candidate_only,Hosting copy is a high-quality JPEG. Original delivered PNG remains unchanged. Public URL not created in this environment.
fw86thset_batch_30,86,fw86thset_batch_30_small-soft-and-pretty-tiny-angel-vintage-chenille-bathrobe-u_img02_2026-05-27_112234.png,fw86thset-batch-30_02_fw86thset-batch-30-small-soft-and-pretty-tiny-angel-vintage-chenille-b.jpg,/Users/kyle/Downloads/etsy_cropped_all_batches/MASTER_CLIENT_READY_Etsy_Image_Rescue_2026-05-29/02_All_Listings_By_Set/fw86thset_batch_30/Cropped_Images/fw86thset_batch_30_small-soft-and-pretty-tiny-angel-vintage-chenille-bathrobe-u_img02_2026-05-27_112234.png,images/fw86thset-batch-30_02_fw86thset-batch-30-small-soft-and-pretty-tiny-angel-vintage-chenille-b.jpg,,2,193919,candidate_only,Hosting copy is a high-quality JPEG. Original delivered PNG remains unchanged. Public URL not created in this environment.
fw86thset_batch_30,86,fw86thset_batch_30_small-soft-and-pretty-tiny-angel-vintage-chenille-bathrobe-u_img03_2026-05-27_112239.png,fw86thset-batch-30_03_fw86thset-batch-30-small-soft-and-pretty-tiny-angel-vintage-chenille-b.jpg,/Users/kyle/Downloads/etsy_cropped_all_batches/MASTER_CLIENT_READY_Etsy_Image_Rescue_2026-05-29/02_All_Listings_By_Set/fw86thset_batch_30/Cropped_Images/fw86thset_batch_30_small-soft-and-pretty-tiny-angel-vintage-chenille-bathrobe-u_img03_2026-05-27_112239.png,images/fw86thset-batch-30_03_fw86thset-batch-30-small-soft-and-pretty-tiny-angel-vintage-chenille-b.jpg,,3,157529,candidate_only,Hosting copy is a high-quality JPEG. Original delivered PNG remains unchanged. Public URL not created in this environment.
fw86thset_batch_30,86,fw86thset_batch_30_small-soft-and-pretty-tiny-angel-vintage-chenille-bathrobe-u_img04_2026-05-27_112243.png,fw86thset-batch-30_04_fw86thset-batch-30-small-soft-and-pretty-tiny-angel-vintage-chenille-b.jpg,/Users/kyle/Downloads/etsy_cropped_all_batches/MASTER_CLIENT_READY_Etsy_Image_Rescue_2026-05-29/02_All_Listings_By_Set/fw86thset_batch_30/Cropped_Images/fw86thset_batch_30_small-soft-and-pretty-tiny-angel-vintage-chenille-bathrobe-u_img04_2026-05-27_112243.png,images/fw86thset-batch-30_04_fw86thset-batch-30-small-soft-and-pretty-tiny-angel-vintage-chenille-b.jpg,,4,182036,candidate_only,Hosting copy is a high-quality JPEG. Original delivered PNG remains unchanged. Public URL not created in this environment.
fw86thset_batch_30,86,fw86thset_batch_30_small-soft-and-pretty-tiny-angel-vintage-chenille-bathrobe-u_img05_2026-05-27_112247.png,fw86thset-batch-30_05_fw86thset-batch-30-small-soft-and-pretty-tiny-angel-vintage-chenille-b.jpg,/Users/kyle/Downloads/etsy_cropped_all_batches/MASTER_CLIENT_READY_Etsy_Image_Rescue_2026-05-29/02_All_Listings_By_Set/fw86thset_batch_30/Cropped_Images/fw86thset_batch_30_small-soft-and-pretty-tiny-angel-vintage-chenille-bathrobe-u_img05_2026-05-27_112247.png,images/fw86thset-batch-30_05_fw86thset-batch-30-small-soft-and-pretty-tiny-angel-vintage-chenille-b.jpg,,5,176638,candidate_only,Hosting copy is a high-quality JPEG. Original delivered PNG remains unchanged. Public URL not created in this environment.
fw86thset_batch_30,86,fw86thset_batch_30_small-soft-and-pretty-tiny-angel-vintage-chenille-bathrobe-u_img06_2026-05-27_112252.png,fw86thset-batch-30_06_fw86thset-batch-30-small-soft-and-pretty-tiny-angel-vintage-chenille-b.jpg,/Users/kyle/Downloads/etsy_cropped_all_batches/MASTER_CLIENT_READY_Etsy_Image_Rescue_2026-05-29/02_All_Listings_By_Set/fw86thset_batch_30/Cropped_Images/fw86thset_batch_30_small-soft-and-pretty-tiny-angel-vintage-chenille-bathrobe-u_img06_2026-05-27_112252.png,images/fw86thset-batch-30_06_fw86thset-batch-30-small-soft-and-pretty-tiny-angel-vintage-chenille-b.jpg,,6,165463,candidate_only,Hosting copy is a high-quality JPEG. Original delivered PNG remains unchanged. Public URL not created in this environment.
fw86thset_batch_30,86,fw86thset_batch_30_small-soft-and-pretty-tiny-angel-vintage-chenille-bathrobe-u_img07_2026-05-27_112257.png,fw86thset-batch-30_07_fw86thset-batch-30-small-soft-and-pretty-tiny-angel-vintage-chenille-b.jpg,/Users/kyle/Downloads/etsy_cropped_all_batches/MASTER_CLIENT_READY_Etsy_Image_Rescue_2026-05-29/02_All_Listings_By_Set/fw86thset_batch_30/Cropped_Images/fw86thset_batch_30_small-soft-and-pretty-tiny-angel-vintage-chenille-bathrobe-u_img07_2026-05-27_112257.png,images/fw86thset-batch-30_07_fw86thset-batch-30-small-soft-and-pretty-tiny-angel-vintage-chenille-b.jpg,,7,141275,candidate_only,Hosting copy is a high-quality JPEG. Original delivered PNG remains unchanged. Public URL not created in this environment.
fw86thset_batch_30,86,fw86thset_batch_30_small-soft-and-pretty-tiny-angel-vintage-chenille-bathrobe-u_img08_2026-05-27_112301.png,fw86thset-batch-30_08_fw86thset-batch-30-small-soft-and-pretty-tiny-angel-vintage-chenille-b.jpg,/Users/kyle/Downloads/etsy_cropped_all_batches/MASTER_CLIENT_READY_Etsy_Image_Rescue_2026-05-29/02_All_Listings_By_Set/fw86thset_batch_30/Cropped_Images/fw86thset_batch_30_small-soft-and-pretty-tiny-angel-vintage-chenille-bathrobe-u_img08_2026-05-27_112301.png,images/fw86thset-batch-30_08_fw86thset-batch-30-small-soft-and-pretty-tiny-angel-vintage-chenille-b.jpg,,8,185603,candidate_only,Hosting copy is a high-quality JPEG. Original delivered PNG remains unchanged. Public URL not created in this environment.
fw86thset_batch_30,86,fw86thset_batch_30_small-soft-and-pretty-tiny-angel-vintage-chenille-bathrobe-u_img09_2026-05-27_112305.png,fw86thset-batch-30_09_fw86thset-batch-30-small-soft-and-pretty-tiny-angel-vintage-chenille-b.jpg,/Users/kyle/Downloads/etsy_cropped_all_batches/MASTER_CLIENT_READY_Etsy_Image_Rescue_2026-05-29/02_All_Listings_By_Set/fw86thset_batch_30/Cropped_Images/fw86thset_batch_30_small-soft-and-pretty-tiny-angel-vintage-chenille-bathrobe-u_img09_2026-05-27_112305.png,images/fw86thset-batch-30_09_fw86thset-batch-30-small-soft-and-pretty-tiny-angel-vintage-chenille-b.jpg,,9,137114,candidate_only,Hosting copy is a high-quality JPEG. Original delivered PNG remains unchanged. Public URL not created in this environment.
fw87thset_batch_31,87,fw87thset_batch_31_large-heavy-plush-and-extra-long-perfect-peacock-vintage-che_img01_2026-05-27_113027.png,fw87thset-batch-31_01_fw87thset-batch-31-large-heavy-plush-and-extra-long-perfect-peacock-vi.jpg,/Users/kyle/Downloads/etsy_cropped_all_batches/MASTER_CLIENT_READY_Etsy_Image_Rescue_2026-05-29/02_All_Listings_By_Set/fw87thset_batch_31/Cropped_Images/fw87thset_batch_31_large-heavy-plush-and-extra-long-perfect-peacock-vintage-che_img01_2026-05-27_113027.png,images/fw87thset-batch-31_01_fw87thset-batch-31-large-heavy-plush-and-extra-long-perfect-peacock-vi.jpg,,1,293162,candidate_only,Hosting copy is a high-quality JPEG. Original delivered PNG remains unchanged. Public URL not created in this environment.
fw87thset_batch_31,87,fw87thset_batch_31_large-heavy-plush-and-extra-long-perfect-peacock-vintage-che_img02_2026-05-27_113032.png,fw87thset-batch-31_02_fw87thset-batch-31-large-heavy-plush-and-extra-long-perfect-peacock-vi.jpg,/Users/kyle/Downloads/etsy_cropped_all_batches/MASTER_CLIENT_READY_Etsy_Image_Rescue_2026-05-29/02_All_Listings_By_Set/fw87thset_batch_31/Cropped_Images/fw87thset_batch_31_large-heavy-plush-and-extra-long-perfect-peacock-vintage-che_img02_2026-05-27_113032.png,images/fw87thset-batch-31_02_fw87thset-batch-31-large-heavy-plush-and-extra-long-perfect-peacock-vi.jpg,,2,232429,candidate_only,Hosting copy is a high-quality JPEG. Original delivered PNG remains unchanged. Public URL not created in this environment.
fw87thset_batch_31,87,fw87thset_batch_31_large-heavy-plush-and-extra-long-perfect-peacock-vintage-che_img03_2026-05-27_113036.png,fw87thset-batch-31_03_fw87thset-batch-31-large-heavy-plush-and-extra-long-perfect-peacock-vi.jpg,/Users/kyle/Downloads/etsy_cropped_all_batches/MASTER_CLIENT_READY_Etsy_Image_Rescue_2026-05-29/02_All_Listings_By_Set/fw87thset_batch_31/Cropped_Images/fw87thset_batch_31_large-heavy-plush-and-extra-long-perfect-peacock-vintage-che_img03_2026-05-27_113036.png,images/fw87thset-batch-31_03_fw87thset-batch-31-large-heavy-plush-and-extra-long-perfect-peacock-vi.jpg,,3,188323,candidate_only,Hosting copy is a high-quality JPEG. Original delivered PNG remains unchanged. Public URL not created in this environment.
fw87thset_batch_31,87,fw87thset_batch_31_large-heavy-plush-and-extra-long-perfect-peacock-vintage-che_img04_2026-05-27_113040.png,fw87thset-batch-31_04_fw87thset-batch-31-large-heavy-plush-and-extra-long-perfect-peacock-vi.jpg,/Users/kyle/Downloads/etsy_cropped_all_batches/MASTER_CLIENT_READY_Etsy_Image_Rescue_2026-05-29/02_All_Listings_By_Set/fw87thset_batch_31/Cropped_Images/fw87thset_batch_31_large-heavy-plush-and-extra-long-perfect-peacock-vintage-che_img04_2026-05-27_113040.png,images/fw87thset-batch-31_04_fw87thset-batch-31-large-heavy-plush-and-extra-long-perfect-peacock-vi.jpg,,4,199696,candidate_only,Hosting copy is a high-quality JPEG. Original delivered PNG remains unchanged. Public URL not created in this environment.
fw87thset_batch_31,87,fw87thset_batch_31_large-heavy-plush-and-extra-long-perfect-peacock-vintage-che_img05_2026-05-27_113044.png,fw87thset-batch-31_05_fw87thset-batch-31-large-heavy-plush-and-extra-long-perfect-peacock-vi.jpg,/Users/kyle/Downloads/etsy_cropped_all_batches/MASTER_CLIENT_READY_Etsy_Image_Rescue_2026-05-29/02_All_Listings_By_Set/fw87thset_batch_31/Cropped_Images/fw87thset_batch_31_large-heavy-plush-and-extra-long-perfect-peacock-vintage-che_img05_2026-05-27_113044.png,images/fw87thset-batch-31_05_fw87thset-batch-31-large-heavy-plush-and-extra-long-perfect-peacock-vi.jpg,,5,205285,candidate_only,Hosting copy is a high-quality JPEG. Original delivered PNG remains unchanged. Public URL not created in this environment.
fw87thset_batch_31,87,fw87thset_batch_31_large-heavy-plush-and-extra-long-perfect-peacock-vintage-che_img06_2026-05-27_113048.png,fw87thset-batch-31_06_fw87thset-batch-31-large-heavy-plush-and-extra-long-perfect-peacock-vi.jpg,/Users/kyle/Downloads/etsy_cropped_all_batches/MASTER_CLIENT_READY_Etsy_Image_Rescue_2026-05-29/02_All_Listings_By_Set/fw87thset_batch_31/Cropped_Images/fw87thset_batch_31_large-heavy-plush-and-extra-long-perfect-peacock-vintage-che_img06_2026-05-27_113048.png,images/fw87thset-batch-31_06_fw87thset-batch-31-large-heavy-plush-and-extra-long-perfect-peacock-vi.jpg,,6,195584,candidate_only,Hosting copy is a high-quality JPEG. Original delivered PNG remains unchanged. Public URL not created in this environment.
fw87thset_batch_31,87,fw87thset_batch_31_large-heavy-plush-and-extra-long-perfect-peacock-vintage-che_img07_2026-05-27_113052.png,fw87thset-batch-31_07_fw87thset-batch-31-large-heavy-plush-and-extra-long-perfect-peacock-vi.jpg,/Users/kyle/Downloads/etsy_cropped_all_batches/MASTER_CLIENT_READY_Etsy_Image_Rescue_2026-05-29/02_All_Listings_By_Set/fw87thset_batch_31/Cropped_Images/fw87thset_batch_31_large-heavy-plush-and-extra-long-perfect-peacock-vintage-che_img07_2026-05-27_113052.png,images/fw87thset-batch-31_07_fw87thset-batch-31-large-heavy-plush-and-extra-long-perfect-peacock-vi.jpg,,7,209300,candidate_only,Hosting copy is a high-quality JPEG. Original delivered PNG remains unchanged. Public URL not created in this environment.
fw87thset_batch_31,87,fw87thset_batch_31_large-heavy-plush-and-extra-long-perfect-peacock-vintage-che_img08_2026-05-27_113057.png,fw87thset-batch-31_08_fw87thset-batch-31-large-heavy-plush-and-extra-long-perfect-peacock-vi.jpg,/Users/kyle/Downloads/etsy_cropped_all_batches/MASTER_CLIENT_READY_Etsy_Image_Rescue_2026-05-29/02_All_Listings_By_Set/fw87thset_batch_31/Cropped_Images/fw87thset_batch_31_large-heavy-plush-and-extra-long-perfect-peacock-vintage-che_img08_2026-05-27_113057.png,images/fw87thset-batch-31_08_fw87thset-batch-31-large-heavy-plush-and-extra-long-perfect-peacock-vi.jpg,,8,221336,candidate_only,Hosting copy is a high-quality JPEG. Original delivered PNG remains unchanged. Public URL not created in this environment.
fw88thset_batch_32,88,fw88thset_batch_32_3xl-plush-and-gorgeous-morning-peacock-vintage-chenille-bath_img01_2026-05-27_112855.png,fw88thset-batch-32_01_fw88thset-batch-32-3xl-plush-and-gorgeous-morning-peacock-vintage-chen.jpg,/Users/kyle/Downloads/etsy_cropped_all_batches/MASTER_CLIENT_READY_Etsy_Image_Rescue_2026-05-29/02_All_Listings_By_Set/fw88thset_batch_32/Cropped_Images/fw88thset_batch_32_3xl-plush-and-gorgeous-morning-peacock-vintage-chenille-bath_img01_2026-05-27_112855.png,images/fw88thset-batch-32_01_fw88thset-batch-32-3xl-plush-and-gorgeous-morning-peacock-vintage-chen.jpg,,1,312790,candidate_only,Hosting copy is a high-quality JPEG. Original delivered PNG remains unchanged. Public URL not created in this environment.
fw88thset_batch_32,88,fw88thset_batch_32_3xl-plush-and-gorgeous-morning-peacock-vintage-chenille-bath_img02_2026-05-27_112900.png,fw88thset-batch-32_02_fw88thset-batch-32-3xl-plush-and-gorgeous-morning-peacock-vintage-chen.jpg,/Users/kyle/Downloads/etsy_cropped_all_batches/MASTER_CLIENT_READY_Etsy_Image_Rescue_2026-05-29/02_All_Listings_By_Set/fw88thset_batch_32/Cropped_Images/fw88thset_batch_32_3xl-plush-and-gorgeous-morning-peacock-vintage-chenille-bath_img02_2026-05-27_112900.png,images/fw88thset-batch-32_02_fw88thset-batch-32-3xl-plush-and-gorgeous-morning-peacock-vintage-chen.jpg,,2,231517,candidate_only,Hosting copy is a high-quality JPEG. Original delivered PNG remains unchanged. Public URL not created in this environment.
fw88thset_batch_32,88,fw88thset_batch_32_3xl-plush-and-gorgeous-morning-peacock-vintage-chenille-bath_img03_2026-05-27_112904.png,fw88thset-batch-32_03_fw88thset-batch-32-3xl-plush-and-gorgeous-morning-peacock-vintage-chen.jpg,/Users/kyle/Downloads/etsy_cropped_all_batches/MASTER_CLIENT_READY_Etsy_Image_Rescue_2026-05-29/02_All_Listings_By_Set/fw88thset_batch_32/Cropped_Images/fw88thset_batch_32_3xl-plush-and-gorgeous-morning-peacock-vintage-chenille-bath_img03_2026-05-27_112904.png,images/fw88thset-batch-32_03_fw88thset-batch-32-3xl-plush-and-gorgeous-morning-peacock-vintage-chen.jpg,,3,199371,candidate_only,Hosting copy is a high-quality JPEG. Original delivered PNG remains unchanged. Public URL not created in this environment.
fw88thset_batch_32,88,fw88thset_batch_32_3xl-plush-and-gorgeous-morning-peacock-vintage-chenille-bath_img04_2026-05-27_112909.png,fw88thset-batch-32_04_fw88thset-batch-32-3xl-plush-and-gorgeous-morning-peacock-vintage-chen.jpg,/Users/kyle/Downloads/etsy_cropped_all_batches/MASTER_CLIENT_READY_Etsy_Image_Rescue_2026-05-29/02_All_Listings_By_Set/fw88thset_batch_32/Cropped_Images/fw88thset_batch_32_3xl-plush-and-gorgeous-morning-peacock-vintage-chenille-bath_img04_2026-05-27_112909.png,images/fw88thset-batch-32_04_fw88thset-batch-32-3xl-plush-and-gorgeous-morning-peacock-vintage-chen.jpg,,4,199096,candidate_only,Hosting copy is a high-quality JPEG. Original delivered PNG remains unchanged. Public URL not created in this environment.
fw88thset_batch_32,88,fw88thset_batch_32_3xl-plush-and-gorgeous-morning-peacock-vintage-chenille-bath_img05_2026-05-27_112914.png,fw88thset-batch-32_05_fw88thset-batch-32-3xl-plush-and-gorgeous-morning-peacock-vintage-chen.jpg,/Users/kyle/Downloads/etsy_cropped_all_batches/MASTER_CLIENT_READY_Etsy_Image_Rescue_2026-05-29/02_All_Listings_By_Set/fw88thset_batch_32/Cropped_Images/fw88thset_batch_32_3xl-plush-and-gorgeous-morning-peacock-vintage-chenille-bath_img05_2026-05-27_112914.png,images/fw88thset-batch-32_05_fw88thset-batch-32-3xl-plush-and-gorgeous-morning-peacock-vintage-chen.jpg,,5,195663,candidate_only,Hosting copy is a high-quality JPEG. Original delivered PNG remains unchanged. Public URL not created in this environment.
fw88thset_batch_32,88,fw88thset_batch_32_3xl-plush-and-gorgeous-morning-peacock-vintage-chenille-bath_img06_2026-05-27_112918.png,fw88thset-batch-32_06_fw88thset-batch-32-3xl-plush-and-gorgeous-morning-peacock-vintage-chen.jpg,/Users/kyle/Downloads/etsy_cropped_all_batches/MASTER_CLIENT_READY_Etsy_Image_Rescue_2026-05-29/02_All_Listings_By_Set/fw88thset_batch_32/Cropped_Images/fw88thset_batch_32_3xl-plush-and-gorgeous-morning-peacock-vintage-chenille-bath_img06_2026-05-27_112918.png,images/fw88thset-batch-32_06_fw88thset-batch-32-3xl-plush-and-gorgeous-morning-peacock-vintage-chen.jpg,,6,206270,candidate_only,Hosting copy is a high-quality JPEG. Original delivered PNG remains unchanged. Public URL not created in this environment.
fw88thset_batch_32,88,fw88thset_batch_32_3xl-plush-and-gorgeous-morning-peacock-vintage-chenille-bath_img07_2026-05-27_112922.png,fw88thset-batch-32_07_fw88thset-batch-32-3xl-plush-and-gorgeous-morning-peacock-vintage-chen.jpg,/Users/kyle/Downloads/etsy_cropped_all_batches/MASTER_CLIENT_READY_Etsy_Image_Rescue_2026-05-29/02_All_Listings_By_Set/fw88thset_batch_32/Cropped_Images/fw88thset_batch_32_3xl-plush-and-gorgeous-morning-peacock-vintage-chenille-bath_img07_2026-05-27_112922.png,images/fw88thset-batch-32_07_fw88thset-batch-32-3xl-plush-and-gorgeous-morning-peacock-vintage-chen.jpg,,7,209016,candidate_only,Hosting copy is a high-quality JPEG. Original delivered PNG remains unchanged. Public URL not created in this environment.
fw88thset_batch_32,88,fw88thset_batch_32_3xl-plush-and-gorgeous-morning-peacock-vintage-chenille-bath_img08_2026-05-27_112932.png,fw88thset-batch-32_08_fw88thset-batch-32-3xl-plush-and-gorgeous-morning-peacock-vintage-chen.jpg,/Users/kyle/Downloads/etsy_cropped_all_batches/MASTER_CLIENT_READY_Etsy_Image_Rescue_2026-05-29/02_All_Listings_By_Set/fw88thset_batch_32/Cropped_Images/fw88thset_batch_32_3xl-plush-and-gorgeous-morning-peacock-vintage-chenille-bath_img08_2026-05-27_112932.png,images/fw88thset-batch-32_08_fw88thset-batch-32-3xl-plush-and-gorgeous-morning-peacock-vintage-chen.jpg,,8,229085,candidate_only,Hosting copy is a high-quality JPEG. Original delivered PNG remains unchanged. Public URL not created in this environment.
fw88thset_batch_32,88,fw88thset_batch_32_3xl-plush-and-gorgeous-morning-peacock-vintage-chenille-bath_img09_2026-05-27_112937.png,fw88thset-batch-32_09_fw88thset-batch-32-3xl-plush-and-gorgeous-morning-peacock-vintage-chen.jpg,/Users/kyle/Downloads/etsy_cropped_all_batches/MASTER_CLIENT_READY_Etsy_Image_Rescue_2026-05-29/02_All_Listings_By_Set/fw88thset_batch_32/Cropped_Images/fw88thset_batch_32_3xl-plush-and-gorgeous-morning-peacock-vintage-chenille-bath_img09_2026-05-27_112937.png,images/fw88thset-batch-32_09_fw88thset-batch-32-3xl-plush-and-gorgeous-morning-peacock-vintage-chen.jpg,,9,182502,candidate_only,Hosting copy is a high-quality JPEG. Original delivered PNG remains unchanged. Public URL not created in this environment.
fw88thset_batch_32,88,fw88thset_batch_32_3xl-plush-and-gorgeous-morning-peacock-vintage-chenille-bath_img10_2026-05-27_112943.png,fw88thset-batch-32_10_fw88thset-batch-32-3xl-plush-and-gorgeous-morning-peacock-vintage-chen.jpg,/Users/kyle/Downloads/etsy_cropped_all_batches/MASTER_CLIENT_READY_Etsy_Image_Rescue_2026-05-29/02_All_Listings_By_Set/fw88thset_batch_32/Cropped_Images/fw88thset_batch_32_3xl-plush-and-gorgeous-morning-peacock-vintage-chenille-bath_img10_2026-05-27_112943.png,images/fw88thset-batch-32_10_fw88thset-batch-32-3xl-plush-and-gorgeous-morning-peacock-vintage-chen.jpg,,10,235392,candidate_only,Hosting copy is a high-quality JPEG. Original delivered PNG remains unchanged. Public URL not created in this environment.
fw89thset_batch_33,89,fw89thset_batch_33_small-plushly-tufted-and-heavy-lollipop-flower-garden-vintag_img01_2026-05-27_112746.png,fw89thset-batch-33_01_fw89thset-batch-33-small-plushly-tufted-and-heavy-lollipop-flower-gard.jpg,/Users/kyle/Downloads/etsy_cropped_all_batches/MASTER_CLIENT_READY_Etsy_Image_Rescue_2026-05-29/02_All_Listings_By_Set/fw89thset_batch_33/Cropped_Images/fw89thset_batch_33_small-plushly-tufted-and-heavy-lollipop-flower-garden-vintag_img01_2026-05-27_112746.png,images/fw89thset-batch-33_01_fw89thset-batch-33-small-plushly-tufted-and-heavy-lollipop-flower-gard.jpg,,1,262142,candidate_only,Hosting copy is a high-quality JPEG. Original delivered PNG remains unchanged. Public URL not created in this environment.
fw89thset_batch_33,89,fw89thset_batch_33_small-plushly-tufted-and-heavy-lollipop-flower-garden-vintag_img02_2026-05-27_112751.png,fw89thset-batch-33_02_fw89thset-batch-33-small-plushly-tufted-and-heavy-lollipop-flower-gard.jpg,/Users/kyle/Downloads/etsy_cropped_all_batches/MASTER_CLIENT_READY_Etsy_Image_Rescue_2026-05-29/02_All_Listings_By_Set/fw89thset_batch_33/Cropped_Images/fw89thset_batch_33_small-plushly-tufted-and-heavy-lollipop-flower-garden-vintag_img02_2026-05-27_112751.png,images/fw89thset-batch-33_02_fw89thset-batch-33-small-plushly-tufted-and-heavy-lollipop-flower-gard.jpg,,2,197867,candidate_only,Hosting copy is a high-quality JPEG. Original delivered PNG remains unchanged. Public URL not created in this environment.
fw89thset_batch_33,89,fw89thset_batch_33_small-plushly-tufted-and-heavy-lollipop-flower-garden-vintag_img03_2026-05-27_112756.png,fw89thset-batch-33_03_fw89thset-batch-33-small-plushly-tufted-and-heavy-lollipop-flower-gard.jpg,/Users/kyle/Downloads/etsy_cropped_all_batches/MASTER_CLIENT_READY_Etsy_Image_Rescue_2026-05-29/02_All_Listings_By_Set/fw89thset_batch_33/Cropped_Images/fw89thset_batch_33_small-plushly-tufted-and-heavy-lollipop-flower-garden-vintag_img03_2026-05-27_112756.png,images/fw89thset-batch-33_03_fw89thset-batch-33-small-plushly-tufted-and-heavy-lollipop-flower-gard.jpg,,3,164882,candidate_only,Hosting copy is a high-quality JPEG. Original delivered PNG remains unchanged. Public URL not created in this environment.
fw89thset_batch_33,89,fw89thset_batch_33_small-plushly-tufted-and-heavy-lollipop-flower-garden-vintag_img04_2026-05-27_112800.png,fw89thset-batch-33_04_fw89thset-batch-33-small-plushly-tufted-and-heavy-lollipop-flower-gard.jpg,/Users/kyle/Downloads/etsy_cropped_all_batches/MASTER_CLIENT_READY_Etsy_Image_Rescue_2026-05-29/02_All_Listings_By_Set/fw89thset_batch_33/Cropped_Images/fw89thset_batch_33_small-plushly-tufted-and-heavy-lollipop-flower-garden-vintag_img04_2026-05-27_112800.png,images/fw89thset-batch-33_04_fw89thset-batch-33-small-plushly-tufted-and-heavy-lollipop-flower-gard.jpg,,4,185102,candidate_only,Hosting copy is a high-quality JPEG. Original delivered PNG remains unchanged. Public URL not created in this environment.
fw89thset_batch_33,89,fw89thset_batch_33_small-plushly-tufted-and-heavy-lollipop-flower-garden-vintag_img05_2026-05-27_112805.png,fw89thset-batch-33_05_fw89thset-batch-33-small-plushly-tufted-and-heavy-lollipop-flower-gard.jpg,/Users/kyle/Downloads/etsy_cropped_all_batches/MASTER_CLIENT_READY_Etsy_Image_Rescue_2026-05-29/02_All_Listings_By_Set/fw89thset_batch_33/Cropped_Images/fw89thset_batch_33_small-plushly-tufted-and-heavy-lollipop-flower-garden-vintag_img05_2026-05-27_112805.png,images/fw89thset-batch-33_05_fw89thset-batch-33-small-plushly-tufted-and-heavy-lollipop-flower-gard.jpg,,5,155058,candidate_only,Hosting copy is a high-quality JPEG. Original delivered PNG remains unchanged. Public URL not created in this environment.
fw89thset_batch_33,89,fw89thset_batch_33_small-plushly-tufted-and-heavy-lollipop-flower-garden-vintag_img06_2026-05-27_112809.png,fw89thset-batch-33_06_fw89thset-batch-33-small-plushly-tufted-and-heavy-lollipop-flower-gard.jpg,/Users/kyle/Downloads/etsy_cropped_all_batches/MASTER_CLIENT_READY_Etsy_Image_Rescue_2026-05-29/02_All_Listings_By_Set/fw89thset_batch_33/Cropped_Images/fw89thset_batch_33_small-plushly-tufted-and-heavy-lollipop-flower-garden-vintag_img06_2026-05-27_112809.png,images/fw89thset-batch-33_06_fw89thset-batch-33-small-plushly-tufted-and-heavy-lollipop-flower-gard.jpg,,6,195677,candidate_only,Hosting copy is a high-quality JPEG. Original delivered PNG remains unchanged. Public URL not created in this environment.
fw89thset_batch_33,89,fw89thset_batch_33_small-plushly-tufted-and-heavy-lollipop-flower-garden-vintag_img07_2026-05-27_112813.png,fw89thset-batch-33_07_fw89thset-batch-33-small-plushly-tufted-and-heavy-lollipop-flower-gard.jpg,/Users/kyle/Downloads/etsy_cropped_all_batches/MASTER_CLIENT_READY_Etsy_Image_Rescue_2026-05-29/02_All_Listings_By_Set/fw89thset_batch_33/Cropped_Images/fw89thset_batch_33_small-plushly-tufted-and-heavy-lollipop-flower-garden-vintag_img07_2026-05-27_112813.png,images/fw89thset-batch-33_07_fw89thset-batch-33-small-plushly-tufted-and-heavy-lollipop-flower-gard.jpg,,7,204033,candidate_only,Hosting copy is a high-quality JPEG. Original delivered PNG remains unchanged. Public URL not created in this environment.
fw89thset_batch_33,89,fw89thset_batch_33_small-plushly-tufted-and-heavy-lollipop-flower-garden-vintag_img08_2026-05-27_112818.png,fw89thset-batch-33_08_fw89thset-batch-33-small-plushly-tufted-and-heavy-lollipop-flower-gard.jpg,/Users/kyle/Downloads/etsy_cropped_all_batches/MASTER_CLIENT_READY_Etsy_Image_Rescue_2026-05-29/02_All_Listings_By_Set/fw89thset_batch_33/Cropped_Images/fw89thset_batch_33_small-plushly-tufted-and-heavy-lollipop-flower-garden-vintag_img08_2026-05-27_112818.png,images/fw89thset-batch-33_08_fw89thset-batch-33-small-plushly-tufted-and-heavy-lollipop-flower-gard.jpg,,8,224322,candidate_only,Hosting copy is a high-quality JPEG. Original delivered PNG remains unchanged. Public URL not created in this environment.
fw89thset_batch_33,89,fw89thset_batch_33_small-plushly-tufted-and-heavy-lollipop-flower-garden-vintag_img09_2026-05-27_112822.png,fw89thset-batch-33_09_fw89thset-batch-33-small-plushly-tufted-and-heavy-lollipop-flower-gard.jpg,/Users/kyle/Downloads/etsy_cropped_all_batches/MASTER_CLIENT_READY_Etsy_Image_Rescue_2026-05-29/02_All_Listings_By_Set/fw89thset_batch_33/Cropped_Images/fw89thset_batch_33_small-plushly-tufted-and-heavy-lollipop-flower-garden-vintag_img09_2026-05-27_112822.png,images/fw89thset-batch-33_09_fw89thset-batch-33-small-plushly-tufted-and-heavy-lollipop-flower-gard.jpg,,9,193054,candidate_only,Hosting copy is a high-quality JPEG. Original delivered PNG remains unchanged. Public URL not created in this environment.
fw90thset_batch_34,90,fw90thset_batch_34_large-super-soft-canary-yellow-vintage-chenille-bathrobe-upc_img01_2026-05-27_145333.png,fw90thset-batch-34_01_fw90thset-batch-34-large-super-soft-canary-yellow-vintage-chenille-bat.jpg,/Users/kyle/Downloads/etsy_cropped_all_batches/MASTER_CLIENT_READY_Etsy_Image_Rescue_2026-05-29/02_All_Listings_By_Set/fw90thset_batch_34/Cropped_Images/fw90thset_batch_34_large-super-soft-canary-yellow-vintage-chenille-bathrobe-upc_img01_2026-05-27_145333.png,images/fw90thset-batch-34_01_fw90thset-batch-34-large-super-soft-canary-yellow-vintage-chenille-bat.jpg,,1,241849,candidate_only,Hosting copy is a high-quality JPEG. Original delivered PNG remains unchanged. Public URL not created in this environment.
fw90thset_batch_34,90,fw90thset_batch_34_large-super-soft-canary-yellow-vintage-chenille-bathrobe-upc_img02_2026-05-27_145339.png,fw90thset-batch-34_02_fw90thset-batch-34-large-super-soft-canary-yellow-vintage-chenille-bat.jpg,/Users/kyle/Downloads/etsy_cropped_all_batches/MASTER_CLIENT_READY_Etsy_Image_Rescue_2026-05-29/02_All_Listings_By_Set/fw90thset_batch_34/Cropped_Images/fw90thset_batch_34_large-super-soft-canary-yellow-vintage-chenille-bathrobe-upc_img02_2026-05-27_145339.png,images/fw90thset-batch-34_02_fw90thset-batch-34-large-super-soft-canary-yellow-vintage-chenille-bat.jpg,,2,231869,candidate_only,Hosting copy is a high-quality JPEG. Original delivered PNG remains unchanged. Public URL not created in this environment.
fw90thset_batch_34,90,fw90thset_batch_34_large-super-soft-canary-yellow-vintage-chenille-bathrobe-upc_img03_2026-05-27_145344.png,fw90thset-batch-34_03_fw90thset-batch-34-large-super-soft-canary-yellow-vintage-chenille-bat.jpg,/Users/kyle/Downloads/etsy_cropped_all_batches/MASTER_CLIENT_READY_Etsy_Image_Rescue_2026-05-29/02_All_Listings_By_Set/fw90thset_batch_34/Cropped_Images/fw90thset_batch_34_large-super-soft-canary-yellow-vintage-chenille-bathrobe-upc_img03_2026-05-27_145344.png,images/fw90thset-batch-34_03_fw90thset-batch-34-large-super-soft-canary-yellow-vintage-chenille-bat.jpg,,3,193065,candidate_only,Hosting copy is a high-quality JPEG. Original delivered PNG remains unchanged. Public URL not created in this environment.
fw90thset_batch_34,90,fw90thset_batch_34_large-super-soft-canary-yellow-vintage-chenille-bathrobe-upc_img04_2026-05-27_145349.png,fw90thset-batch-34_04_fw90thset-batch-34-large-super-soft-canary-yellow-vintage-chenille-bat.jpg,/Users/kyle/Downloads/etsy_cropped_all_batches/MASTER_CLIENT_READY_Etsy_Image_Rescue_2026-05-29/02_All_Listings_By_Set/fw90thset_batch_34/Cropped_Images/fw90thset_batch_34_large-super-soft-canary-yellow-vintage-chenille-bathrobe-upc_img04_2026-05-27_145349.png,images/fw90thset-batch-34_04_fw90thset-batch-34-large-super-soft-canary-yellow-vintage-chenille-bat.jpg,,4,224748,candidate_only,Hosting copy is a high-quality JPEG. Original delivered PNG remains unchanged. Public URL not created in this environment.
fw90thset_batch_34,90,fw90thset_batch_34_large-super-soft-canary-yellow-vintage-chenille-bathrobe-upc_img05_2026-05-27_145353.png,fw90thset-batch-34_05_fw90thset-batch-34-large-super-soft-canary-yellow-vintage-chenille-bat.jpg,/Users/kyle/Downloads/etsy_cropped_all_batches/MASTER_CLIENT_READY_Etsy_Image_Rescue_2026-05-29/02_All_Listings_By_Set/fw90thset_batch_34/Cropped_Images/fw90thset_batch_34_large-super-soft-canary-yellow-vintage-chenille-bathrobe-upc_img05_2026-05-27_145353.png,images/fw90thset-batch-34_05_fw90thset-batch-34-large-super-soft-canary-yellow-vintage-chenille-bat.jpg,,5,174018,candidate_only,Hosting copy is a high-quality JPEG. Original delivered PNG remains unchanged. Public URL not created in this environment.
fw90thset_batch_34,90,fw90thset_batch_34_large-super-soft-canary-yellow-vintage-chenille-bathrobe-upc_img06_2026-05-27_145358.png,fw90thset-batch-34_06_fw90thset-batch-34-large-super-soft-canary-yellow-vintage-chenille-bat.jpg,/Users/kyle/Downloads/etsy_cropped_all_batches/MASTER_CLIENT_READY_Etsy_Image_Rescue_2026-05-29/02_All_Listings_By_Set/fw90thset_batch_34/Cropped_Images/fw90thset_batch_34_large-super-soft-canary-yellow-vintage-chenille-bathrobe-upc_img06_2026-05-27_145358.png,images/fw90thset-batch-34_06_fw90thset-batch-34-large-super-soft-canary-yellow-vintage-chenille-bat.jpg,,6,215546,candidate_only,Hosting copy is a high-quality JPEG. Original delivered PNG remains unchanged. Public URL not created in this environment.
fw90thset_batch_34,90,fw90thset_batch_34_large-super-soft-canary-yellow-vintage-chenille-bathrobe-upc_img07_2026-05-27_145403.png,fw90thset-batch-34_07_fw90thset-batch-34-large-super-soft-canary-yellow-vintage-chenille-bat.jpg,/Users/kyle/Downloads/etsy_cropped_all_batches/MASTER_CLIENT_READY_Etsy_Image_Rescue_2026-05-29/02_All_Listings_By_Set/fw90thset_batch_34/Cropped_Images/fw90thset_batch_34_large-super-soft-canary-yellow-vintage-chenille-bathrobe-upc_img07_2026-05-27_145403.png,images/fw90thset-batch-34_07_fw90thset-batch-34-large-super-soft-canary-yellow-vintage-chenille-bat.jpg,,7,163140,candidate_only,Hosting copy is a high-quality JPEG. Original delivered PNG remains unchanged. Public URL not created in this environment.
fw90thset_batch_34,90,fw90thset_batch_34_large-super-soft-canary-yellow-vintage-chenille-bathrobe-upc_img08_2026-05-27_145407.png,fw90thset-batch-34_08_fw90thset-batch-34-large-super-soft-canary-yellow-vintage-chenille-bat.jpg,/Users/kyle/Downloads/etsy_cropped_all_batches/MASTER_CLIENT_READY_Etsy_Image_Rescue_2026-05-29/02_All_Listings_By_Set/fw90thset_batch_34/Cropped_Images/fw90thset_batch_34_large-super-soft-canary-yellow-vintage-chenille-bathrobe-upc_img08_2026-05-27_145407.png,images/fw90thset-batch-34_08_fw90thset-batch-34-large-super-soft-canary-yellow-vintage-chenille-bat.jpg,,8,225619,candidate_only,Hosting copy is a high-quality JPEG. Original delivered PNG remains unchanged. Public URL not created in this environment.
fw92ndset_batch_35,92,fw92ndset_batch_35_small-and-plush-colorful-nanny-vintage-chenille-bathrobe-upc_img01_2026-05-27_145052.png,fw92ndset-batch-35_01_fw92ndset-batch-35-small-and-plush-colorful-nanny-vintage-chenille-bat.jpg,/Users/kyle/Downloads/etsy_cropped_all_batches/MASTER_CLIENT_READY_Etsy_Image_Rescue_2026-05-29/02_All_Listings_By_Set/fw92ndset_batch_35/Cropped_Images/fw92ndset_batch_35_small-and-plush-colorful-nanny-vintage-chenille-bathrobe-upc_img01_2026-05-27_145052.png,images/fw92ndset-batch-35_01_fw92ndset-batch-35-small-and-plush-colorful-nanny-vintage-chenille-bat.jpg,,1,250518,candidate_only,Hosting copy is a high-quality JPEG. Original delivered PNG remains unchanged. Public URL not created in this environment.
fw92ndset_batch_35,92,fw92ndset_batch_35_small-and-plush-colorful-nanny-vintage-chenille-bathrobe-upc_img02_2026-05-27_145057.png,fw92ndset-batch-35_02_fw92ndset-batch-35-small-and-plush-colorful-nanny-vintage-chenille-bat.jpg,/Users/kyle/Downloads/etsy_cropped_all_batches/MASTER_CLIENT_READY_Etsy_Image_Rescue_2026-05-29/02_All_Listings_By_Set/fw92ndset_batch_35/Cropped_Images/fw92ndset_batch_35_small-and-plush-colorful-nanny-vintage-chenille-bathrobe-upc_img02_2026-05-27_145057.png,images/fw92ndset-batch-35_02_fw92ndset-batch-35-small-and-plush-colorful-nanny-vintage-chenille-bat.jpg,,2,226370,candidate_only,Hosting copy is a high-quality JPEG. Original delivered PNG remains unchanged. Public URL not created in this environment.
fw92ndset_batch_35,92,fw92ndset_batch_35_small-and-plush-colorful-nanny-vintage-chenille-bathrobe-upc_img03_2026-05-27_145101.png,fw92ndset-batch-35_03_fw92ndset-batch-35-small-and-plush-colorful-nanny-vintage-chenille-bat.jpg,/Users/kyle/Downloads/etsy_cropped_all_batches/MASTER_CLIENT_READY_Etsy_Image_Rescue_2026-05-29/02_All_Listings_By_Set/fw92ndset_batch_35/Cropped_Images/fw92ndset_batch_35_small-and-plush-colorful-nanny-vintage-chenille-bathrobe-upc_img03_2026-05-27_145101.png,images/fw92ndset-batch-35_03_fw92ndset-batch-35-small-and-plush-colorful-nanny-vintage-chenille-bat.jpg,,3,166010,candidate_only,Hosting copy is a high-quality JPEG. Original delivered PNG remains unchanged. Public URL not created in this environment.
fw92ndset_batch_35,92,fw92ndset_batch_35_small-and-plush-colorful-nanny-vintage-chenille-bathrobe-upc_img04_2026-05-27_145109.png,fw92ndset-batch-35_04_fw92ndset-batch-35-small-and-plush-colorful-nanny-vintage-chenille-bat.jpg,/Users/kyle/Downloads/etsy_cropped_all_batches/MASTER_CLIENT_READY_Etsy_Image_Rescue_2026-05-29/02_All_Listings_By_Set/fw92ndset_batch_35/Cropped_Images/fw92ndset_batch_35_small-and-plush-colorful-nanny-vintage-chenille-bathrobe-upc_img04_2026-05-27_145109.png,images/fw92ndset-batch-35_04_fw92ndset-batch-35-small-and-plush-colorful-nanny-vintage-chenille-bat.jpg,,4,166010,candidate_only,Hosting copy is a high-quality JPEG. Original delivered PNG remains unchanged. Public URL not created in this environment.
fw92ndset_batch_35,92,fw92ndset_batch_35_small-and-plush-colorful-nanny-vintage-chenille-bathrobe-upc_img05_2026-05-27_145114.png,fw92ndset-batch-35_05_fw92ndset-batch-35-small-and-plush-colorful-nanny-vintage-chenille-bat.jpg,/Users/kyle/Downloads/etsy_cropped_all_batches/MASTER_CLIENT_READY_Etsy_Image_Rescue_2026-05-29/02_All_Listings_By_Set/fw92ndset_batch_35/Cropped_Images/fw92ndset_batch_35_small-and-plush-colorful-nanny-vintage-chenille-bathrobe-upc_img05_2026-05-27_145114.png,images/fw92ndset-batch-35_05_fw92ndset-batch-35-small-and-plush-colorful-nanny-vintage-chenille-bat.jpg,,5,205869,candidate_only,Hosting copy is a high-quality JPEG. Original delivered PNG remains unchanged. Public URL not created in this environment.
fw92ndset_batch_35,92,fw92ndset_batch_35_small-and-plush-colorful-nanny-vintage-chenille-bathrobe-upc_img06_2026-05-27_145118.png,fw92ndset-batch-35_06_fw92ndset-batch-35-small-and-plush-colorful-nanny-vintage-chenille-bat.jpg,/Users/kyle/Downloads/etsy_cropped_all_batches/MASTER_CLIENT_READY_Etsy_Image_Rescue_2026-05-29/02_All_Listings_By_Set/fw92ndset_batch_35/Cropped_Images/fw92ndset_batch_35_small-and-plush-colorful-nanny-vintage-chenille-bathrobe-upc_img06_2026-05-27_145118.png,images/fw92ndset-batch-35_06_fw92ndset-batch-35-small-and-plush-colorful-nanny-vintage-chenille-bat.jpg,,6,228178,candidate_only,Hosting copy is a high-quality JPEG. Original delivered PNG remains unchanged. Public URL not created in this environment.
fw92ndset_batch_35,92,fw92ndset_batch_35_small-and-plush-colorful-nanny-vintage-chenille-bathrobe-upc_img07_2026-05-27_145122.png,fw92ndset-batch-35_07_fw92ndset-batch-35-small-and-plush-colorful-nanny-vintage-chenille-bat.jpg,/Users/kyle/Downloads/etsy_cropped_all_batches/MASTER_CLIENT_READY_Etsy_Image_Rescue_2026-05-29/02_All_Listings_By_Set/fw92ndset_batch_35/Cropped_Images/fw92ndset_batch_35_small-and-plush-colorful-nanny-vintage-chenille-bathrobe-upc_img07_2026-05-27_145122.png,images/fw92ndset-batch-35_07_fw92ndset-batch-35-small-and-plush-colorful-nanny-vintage-chenille-bat.jpg,,7,164410,candidate_only,Hosting copy is a high-quality JPEG. Original delivered PNG remains unchanged. Public URL not created in this environment.
fw92ndset_batch_35,92,fw92ndset_batch_35_small-and-plush-colorful-nanny-vintage-chenille-bathrobe-upc_img08_2026-05-27_145127.png,fw92ndset-batch-35_08_fw92ndset-batch-35-small-and-plush-colorful-nanny-vintage-chenille-bat.jpg,/Users/kyle/Downloads/etsy_cropped_all_batches/MASTER_CLIENT_READY_Etsy_Image_Rescue_2026-05-29/02_All_Listings_By_Set/fw92ndset_batch_35/Cropped_Images/fw92ndset_batch_35_small-and-plush-colorful-nanny-vintage-chenille-bathrobe-upc_img08_2026-05-27_145127.png,images/fw92ndset-batch-35_08_fw92ndset-batch-35-small-and-plush-colorful-nanny-vintage-chenille-bat.jpg,,8,217438,candidate_only,Hosting copy is a high-quality JPEG. Original delivered PNG remains unchanged. Public URL not created in this environment.
fw92ndset_batch_35,92,fw92ndset_batch_35_small-and-plush-colorful-nanny-vintage-chenille-bathrobe-upc_img09_2026-05-27_145131.png,fw92ndset-batch-35_09_fw92ndset-batch-35-small-and-plush-colorful-nanny-vintage-chenille-bat.jpg,/Users/kyle/Downloads/etsy_cropped_all_batches/MASTER_CLIENT_READY_Etsy_Image_Rescue_2026-05-29/02_All_Listings_By_Set/fw92ndset_batch_35/Cropped_Images/fw92ndset_batch_35_small-and-plush-colorful-nanny-vintage-chenille-bathrobe-upc_img09_2026-05-27_145131.png,images/fw92ndset-batch-35_09_fw92ndset-batch-35-small-and-plush-colorful-nanny-vintage-chenille-bat.jpg,,9,169232,candidate_only,Hosting copy is a high-quality JPEG. Original delivered PNG remains unchanged. Public URL not created in this environment.
fw94thset_batch_36,94,fw94thset_batch_36_large-heavy-and-plush-peacock-under-arbor-at-midnight-vintag_img01_2026-05-27_153315.png,fw94thset-batch-36_01_fw94thset-batch-36-large-heavy-and-plush-peacock-under-arbor-at-midnig.jpg,/Users/kyle/Downloads/etsy_cropped_all_batches/MASTER_CLIENT_READY_Etsy_Image_Rescue_2026-05-29/02_All_Listings_By_Set/fw94thset_batch_36/Cropped_Images/fw94thset_batch_36_large-heavy-and-plush-peacock-under-arbor-at-midnight-vintag_img01_2026-05-27_153315.png,images/fw94thset-batch-36_01_fw94thset-batch-36-large-heavy-and-plush-peacock-under-arbor-at-midnig.jpg,,1,336133,candidate_only,Hosting copy is a high-quality JPEG. Original delivered PNG remains unchanged. Public URL not created in this environment.
fw94thset_batch_36,94,fw94thset_batch_36_large-heavy-and-plush-peacock-under-arbor-at-midnight-vintag_img02_2026-05-27_153321.png,fw94thset-batch-36_02_fw94thset-batch-36-large-heavy-and-plush-peacock-under-arbor-at-midnig.jpg,/Users/kyle/Downloads/etsy_cropped_all_batches/MASTER_CLIENT_READY_Etsy_Image_Rescue_2026-05-29/02_All_Listings_By_Set/fw94thset_batch_36/Cropped_Images/fw94thset_batch_36_large-heavy-and-plush-peacock-under-arbor-at-midnight-vintag_img02_2026-05-27_153321.png,images/fw94thset-batch-36_02_fw94thset-batch-36-large-heavy-and-plush-peacock-under-arbor-at-midnig.jpg,,2,230800,candidate_only,Hosting copy is a high-quality JPEG. Original delivered PNG remains unchanged. Public URL not created in this environment.
fw94thset_batch_36,94,fw94thset_batch_36_large-heavy-and-plush-peacock-under-arbor-at-midnight-vintag_img03_2026-05-27_153326.png,fw94thset-batch-36_03_fw94thset-batch-36-large-heavy-and-plush-peacock-under-arbor-at-midnig.jpg,/Users/kyle/Downloads/etsy_cropped_all_batches/MASTER_CLIENT_READY_Etsy_Image_Rescue_2026-05-29/02_All_Listings_By_Set/fw94thset_batch_36/Cropped_Images/fw94thset_batch_36_large-heavy-and-plush-peacock-under-arbor-at-midnight-vintag_img03_2026-05-27_153326.png,images/fw94thset-batch-36_03_fw94thset-batch-36-large-heavy-and-plush-peacock-under-arbor-at-midnig.jpg,,3,241368,candidate_only,Hosting copy is a high-quality JPEG. Original delivered PNG remains unchanged. Public URL not created in this environment.
fw94thset_batch_36,94,fw94thset_batch_36_large-heavy-and-plush-peacock-under-arbor-at-midnight-vintag_img04_2026-05-27_153331.png,fw94thset-batch-36_04_fw94thset-batch-36-large-heavy-and-plush-peacock-under-arbor-at-midnig.jpg,/Users/kyle/Downloads/etsy_cropped_all_batches/MASTER_CLIENT_READY_Etsy_Image_Rescue_2026-05-29/02_All_Listings_By_Set/fw94thset_batch_36/Cropped_Images/fw94thset_batch_36_large-heavy-and-plush-peacock-under-arbor-at-midnight-vintag_img04_2026-05-27_153331.png,images/fw94thset-batch-36_04_fw94thset-batch-36-large-heavy-and-plush-peacock-under-arbor-at-midnig.jpg,,4,218045,candidate_only,Hosting copy is a high-quality JPEG. Original delivered PNG remains unchanged. Public URL not created in this environment.
fw94thset_batch_36,94,fw94thset_batch_36_large-heavy-and-plush-peacock-under-arbor-at-midnight-vintag_img05_2026-05-27_153345.png,fw94thset-batch-36_05_fw94thset-batch-36-large-heavy-and-plush-peacock-under-arbor-at-midnig.jpg,/Users/kyle/Downloads/etsy_cropped_all_batches/MASTER_CLIENT_READY_Etsy_Image_Rescue_2026-05-29/02_All_Listings_By_Set/fw94thset_batch_36/Cropped_Images/fw94thset_batch_36_large-heavy-and-plush-peacock-under-arbor-at-midnight-vintag_img05_2026-05-27_153345.png,images/fw94thset-batch-36_05_fw94thset-batch-36-large-heavy-and-plush-peacock-under-arbor-at-midnig.jpg,,5,228048,candidate_only,Hosting copy is a high-quality JPEG. Original delivered PNG remains unchanged. Public URL not created in this environment.
fw94thset_batch_36,94,fw94thset_batch_36_large-heavy-and-plush-peacock-under-arbor-at-midnight-vintag_img06_2026-05-27_153352.png,fw94thset-batch-36_06_fw94thset-batch-36-large-heavy-and-plush-peacock-under-arbor-at-midnig.jpg,/Users/kyle/Downloads/etsy_cropped_all_batches/MASTER_CLIENT_READY_Etsy_Image_Rescue_2026-05-29/02_All_Listings_By_Set/fw94thset_batch_36/Cropped_Images/fw94thset_batch_36_large-heavy-and-plush-peacock-under-arbor-at-midnight-vintag_img06_2026-05-27_153352.png,images/fw94thset-batch-36_06_fw94thset-batch-36-large-heavy-and-plush-peacock-under-arbor-at-midnig.jpg,,6,280750,candidate_only,Hosting copy is a high-quality JPEG. Original delivered PNG remains unchanged. Public URL not created in this environment.
fw94thset_batch_36,94,fw94thset_batch_36_large-heavy-and-plush-peacock-under-arbor-at-midnight-vintag_img07_2026-05-27_153357.png,fw94thset-batch-36_07_fw94thset-batch-36-large-heavy-and-plush-peacock-under-arbor-at-midnig.jpg,/Users/kyle/Downloads/etsy_cropped_all_batches/MASTER_CLIENT_READY_Etsy_Image_Rescue_2026-05-29/02_All_Listings_By_Set/fw94thset_batch_36/Cropped_Images/fw94thset_batch_36_large-heavy-and-plush-peacock-under-arbor-at-midnight-vintag_img07_2026-05-27_153357.png,images/fw94thset-batch-36_07_fw94thset-batch-36-large-heavy-and-plush-peacock-under-arbor-at-midnig.jpg,,7,263904,candidate_only,Hosting copy is a high-quality JPEG. Original delivered PNG remains unchanged. Public URL not created in this environment.
fw94thset_batch_36,94,fw94thset_batch_36_large-heavy-and-plush-peacock-under-arbor-at-midnight-vintag_img08_2026-05-27_153402.png,fw94thset-batch-36_08_fw94thset-batch-36-large-heavy-and-plush-peacock-under-arbor-at-midnig.jpg,/Users/kyle/Downloads/etsy_cropped_all_batches/MASTER_CLIENT_READY_Etsy_Image_Rescue_2026-05-29/02_All_Listings_By_Set/fw94thset_batch_36/Cropped_Images/fw94thset_batch_36_large-heavy-and-plush-peacock-under-arbor-at-midnight-vintag_img08_2026-05-27_153402.png,images/fw94thset-batch-36_08_fw94thset-batch-36-large-heavy-and-plush-peacock-under-arbor-at-midnig.jpg,,8,254160,candidate_only,Hosting copy is a high-quality JPEG. Original delivered PNG remains unchanged. Public URL not created in this environment.
fw94thset_batch_36,94,fw94thset_batch_36_large-heavy-and-plush-peacock-under-arbor-at-midnight-vintag_img09_2026-05-27_153407.png,fw94thset-batch-36_09_fw94thset-batch-36-large-heavy-and-plush-peacock-under-arbor-at-midnig.jpg,/Users/kyle/Downloads/etsy_cropped_all_batches/MASTER_CLIENT_READY_Etsy_Image_Rescue_2026-05-29/02_All_Listings_By_Set/fw94thset_batch_36/Cropped_Images/fw94thset_batch_36_large-heavy-and-plush-peacock-under-arbor-at-midnight-vintag_img09_2026-05-27_153407.png,images/fw94thset-batch-36_09_fw94thset-batch-36-large-heavy-and-plush-peacock-under-arbor-at-midnig.jpg,,9,208839,candidate_only,Hosting copy is a high-quality JPEG. Original delivered PNG remains unchanged. Public URL not created in this environment.
fw95thset_batch_37,95,fw95thset_batch_37_medium-soft-peacock-in-cathedral-window-vintage-chenille-bat_img01_2026-05-27_154726.png,fw95thset-batch-37_01_fw95thset-batch-37-medium-soft-peacock-in-cathedral-window-vintage-che.jpg,/Users/kyle/Downloads/etsy_cropped_all_batches/MASTER_CLIENT_READY_Etsy_Image_Rescue_2026-05-29/02_All_Listings_By_Set/fw95thset_batch_37/Cropped_Images/fw95thset_batch_37_medium-soft-peacock-in-cathedral-window-vintage-chenille-bat_img01_2026-05-27_154726.png,images/fw95thset-batch-37_01_fw95thset-batch-37-medium-soft-peacock-in-cathedral-window-vintage-che.jpg,,1,266726,candidate_only,Hosting copy is a high-quality JPEG. Original delivered PNG remains unchanged. Public URL not created in this environment.
fw95thset_batch_37,95,fw95thset_batch_37_medium-soft-peacock-in-cathedral-window-vintage-chenille-bat_img02_2026-05-27_154731.png,fw95thset-batch-37_02_fw95thset-batch-37-medium-soft-peacock-in-cathedral-window-vintage-che.jpg,/Users/kyle/Downloads/etsy_cropped_all_batches/MASTER_CLIENT_READY_Etsy_Image_Rescue_2026-05-29/02_All_Listings_By_Set/fw95thset_batch_37/Cropped_Images/fw95thset_batch_37_medium-soft-peacock-in-cathedral-window-vintage-chenille-bat_img02_2026-05-27_154731.png,images/fw95thset-batch-37_02_fw95thset-batch-37-medium-soft-peacock-in-cathedral-window-vintage-che.jpg,,2,212021,candidate_only,Hosting copy is a high-quality JPEG. Original delivered PNG remains unchanged. Public URL not created in this environment.
fw95thset_batch_37,95,fw95thset_batch_37_medium-soft-peacock-in-cathedral-window-vintage-chenille-bat_img03_2026-05-27_154735.png,fw95thset-batch-37_03_fw95thset-batch-37-medium-soft-peacock-in-cathedral-window-vintage-che.jpg,/Users/kyle/Downloads/etsy_cropped_all_batches/MASTER_CLIENT_READY_Etsy_Image_Rescue_2026-05-29/02_All_Listings_By_Set/fw95thset_batch_37/Cropped_Images/fw95thset_batch_37_medium-soft-peacock-in-cathedral-window-vintage-chenille-bat_img03_2026-05-27_154735.png,images/fw95thset-batch-37_03_fw95thset-batch-37-medium-soft-peacock-in-cathedral-window-vintage-che.jpg,,3,199101,candidate_only,Hosting copy is a high-quality JPEG. Original delivered PNG remains unchanged. Public URL not created in this environment.
fw95thset_batch_37,95,fw95thset_batch_37_medium-soft-peacock-in-cathedral-window-vintage-chenille-bat_img04_2026-05-27_154741.png,fw95thset-batch-37_04_fw95thset-batch-37-medium-soft-peacock-in-cathedral-window-vintage-che.jpg,/Users/kyle/Downloads/etsy_cropped_all_batches/MASTER_CLIENT_READY_Etsy_Image_Rescue_2026-05-29/02_All_Listings_By_Set/fw95thset_batch_37/Cropped_Images/fw95thset_batch_37_medium-soft-peacock-in-cathedral-window-vintage-chenille-bat_img04_2026-05-27_154741.png,images/fw95thset-batch-37_04_fw95thset-batch-37-medium-soft-peacock-in-cathedral-window-vintage-che.jpg,,4,218537,candidate_only,Hosting copy is a high-quality JPEG. Original delivered PNG remains unchanged. Public URL not created in this environment.
fw95thset_batch_37,95,fw95thset_batch_37_medium-soft-peacock-in-cathedral-window-vintage-chenille-bat_img05_2026-05-27_154745.png,fw95thset-batch-37_05_fw95thset-batch-37-medium-soft-peacock-in-cathedral-window-vintage-che.jpg,/Users/kyle/Downloads/etsy_cropped_all_batches/MASTER_CLIENT_READY_Etsy_Image_Rescue_2026-05-29/02_All_Listings_By_Set/fw95thset_batch_37/Cropped_Images/fw95thset_batch_37_medium-soft-peacock-in-cathedral-window-vintage-chenille-bat_img05_2026-05-27_154745.png,images/fw95thset-batch-37_05_fw95thset-batch-37-medium-soft-peacock-in-cathedral-window-vintage-che.jpg,,5,200423,candidate_only,Hosting copy is a high-quality JPEG. Original delivered PNG remains unchanged. Public URL not created in this environment.
fw95thset_batch_37,95,fw95thset_batch_37_medium-soft-peacock-in-cathedral-window-vintage-chenille-bat_img06_2026-05-27_154749.png,fw95thset-batch-37_06_fw95thset-batch-37-medium-soft-peacock-in-cathedral-window-vintage-che.jpg,/Users/kyle/Downloads/etsy_cropped_all_batches/MASTER_CLIENT_READY_Etsy_Image_Rescue_2026-05-29/02_All_Listings_By_Set/fw95thset_batch_37/Cropped_Images/fw95thset_batch_37_medium-soft-peacock-in-cathedral-window-vintage-chenille-bat_img06_2026-05-27_154749.png,images/fw95thset-batch-37_06_fw95thset-batch-37-medium-soft-peacock-in-cathedral-window-vintage-che.jpg,,6,219524,candidate_only,Hosting copy is a high-quality JPEG. Original delivered PNG remains unchanged. Public URL not created in this environment.
fw95thset_batch_37,95,fw95thset_batch_37_medium-soft-peacock-in-cathedral-window-vintage-chenille-bat_img07_2026-05-27_154754.png,fw95thset-batch-37_07_fw95thset-batch-37-medium-soft-peacock-in-cathedral-window-vintage-che.jpg,/Users/kyle/Downloads/etsy_cropped_all_batches/MASTER_CLIENT_READY_Etsy_Image_Rescue_2026-05-29/02_All_Listings_By_Set/fw95thset_batch_37/Cropped_Images/fw95thset_batch_37_medium-soft-peacock-in-cathedral-window-vintage-chenille-bat_img07_2026-05-27_154754.png,images/fw95thset-batch-37_07_fw95thset-batch-37-medium-soft-peacock-in-cathedral-window-vintage-che.jpg,,7,218972,candidate_only,Hosting copy is a high-quality JPEG. Original delivered PNG remains unchanged. Public URL not created in this environment.
fw95thset_batch_37,95,fw95thset_batch_37_medium-soft-peacock-in-cathedral-window-vintage-chenille-bat_img08_2026-05-27_154758.png,fw95thset-batch-37_08_fw95thset-batch-37-medium-soft-peacock-in-cathedral-window-vintage-che.jpg,/Users/kyle/Downloads/etsy_cropped_all_batches/MASTER_CLIENT_READY_Etsy_Image_Rescue_2026-05-29/02_All_Listings_By_Set/fw95thset_batch_37/Cropped_Images/fw95thset_batch_37_medium-soft-peacock-in-cathedral-window-vintage-chenille-bat_img08_2026-05-27_154758.png,images/fw95thset-batch-37_08_fw95thset-batch-37-medium-soft-peacock-in-cathedral-window-vintage-che.jpg,,8,230687,candidate_only,Hosting copy is a high-quality JPEG. Original delivered PNG remains unchanged. Public URL not created in this environment.
fw96thset_batch_38,96,fw96thset_batch_38_medium-heavy-and-plush-pretty-purple-peacock-chenille-bathro_img01_2026-05-27_154610.png,fw96thset-batch-38_01_fw96thset-batch-38-medium-heavy-and-plush-pretty-purple-peacock-chenil.jpg,/Users/kyle/Downloads/etsy_cropped_all_batches/MASTER_CLIENT_READY_Etsy_Image_Rescue_2026-05-29/02_All_Listings_By_Set/fw96thset_batch_38/Cropped_Images/fw96thset_batch_38_medium-heavy-and-plush-pretty-purple-peacock-chenille-bathro_img01_2026-05-27_154610.png,images/fw96thset-batch-38_01_fw96thset-batch-38-medium-heavy-and-plush-pretty-purple-peacock-chenil.jpg,,1,292674,candidate_only,Hosting copy is a high-quality JPEG. Original delivered PNG remains unchanged. Public URL not created in this environment.
fw96thset_batch_38,96,fw96thset_batch_38_medium-heavy-and-plush-pretty-purple-peacock-chenille-bathro_img02_2026-05-27_154615.png,fw96thset-batch-38_02_fw96thset-batch-38-medium-heavy-and-plush-pretty-purple-peacock-chenil.jpg,/Users/kyle/Downloads/etsy_cropped_all_batches/MASTER_CLIENT_READY_Etsy_Image_Rescue_2026-05-29/02_All_Listings_By_Set/fw96thset_batch_38/Cropped_Images/fw96thset_batch_38_medium-heavy-and-plush-pretty-purple-peacock-chenille-bathro_img02_2026-05-27_154615.png,images/fw96thset-batch-38_02_fw96thset-batch-38-medium-heavy-and-plush-pretty-purple-peacock-chenil.jpg,,2,191465,candidate_only,Hosting copy is a high-quality JPEG. Original delivered PNG remains unchanged. Public URL not created in this environment.
fw96thset_batch_38,96,fw96thset_batch_38_medium-heavy-and-plush-pretty-purple-peacock-chenille-bathro_img03_2026-05-27_154619.png,fw96thset-batch-38_03_fw96thset-batch-38-medium-heavy-and-plush-pretty-purple-peacock-chenil.jpg,/Users/kyle/Downloads/etsy_cropped_all_batches/MASTER_CLIENT_READY_Etsy_Image_Rescue_2026-05-29/02_All_Listings_By_Set/fw96thset_batch_38/Cropped_Images/fw96thset_batch_38_medium-heavy-and-plush-pretty-purple-peacock-chenille-bathro_img03_2026-05-27_154619.png,images/fw96thset-batch-38_03_fw96thset-batch-38-medium-heavy-and-plush-pretty-purple-peacock-chenil.jpg,,3,189766,candidate_only,Hosting copy is a high-quality JPEG. Original delivered PNG remains unchanged. Public URL not created in this environment.
fw96thset_batch_38,96,fw96thset_batch_38_medium-heavy-and-plush-pretty-purple-peacock-chenille-bathro_img04_2026-05-27_154624.png,fw96thset-batch-38_04_fw96thset-batch-38-medium-heavy-and-plush-pretty-purple-peacock-chenil.jpg,/Users/kyle/Downloads/etsy_cropped_all_batches/MASTER_CLIENT_READY_Etsy_Image_Rescue_2026-05-29/02_All_Listings_By_Set/fw96thset_batch_38/Cropped_Images/fw96thset_batch_38_medium-heavy-and-plush-pretty-purple-peacock-chenille-bathro_img04_2026-05-27_154624.png,images/fw96thset-batch-38_04_fw96thset-batch-38-medium-heavy-and-plush-pretty-purple-peacock-chenil.jpg,,4,197730,candidate_only,Hosting copy is a high-quality JPEG. Original delivered PNG remains unchanged. Public URL not created in this environment.
fw96thset_batch_38,96,fw96thset_batch_38_medium-heavy-and-plush-pretty-purple-peacock-chenille-bathro_img05_2026-05-27_154628.png,fw96thset-batch-38_05_fw96thset-batch-38-medium-heavy-and-plush-pretty-purple-peacock-chenil.jpg,/Users/kyle/Downloads/etsy_cropped_all_batches/MASTER_CLIENT_READY_Etsy_Image_Rescue_2026-05-29/02_All_Listings_By_Set/fw96thset_batch_38/Cropped_Images/fw96thset_batch_38_medium-heavy-and-plush-pretty-purple-peacock-chenille-bathro_img05_2026-05-27_154628.png,images/fw96thset-batch-38_05_fw96thset-batch-38-medium-heavy-and-plush-pretty-purple-peacock-chenil.jpg,,5,173497,candidate_only,Hosting copy is a high-quality JPEG. Original delivered PNG remains unchanged. Public URL not created in this environment.
fw96thset_batch_38,96,fw96thset_batch_38_medium-heavy-and-plush-pretty-purple-peacock-chenille-bathro_img06_2026-05-27_154632.png,fw96thset-batch-38_06_fw96thset-batch-38-medium-heavy-and-plush-pretty-purple-peacock-chenil.jpg,/Users/kyle/Downloads/etsy_cropped_all_batches/MASTER_CLIENT_READY_Etsy_Image_Rescue_2026-05-29/02_All_Listings_By_Set/fw96thset_batch_38/Cropped_Images/fw96thset_batch_38_medium-heavy-and-plush-pretty-purple-peacock-chenille-bathro_img06_2026-05-27_154632.png,images/fw96thset-batch-38_06_fw96thset-batch-38-medium-heavy-and-plush-pretty-purple-peacock-chenil.jpg,,6,173773,candidate_only,Hosting copy is a high-quality JPEG. Original delivered PNG remains unchanged. Public URL not created in this environment.
fw96thset_batch_38,96,fw96thset_batch_38_medium-heavy-and-plush-pretty-purple-peacock-chenille-bathro_img07_2026-05-27_154637.png,fw96thset-batch-38_07_fw96thset-batch-38-medium-heavy-and-plush-pretty-purple-peacock-chenil.jpg,/Users/kyle/Downloads/etsy_cropped_all_batches/MASTER_CLIENT_READY_Etsy_Image_Rescue_2026-05-29/02_All_Listings_By_Set/fw96thset_batch_38/Cropped_Images/fw96thset_batch_38_medium-heavy-and-plush-pretty-purple-peacock-chenille-bathro_img07_2026-05-27_154637.png,images/fw96thset-batch-38_07_fw96thset-batch-38-medium-heavy-and-plush-pretty-purple-peacock-chenil.jpg,,7,177450,candidate_only,Hosting copy is a high-quality JPEG. Original delivered PNG remains unchanged. Public URL not created in this environment.
fw96thset_batch_38,96,fw96thset_batch_38_medium-heavy-and-plush-pretty-purple-peacock-chenille-bathro_img08_2026-05-27_154642.png,fw96thset-batch-38_08_fw96thset-batch-38-medium-heavy-and-plush-pretty-purple-peacock-chenil.jpg,/Users/kyle/Downloads/etsy_cropped_all_batches/MASTER_CLIENT_READY_Etsy_Image_Rescue_2026-05-29/02_All_Listings_By_Set/fw96thset_batch_38/Cropped_Images/fw96thset_batch_38_medium-heavy-and-plush-pretty-purple-peacock-chenille-bathro_img08_2026-05-27_154642.png,images/fw96thset-batch-38_08_fw96thset-batch-38-medium-heavy-and-plush-pretty-purple-peacock-chenil.jpg,,8,226669,candidate_only,Hosting copy is a high-quality JPEG. Original delivered PNG remains unchanged. Public URL not created in this environment.
fw96thset_batch_38,96,fw96thset_batch_38_medium-heavy-and-plush-pretty-purple-peacock-chenille-bathro_img09_2026-05-27_154646.png,fw96thset-batch-38_09_fw96thset-batch-38-medium-heavy-and-plush-pretty-purple-peacock-chenil.jpg,/Users/kyle/Downloads/etsy_cropped_all_batches/MASTER_CLIENT_READY_Etsy_Image_Rescue_2026-05-29/02_All_Listings_By_Set/fw96thset_batch_38/Cropped_Images/fw96thset_batch_38_medium-heavy-and-plush-pretty-purple-peacock-chenille-bathro_img09_2026-05-27_154646.png,images/fw96thset-batch-38_09_fw96thset-batch-38-medium-heavy-and-plush-pretty-purple-peacock-chenil.jpg,,9,222040,candidate_only,Hosting copy is a high-quality JPEG. Original delivered PNG remains unchanged. Public URL not created in this environment.
fw97thset_batch_39,97,fw97thset_batch_39_medium-heavy-and-plush-triple-peacock-flower-garden-chenille_img01_2026-05-27_154337.png,fw97thset-batch-39_01_fw97thset-batch-39-medium-heavy-and-plush-triple-peacock-flower-garden.jpg,/Users/kyle/Downloads/etsy_cropped_all_batches/MASTER_CLIENT_READY_Etsy_Image_Rescue_2026-05-29/02_All_Listings_By_Set/fw97thset_batch_39/Cropped_Images/fw97thset_batch_39_medium-heavy-and-plush-triple-peacock-flower-garden-chenille_img01_2026-05-27_154337.png,images/fw97thset-batch-39_01_fw97thset-batch-39-medium-heavy-and-plush-triple-peacock-flower-garden.jpg,,1,272585,candidate_only,Hosting copy is a high-quality JPEG. Original delivered PNG remains unchanged. Public URL not created in this environment.
fw97thset_batch_39,97,fw97thset_batch_39_medium-heavy-and-plush-triple-peacock-flower-garden-chenille_img02_2026-05-27_154341.png,fw97thset-batch-39_02_fw97thset-batch-39-medium-heavy-and-plush-triple-peacock-flower-garden.jpg,/Users/kyle/Downloads/etsy_cropped_all_batches/MASTER_CLIENT_READY_Etsy_Image_Rescue_2026-05-29/02_All_Listings_By_Set/fw97thset_batch_39/Cropped_Images/fw97thset_batch_39_medium-heavy-and-plush-triple-peacock-flower-garden-chenille_img02_2026-05-27_154341.png,images/fw97thset-batch-39_02_fw97thset-batch-39-medium-heavy-and-plush-triple-peacock-flower-garden.jpg,,2,189673,candidate_only,Hosting copy is a high-quality JPEG. Original delivered PNG remains unchanged. Public URL not created in this environment.
fw97thset_batch_39,97,fw97thset_batch_39_medium-heavy-and-plush-triple-peacock-flower-garden-chenille_img03_2026-05-27_154346.png,fw97thset-batch-39_03_fw97thset-batch-39-medium-heavy-and-plush-triple-peacock-flower-garden.jpg,/Users/kyle/Downloads/etsy_cropped_all_batches/MASTER_CLIENT_READY_Etsy_Image_Rescue_2026-05-29/02_All_Listings_By_Set/fw97thset_batch_39/Cropped_Images/fw97thset_batch_39_medium-heavy-and-plush-triple-peacock-flower-garden-chenille_img03_2026-05-27_154346.png,images/fw97thset-batch-39_03_fw97thset-batch-39-medium-heavy-and-plush-triple-peacock-flower-garden.jpg,,3,204058,candidate_only,Hosting copy is a high-quality JPEG. Original delivered PNG remains unchanged. Public URL not created in this environment.
fw97thset_batch_39,97,fw97thset_batch_39_medium-heavy-and-plush-triple-peacock-flower-garden-chenille_img04_2026-05-27_154350.png,fw97thset-batch-39_04_fw97thset-batch-39-medium-heavy-and-plush-triple-peacock-flower-garden.jpg,/Users/kyle/Downloads/etsy_cropped_all_batches/MASTER_CLIENT_READY_Etsy_Image_Rescue_2026-05-29/02_All_Listings_By_Set/fw97thset_batch_39/Cropped_Images/fw97thset_batch_39_medium-heavy-and-plush-triple-peacock-flower-garden-chenille_img04_2026-05-27_154350.png,images/fw97thset-batch-39_04_fw97thset-batch-39-medium-heavy-and-plush-triple-peacock-flower-garden.jpg,,4,180210,candidate_only,Hosting copy is a high-quality JPEG. Original delivered PNG remains unchanged. Public URL not created in this environment.
fw97thset_batch_39,97,fw97thset_batch_39_medium-heavy-and-plush-triple-peacock-flower-garden-chenille_img05_2026-05-27_154354.png,fw97thset-batch-39_05_fw97thset-batch-39-medium-heavy-and-plush-triple-peacock-flower-garden.jpg,/Users/kyle/Downloads/etsy_cropped_all_batches/MASTER_CLIENT_READY_Etsy_Image_Rescue_2026-05-29/02_All_Listings_By_Set/fw97thset_batch_39/Cropped_Images/fw97thset_batch_39_medium-heavy-and-plush-triple-peacock-flower-garden-chenille_img05_2026-05-27_154354.png,images/fw97thset-batch-39_05_fw97thset-batch-39-medium-heavy-and-plush-triple-peacock-flower-garden.jpg,,5,189565,candidate_only,Hosting copy is a high-quality JPEG. Original delivered PNG remains unchanged. Public URL not created in this environment.
fw97thset_batch_39,97,fw97thset_batch_39_medium-heavy-and-plush-triple-peacock-flower-garden-chenille_img06_2026-05-27_154359.png,fw97thset-batch-39_06_fw97thset-batch-39-medium-heavy-and-plush-triple-peacock-flower-garden.jpg,/Users/kyle/Downloads/etsy_cropped_all_batches/MASTER_CLIENT_READY_Etsy_Image_Rescue_2026-05-29/02_All_Listings_By_Set/fw97thset_batch_39/Cropped_Images/fw97thset_batch_39_medium-heavy-and-plush-triple-peacock-flower-garden-chenille_img06_2026-05-27_154359.png,images/fw97thset-batch-39_06_fw97thset-batch-39-medium-heavy-and-plush-triple-peacock-flower-garden.jpg,,6,210851,candidate_only,Hosting copy is a high-quality JPEG. Original delivered PNG remains unchanged. Public URL not created in this environment.
fw97thset_batch_39,97,fw97thset_batch_39_medium-heavy-and-plush-triple-peacock-flower-garden-chenille_img07_2026-05-27_154404.png,fw97thset-batch-39_07_fw97thset-batch-39-medium-heavy-and-plush-triple-peacock-flower-garden.jpg,/Users/kyle/Downloads/etsy_cropped_all_batches/MASTER_CLIENT_READY_Etsy_Image_Rescue_2026-05-29/02_All_Listings_By_Set/fw97thset_batch_39/Cropped_Images/fw97thset_batch_39_medium-heavy-and-plush-triple-peacock-flower-garden-chenille_img07_2026-05-27_154404.png,images/fw97thset-batch-39_07_fw97thset-batch-39-medium-heavy-and-plush-triple-peacock-flower-garden.jpg,,7,228667,candidate_only,Hosting copy is a high-quality JPEG. Original delivered PNG remains unchanged. Public URL not created in this environment.
fw97thset_batch_39,97,fw97thset_batch_39_medium-heavy-and-plush-triple-peacock-flower-garden-chenille_img08_2026-05-27_154408.png,fw97thset-batch-39_08_fw97thset-batch-39-medium-heavy-and-plush-triple-peacock-flower-garden.jpg,/Users/kyle/Downloads/etsy_cropped_all_batches/MASTER_CLIENT_READY_Etsy_Image_Rescue_2026-05-29/02_All_Listings_By_Set/fw97thset_batch_39/Cropped_Images/fw97thset_batch_39_medium-heavy-and-plush-triple-peacock-flower-garden-chenille_img08_2026-05-27_154408.png,images/fw97thset-batch-39_08_fw97thset-batch-39-medium-heavy-and-plush-triple-peacock-flower-garden.jpg,,8,208605,candidate_only,Hosting copy is a high-quality JPEG. Original delivered PNG remains unchanged. Public URL not created in this environment.
fw97thset_batch_39,97,fw97thset_batch_39_medium-heavy-and-plush-triple-peacock-flower-garden-chenille_img09_2026-05-27_154413.png,fw97thset-batch-39_09_fw97thset-batch-39-medium-heavy-and-plush-triple-peacock-flower-garden.jpg,/Users/kyle/Downloads/etsy_cropped_all_batches/MASTER_CLIENT_READY_Etsy_Image_Rescue_2026-05-29/02_All_Listings_By_Set/fw97thset_batch_39/Cropped_Images/fw97thset_batch_39_medium-heavy-and-plush-triple-peacock-flower-garden-chenille_img09_2026-05-27_154413.png,images/fw97thset-batch-39_09_fw97thset-batch-39-medium-heavy-and-plush-triple-peacock-flower-garden.jpg,,9,183152,candidate_only,Hosting copy is a high-quality JPEG. Original delivered PNG remains unchanged. Public URL not created in this environment.
fw98thset_batch_40,98,fw98thset_batch_40_medium-soft-butter-and-lilac-triple-peacock-vintage-chenille_img01_2026-05-27_155745.png,fw98thset-batch-40_01_fw98thset-batch-40-medium-soft-butter-and-lilac-triple-peacock-vintage.jpg,/Users/kyle/Downloads/etsy_cropped_all_batches/MASTER_CLIENT_READY_Etsy_Image_Rescue_2026-05-29/02_All_Listings_By_Set/fw98thset_batch_40/Cropped_Images/fw98thset_batch_40_medium-soft-butter-and-lilac-triple-peacock-vintage-chenille_img01_2026-05-27_155745.png,images/fw98thset-batch-40_01_fw98thset-batch-40-medium-soft-butter-and-lilac-triple-peacock-vintage.jpg,,1,253709,candidate_only,Hosting copy is a high-quality JPEG. Original delivered PNG remains unchanged. Public URL not created in this environment.
fw98thset_batch_40,98,fw98thset_batch_40_medium-soft-butter-and-lilac-triple-peacock-vintage-chenille_img02_2026-05-27_155750.png,fw98thset-batch-40_02_fw98thset-batch-40-medium-soft-butter-and-lilac-triple-peacock-vintage.jpg,/Users/kyle/Downloads/etsy_cropped_all_batches/MASTER_CLIENT_READY_Etsy_Image_Rescue_2026-05-29/02_All_Listings_By_Set/fw98thset_batch_40/Cropped_Images/fw98thset_batch_40_medium-soft-butter-and-lilac-triple-peacock-vintage-chenille_img02_2026-05-27_155750.png,images/fw98thset-batch-40_02_fw98thset-batch-40-medium-soft-butter-and-lilac-triple-peacock-vintage.jpg,,2,231635,candidate_only,Hosting copy is a high-quality JPEG. Original delivered PNG remains unchanged. Public URL not created in this environment.
fw98thset_batch_40,98,fw98thset_batch_40_medium-soft-butter-and-lilac-triple-peacock-vintage-chenille_img03_2026-05-27_155754.png,fw98thset-batch-40_03_fw98thset-batch-40-medium-soft-butter-and-lilac-triple-peacock-vintage.jpg,/Users/kyle/Downloads/etsy_cropped_all_batches/MASTER_CLIENT_READY_Etsy_Image_Rescue_2026-05-29/02_All_Listings_By_Set/fw98thset_batch_40/Cropped_Images/fw98thset_batch_40_medium-soft-butter-and-lilac-triple-peacock-vintage-chenille_img03_2026-05-27_155754.png,images/fw98thset-batch-40_03_fw98thset-batch-40-medium-soft-butter-and-lilac-triple-peacock-vintage.jpg,,3,224631,candidate_only,Hosting copy is a high-quality JPEG. Original delivered PNG remains unchanged. Public URL not created in this environment.
fw98thset_batch_40,98,fw98thset_batch_40_medium-soft-butter-and-lilac-triple-peacock-vintage-chenille_img04_2026-05-27_155758.png,fw98thset-batch-40_04_fw98thset-batch-40-medium-soft-butter-and-lilac-triple-peacock-vintage.jpg,/Users/kyle/Downloads/etsy_cropped_all_batches/MASTER_CLIENT_READY_Etsy_Image_Rescue_2026-05-29/02_All_Listings_By_Set/fw98thset_batch_40/Cropped_Images/fw98thset_batch_40_medium-soft-butter-and-lilac-triple-peacock-vintage-chenille_img04_2026-05-27_155758.png,images/fw98thset-batch-40_04_fw98thset-batch-40-medium-soft-butter-and-lilac-triple-peacock-vintage.jpg,,4,187547,candidate_only,Hosting copy is a high-quality JPEG. Original delivered PNG remains unchanged. Public URL not created in this environment.
fw98thset_batch_40,98,fw98thset_batch_40_medium-soft-butter-and-lilac-triple-peacock-vintage-chenille_img05_2026-05-27_155803.png,fw98thset-batch-40_05_fw98thset-batch-40-medium-soft-butter-and-lilac-triple-peacock-vintage.jpg,/Users/kyle/Downloads/etsy_cropped_all_batches/MASTER_CLIENT_READY_Etsy_Image_Rescue_2026-05-29/02_All_Listings_By_Set/fw98thset_batch_40/Cropped_Images/fw98thset_batch_40_medium-soft-butter-and-lilac-triple-peacock-vintage-chenille_img05_2026-05-27_155803.png,images/fw98thset-batch-40_05_fw98thset-batch-40-medium-soft-butter-and-lilac-triple-peacock-vintage.jpg,,5,176529,candidate_only,Hosting copy is a high-quality JPEG. Original delivered PNG remains unchanged. Public URL not created in this environment.
fw98thset_batch_40,98,fw98thset_batch_40_medium-soft-butter-and-lilac-triple-peacock-vintage-chenille_img06_2026-05-27_155807.png,fw98thset-batch-40_06_fw98thset-batch-40-medium-soft-butter-and-lilac-triple-peacock-vintage.jpg,/Users/kyle/Downloads/etsy_cropped_all_batches/MASTER_CLIENT_READY_Etsy_Image_Rescue_2026-05-29/02_All_Listings_By_Set/fw98thset_batch_40/Cropped_Images/fw98thset_batch_40_medium-soft-butter-and-lilac-triple-peacock-vintage-chenille_img06_2026-05-27_155807.png,images/fw98thset-batch-40_06_fw98thset-batch-40-medium-soft-butter-and-lilac-triple-peacock-vintage.jpg,,6,200748,candidate_only,Hosting copy is a high-quality JPEG. Original delivered PNG remains unchanged. Public URL not created in this environment.
fw98thset_batch_40,98,fw98thset_batch_40_medium-soft-butter-and-lilac-triple-peacock-vintage-chenille_img07_2026-05-27_155812.png,fw98thset-batch-40_07_fw98thset-batch-40-medium-soft-butter-and-lilac-triple-peacock-vintage.jpg,/Users/kyle/Downloads/etsy_cropped_all_batches/MASTER_CLIENT_READY_Etsy_Image_Rescue_2026-05-29/02_All_Listings_By_Set/fw98thset_batch_40/Cropped_Images/fw98thset_batch_40_medium-soft-butter-and-lilac-triple-peacock-vintage-chenille_img07_2026-05-27_155812.png,images/fw98thset-batch-40_07_fw98thset-batch-40-medium-soft-butter-and-lilac-triple-peacock-vintage.jpg,,7,197562,candidate_only,Hosting copy is a high-quality JPEG. Original delivered PNG remains unchanged. Public URL not created in this environment.
fw98thset_batch_40,98,fw98thset_batch_40_medium-soft-butter-and-lilac-triple-peacock-vintage-chenille_img08_2026-05-27_155816.png,fw98thset-batch-40_08_fw98thset-batch-40-medium-soft-butter-and-lilac-triple-peacock-vintage.jpg,/Users/kyle/Downloads/etsy_cropped_all_batches/MASTER_CLIENT_READY_Etsy_Image_Rescue_2026-05-29/02_All_Listings_By_Set/fw98thset_batch_40/Cropped_Images/fw98thset_batch_40_medium-soft-butter-and-lilac-triple-peacock-vintage-chenille_img08_2026-05-27_155816.png,images/fw98thset-batch-40_08_fw98thset-batch-40-medium-soft-butter-and-lilac-triple-peacock-vintage.jpg,,8,163827,candidate_only,Hosting copy is a high-quality JPEG. Original delivered PNG remains unchanged. Public URL not created in this environment.
fw98thset_batch_40,98,fw98thset_batch_40_medium-soft-butter-and-lilac-triple-peacock-vintage-chenille_img09_2026-05-27_155821.png,fw98thset-batch-40_09_fw98thset-batch-40-medium-soft-butter-and-lilac-triple-peacock-vintage.jpg,/Users/kyle/Downloads/etsy_cropped_all_batches/MASTER_CLIENT_READY_Etsy_Image_Rescue_2026-05-29/02_All_Listings_By_Set/fw98thset_batch_40/Cropped_Images/fw98thset_batch_40_medium-soft-butter-and-lilac-triple-peacock-vintage-chenille_img09_2026-05-27_155821.png,images/fw98thset-batch-40_09_fw98thset-batch-40-medium-soft-butter-and-lilac-triple-peacock-vintage.jpg,,9,156979,candidate_only,Hosting copy is a high-quality JPEG. Original delivered PNG remains unchanged. Public URL not created in this environment.
fw99thset_batch_41,99,fw99thset_batch_41_large-long-and-heavy-irish-flower-basket-chenille-bathrobe-u_img01_2026-05-27_155644.png,fw99thset-batch-41_01_fw99thset-batch-41-large-long-and-heavy-irish-flower-basket-chenille-b.jpg,/Users/kyle/Downloads/etsy_cropped_all_batches/MASTER_CLIENT_READY_Etsy_Image_Rescue_2026-05-29/02_All_Listings_By_Set/fw99thset_batch_41/Cropped_Images/fw99thset_batch_41_large-long-and-heavy-irish-flower-basket-chenille-bathrobe-u_img01_2026-05-27_155644.png,images/fw99thset-batch-41_01_fw99thset-batch-41-large-long-and-heavy-irish-flower-basket-chenille-b.jpg,,1,176407,candidate_only,Hosting copy is a high-quality JPEG. Original delivered PNG remains unchanged. Public URL not created in this environment.
fw99thset_batch_41,99,fw99thset_batch_41_large-long-and-heavy-irish-flower-basket-chenille-bathrobe-u_img02_2026-05-27_155648.png,fw99thset-batch-41_02_fw99thset-batch-41-large-long-and-heavy-irish-flower-basket-chenille-b.jpg,/Users/kyle/Downloads/etsy_cropped_all_batches/MASTER_CLIENT_READY_Etsy_Image_Rescue_2026-05-29/02_All_Listings_By_Set/fw99thset_batch_41/Cropped_Images/fw99thset_batch_41_large-long-and-heavy-irish-flower-basket-chenille-bathrobe-u_img02_2026-05-27_155648.png,images/fw99thset-batch-41_02_fw99thset-batch-41-large-long-and-heavy-irish-flower-basket-chenille-b.jpg,,2,144920,candidate_only,Hosting copy is a high-quality JPEG. Original delivered PNG remains unchanged. Public URL not created in this environment.
fw99thset_batch_41,99,fw99thset_batch_41_large-long-and-heavy-irish-flower-basket-chenille-bathrobe-u_img03_2026-05-27_155652.png,fw99thset-batch-41_03_fw99thset-batch-41-large-long-and-heavy-irish-flower-basket-chenille-b.jpg,/Users/kyle/Downloads/etsy_cropped_all_batches/MASTER_CLIENT_READY_Etsy_Image_Rescue_2026-05-29/02_All_Listings_By_Set/fw99thset_batch_41/Cropped_Images/fw99thset_batch_41_large-long-and-heavy-irish-flower-basket-chenille-bathrobe-u_img03_2026-05-27_155652.png,images/fw99thset-batch-41_03_fw99thset-batch-41-large-long-and-heavy-irish-flower-basket-chenille-b.jpg,,3,161306,candidate_only,Hosting copy is a high-quality JPEG. Original delivered PNG remains unchanged. Public URL not created in this environment.
fw99thset_batch_41,99,fw99thset_batch_41_large-long-and-heavy-irish-flower-basket-chenille-bathrobe-u_img04_2026-05-27_155656.png,fw99thset-batch-41_04_fw99thset-batch-41-large-long-and-heavy-irish-flower-basket-chenille-b.jpg,/Users/kyle/Downloads/etsy_cropped_all_batches/MASTER_CLIENT_READY_Etsy_Image_Rescue_2026-05-29/02_All_Listings_By_Set/fw99thset_batch_41/Cropped_Images/fw99thset_batch_41_large-long-and-heavy-irish-flower-basket-chenille-bathrobe-u_img04_2026-05-27_155656.png,images/fw99thset-batch-41_04_fw99thset-batch-41-large-long-and-heavy-irish-flower-basket-chenille-b.jpg,,4,182025,candidate_only,Hosting copy is a high-quality JPEG. Original delivered PNG remains unchanged. Public URL not created in this environment.
fw99thset_batch_41,99,fw99thset_batch_41_large-long-and-heavy-irish-flower-basket-chenille-bathrobe-u_img05_2026-05-27_155701.png,fw99thset-batch-41_05_fw99thset-batch-41-large-long-and-heavy-irish-flower-basket-chenille-b.jpg,/Users/kyle/Downloads/etsy_cropped_all_batches/MASTER_CLIENT_READY_Etsy_Image_Rescue_2026-05-29/02_All_Listings_By_Set/fw99thset_batch_41/Cropped_Images/fw99thset_batch_41_large-long-and-heavy-irish-flower-basket-chenille-bathrobe-u_img05_2026-05-27_155701.png,images/fw99thset-batch-41_05_fw99thset-batch-41-large-long-and-heavy-irish-flower-basket-chenille-b.jpg,,5,165591,candidate_only,Hosting copy is a high-quality JPEG. Original delivered PNG remains unchanged. Public URL not created in this environment.
fw99thset_batch_41,99,fw99thset_batch_41_large-long-and-heavy-irish-flower-basket-chenille-bathrobe-u_img06_2026-05-27_155705.png,fw99thset-batch-41_06_fw99thset-batch-41-large-long-and-heavy-irish-flower-basket-chenille-b.jpg,/Users/kyle/Downloads/etsy_cropped_all_batches/MASTER_CLIENT_READY_Etsy_Image_Rescue_2026-05-29/02_All_Listings_By_Set/fw99thset_batch_41/Cropped_Images/fw99thset_batch_41_large-long-and-heavy-irish-flower-basket-chenille-bathrobe-u_img06_2026-05-27_155705.png,images/fw99thset-batch-41_06_fw99thset-batch-41-large-long-and-heavy-irish-flower-basket-chenille-b.jpg,,6,159696,candidate_only,Hosting copy is a high-quality JPEG. Original delivered PNG remains unchanged. Public URL not created in this environment.
fw99thset_batch_41,99,fw99thset_batch_41_large-long-and-heavy-irish-flower-basket-chenille-bathrobe-u_img07_2026-05-27_155710.png,fw99thset-batch-41_07_fw99thset-batch-41-large-long-and-heavy-irish-flower-basket-chenille-b.jpg,/Users/kyle/Downloads/etsy_cropped_all_batches/MASTER_CLIENT_READY_Etsy_Image_Rescue_2026-05-29/02_All_Listings_By_Set/fw99thset_batch_41/Cropped_Images/fw99thset_batch_41_large-long-and-heavy-irish-flower-basket-chenille-bathrobe-u_img07_2026-05-27_155710.png,images/fw99thset-batch-41_07_fw99thset-batch-41-large-long-and-heavy-irish-flower-basket-chenille-b.jpg,,7,183019,candidate_only,Hosting copy is a high-quality JPEG. Original delivered PNG remains unchanged. Public URL not created in this environment.
fw100thset_batch_11,100,fw100thset_batch_11_2xl-long-plush-and-heavy-peppermint-peacock-vintage-chenille_img01_2026-05-27_155524.png,fw100thset-batch-11_01_fw100thset-batch-11-2xl-long-plush-and-heavy-peppermint-peacock-vintag.jpg,/Users/kyle/Downloads/etsy_cropped_all_batches/MASTER_CLIENT_READY_Etsy_Image_Rescue_2026-05-29/02_All_Listings_By_Set/fw100thset_batch_11/Cropped_Images/fw100thset_batch_11_2xl-long-plush-and-heavy-peppermint-peacock-vintage-chenille_img01_2026-05-27_155524.png,images/fw100thset-batch-11_01_fw100thset-batch-11-2xl-long-plush-and-heavy-peppermint-peacock-vintag.jpg,,1,279255,candidate_only,Hosting copy is a high-quality JPEG. Original delivered PNG remains unchanged. Public URL not created in this environment.
fw100thset_batch_11,100,fw100thset_batch_11_2xl-long-plush-and-heavy-peppermint-peacock-vintage-chenille_img02_2026-05-27_155529.png,fw100thset-batch-11_02_fw100thset-batch-11-2xl-long-plush-and-heavy-peppermint-peacock-vintag.jpg,/Users/kyle/Downloads/etsy_cropped_all_batches/MASTER_CLIENT_READY_Etsy_Image_Rescue_2026-05-29/02_All_Listings_By_Set/fw100thset_batch_11/Cropped_Images/fw100thset_batch_11_2xl-long-plush-and-heavy-peppermint-peacock-vintage-chenille_img02_2026-05-27_155529.png,images/fw100thset-batch-11_02_fw100thset-batch-11-2xl-long-plush-and-heavy-peppermint-peacock-vintag.jpg,,2,220646,candidate_only,Hosting copy is a high-quality JPEG. Original delivered PNG remains unchanged. Public URL not created in this environment.
fw100thset_batch_11,100,fw100thset_batch_11_2xl-long-plush-and-heavy-peppermint-peacock-vintage-chenille_img03_2026-05-27_155534.png,fw100thset-batch-11_03_fw100thset-batch-11-2xl-long-plush-and-heavy-peppermint-peacock-vintag.jpg,/Users/kyle/Downloads/etsy_cropped_all_batches/MASTER_CLIENT_READY_Etsy_Image_Rescue_2026-05-29/02_All_Listings_By_Set/fw100thset_batch_11/Cropped_Images/fw100thset_batch_11_2xl-long-plush-and-heavy-peppermint-peacock-vintage-chenille_img03_2026-05-27_155534.png,images/fw100thset-batch-11_03_fw100thset-batch-11-2xl-long-plush-and-heavy-peppermint-peacock-vintag.jpg,,3,165355,candidate_only,Hosting copy is a high-quality JPEG. Original delivered PNG remains unchanged. Public URL not created in this environment.
fw100thset_batch_11,100,fw100thset_batch_11_2xl-long-plush-and-heavy-peppermint-peacock-vintage-chenille_img04_2026-05-27_155539.png,fw100thset-batch-11_04_fw100thset-batch-11-2xl-long-plush-and-heavy-peppermint-peacock-vintag.jpg,/Users/kyle/Downloads/etsy_cropped_all_batches/MASTER_CLIENT_READY_Etsy_Image_Rescue_2026-05-29/02_All_Listings_By_Set/fw100thset_batch_11/Cropped_Images/fw100thset_batch_11_2xl-long-plush-and-heavy-peppermint-peacock-vintage-chenille_img04_2026-05-27_155539.png,images/fw100thset-batch-11_04_fw100thset-batch-11-2xl-long-plush-and-heavy-peppermint-peacock-vintag.jpg,,4,190880,candidate_only,Hosting copy is a high-quality JPEG. Original delivered PNG remains unchanged. Public URL not created in this environment.
fw100thset_batch_11,100,fw100thset_batch_11_2xl-long-plush-and-heavy-peppermint-peacock-vintage-chenille_img05_2026-05-27_155544.png,fw100thset-batch-11_05_fw100thset-batch-11-2xl-long-plush-and-heavy-peppermint-peacock-vintag.jpg,/Users/kyle/Downloads/etsy_cropped_all_batches/MASTER_CLIENT_READY_Etsy_Image_Rescue_2026-05-29/02_All_Listings_By_Set/fw100thset_batch_11/Cropped_Images/fw100thset_batch_11_2xl-long-plush-and-heavy-peppermint-peacock-vintage-chenille_img05_2026-05-27_155544.png,images/fw100thset-batch-11_05_fw100thset-batch-11-2xl-long-plush-and-heavy-peppermint-peacock-vintag.jpg,,5,187732,candidate_only,Hosting copy is a high-quality JPEG. Original delivered PNG remains unchanged. Public URL not created in this environment.
fw100thset_batch_11,100,fw100thset_batch_11_2xl-long-plush-and-heavy-peppermint-peacock-vintage-chenille_img06_2026-05-27_155549.png,fw100thset-batch-11_06_fw100thset-batch-11-2xl-long-plush-and-heavy-peppermint-peacock-vintag.jpg,/Users/kyle/Downloads/etsy_cropped_all_batches/MASTER_CLIENT_READY_Etsy_Image_Rescue_2026-05-29/02_All_Listings_By_Set/fw100thset_batch_11/Cropped_Images/fw100thset_batch_11_2xl-long-plush-and-heavy-peppermint-peacock-vintage-chenille_img06_2026-05-27_155549.png,images/fw100thset-batch-11_06_fw100thset-batch-11-2xl-long-plush-and-heavy-peppermint-peacock-vintag.jpg,,6,237357,candidate_only,Hosting copy is a high-quality JPEG. Original delivered PNG remains unchanged. Public URL not created in this environment.
fw100thset_batch_11,100,fw100thset_batch_11_2xl-long-plush-and-heavy-peppermint-peacock-vintage-chenille_img07_2026-05-27_155554.png,fw100thset-batch-11_07_fw100thset-batch-11-2xl-long-plush-and-heavy-peppermint-peacock-vintag.jpg,/Users/kyle/Downloads/etsy_cropped_all_batches/MASTER_CLIENT_READY_Etsy_Image_Rescue_2026-05-29/02_All_Listings_By_Set/fw100thset_batch_11/Cropped_Images/fw100thset_batch_11_2xl-long-plush-and-heavy-peppermint-peacock-vintage-chenille_img07_2026-05-27_155554.png,images/fw100thset-batch-11_07_fw100thset-batch-11-2xl-long-plush-and-heavy-peppermint-peacock-vintag.jpg,,7,229893,candidate_only,Hosting copy is a high-quality JPEG. Original delivered PNG remains unchanged. Public URL not created in this environment.
fw100thset_batch_11,100,fw100thset_batch_11_2xl-long-plush-and-heavy-peppermint-peacock-vintage-chenille_img08_2026-05-27_155558.png,fw100thset-batch-11_08_fw100thset-batch-11-2xl-long-plush-and-heavy-peppermint-peacock-vintag.jpg,/Users/kyle/Downloads/etsy_cropped_all_batches/MASTER_CLIENT_READY_Etsy_Image_Rescue_2026-05-29/02_All_Listings_By_Set/fw100thset_batch_11/Cropped_Images/fw100thset_batch_11_2xl-long-plush-and-heavy-peppermint-peacock-vintage-chenille_img08_2026-05-27_155558.png,images/fw100thset-batch-11_08_fw100thset-batch-11-2xl-long-plush-and-heavy-peppermint-peacock-vintag.jpg,,8,245035,candidate_only,Hosting copy is a high-quality JPEG. Original delivered PNG remains unchanged. Public URL not created in this environment.
fw100thset_batch_11,100,fw100thset_batch_11_2xl-long-plush-and-heavy-peppermint-peacock-vintage-chenille_img09_2026-05-27_155603.png,fw100thset-batch-11_09_fw100thset-batch-11-2xl-long-plush-and-heavy-peppermint-peacock-vintag.jpg,/Users/kyle/Downloads/etsy_cropped_all_batches/MASTER_CLIENT_READY_Etsy_Image_Rescue_2026-05-29/02_All_Listings_By_Set/fw100thset_batch_11/Cropped_Images/fw100thset_batch_11_2xl-long-plush-and-heavy-peppermint-peacock-vintage-chenille_img09_2026-05-27_155603.png,images/fw100thset-batch-11_09_fw100thset-batch-11-2xl-long-plush-and-heavy-peppermint-peacock-vintag.jpg,,9,238829,candidate_only,Hosting copy is a high-quality JPEG. Original delivered PNG remains unchanged. Public URL not created in this environment.
fw101stset_batch_12,101,fw101stset_batch_12_robes-change-physical-item-2020-2026-item-details-help-buyer_img01_2026-05-27_160958.png,fw101stset-batch-12_01_fw101stset-batch-12-robes-change-physical-item-2020-2026-item-details.jpg,/Users/kyle/Downloads/etsy_cropped_all_batches/MASTER_CLIENT_READY_Etsy_Image_Rescue_2026-05-29/02_All_Listings_By_Set/fw101stset_batch_12/Cropped_Images/fw101stset_batch_12_robes-change-physical-item-2020-2026-item-details-help-buyer_img01_2026-05-27_160958.png,images/fw101stset-batch-12_01_fw101stset-batch-12-robes-change-physical-item-2020-2026-item-details.jpg,,1,186055,candidate_only,Hosting copy is a high-quality JPEG. Original delivered PNG remains unchanged. Public URL not created in this environment.
fw101stset_batch_12,101,fw101stset_batch_12_robes-change-physical-item-2020-2026-item-details-help-buyer_img02_2026-05-27_161003.png,fw101stset-batch-12_02_fw101stset-batch-12-robes-change-physical-item-2020-2026-item-details.jpg,/Users/kyle/Downloads/etsy_cropped_all_batches/MASTER_CLIENT_READY_Etsy_Image_Rescue_2026-05-29/02_All_Listings_By_Set/fw101stset_batch_12/Cropped_Images/fw101stset_batch_12_robes-change-physical-item-2020-2026-item-details-help-buyer_img02_2026-05-27_161003.png,images/fw101stset-batch-12_02_fw101stset-batch-12-robes-change-physical-item-2020-2026-item-details.jpg,,2,158722,candidate_only,Hosting copy is a high-quality JPEG. Original delivered PNG remains unchanged. Public URL not created in this environment.
fw101stset_batch_12,101,fw101stset_batch_12_robes-change-physical-item-2020-2026-item-details-help-buyer_img03_2026-05-27_161008.png,fw101stset-batch-12_03_fw101stset-batch-12-robes-change-physical-item-2020-2026-item-details.jpg,/Users/kyle/Downloads/etsy_cropped_all_batches/MASTER_CLIENT_READY_Etsy_Image_Rescue_2026-05-29/02_All_Listings_By_Set/fw101stset_batch_12/Cropped_Images/fw101stset_batch_12_robes-change-physical-item-2020-2026-item-details-help-buyer_img03_2026-05-27_161008.png,images/fw101stset-batch-12_03_fw101stset-batch-12-robes-change-physical-item-2020-2026-item-details.jpg,,3,193360,candidate_only,Hosting copy is a high-quality JPEG. Original delivered PNG remains unchanged. Public URL not created in this environment.
fw101stset_batch_12,101,fw101stset_batch_12_robes-change-physical-item-2020-2026-item-details-help-buyer_img04_2026-05-27_161014.png,fw101stset-batch-12_04_fw101stset-batch-12-robes-change-physical-item-2020-2026-item-details.jpg,/Users/kyle/Downloads/etsy_cropped_all_batches/MASTER_CLIENT_READY_Etsy_Image_Rescue_2026-05-29/02_All_Listings_By_Set/fw101stset_batch_12/Cropped_Images/fw101stset_batch_12_robes-change-physical-item-2020-2026-item-details-help-buyer_img04_2026-05-27_161014.png,images/fw101stset-batch-12_04_fw101stset-batch-12-robes-change-physical-item-2020-2026-item-details.jpg,,4,245026,candidate_only,Hosting copy is a high-quality JPEG. Original delivered PNG remains unchanged. Public URL not created in this environment.
fw101stset_batch_12,101,fw101stset_batch_12_robes-change-physical-item-2020-2026-item-details-help-buyer_img05_2026-05-27_161018.png,fw101stset-batch-12_05_fw101stset-batch-12-robes-change-physical-item-2020-2026-item-details.jpg,/Users/kyle/Downloads/etsy_cropped_all_batches/MASTER_CLIENT_READY_Etsy_Image_Rescue_2026-05-29/02_All_Listings_By_Set/fw101stset_batch_12/Cropped_Images/fw101stset_batch_12_robes-change-physical-item-2020-2026-item-details-help-buyer_img05_2026-05-27_161018.png,images/fw101stset-batch-12_05_fw101stset-batch-12-robes-change-physical-item-2020-2026-item-details.jpg,,5,163179,candidate_only,Hosting copy is a high-quality JPEG. Original delivered PNG remains unchanged. Public URL not created in this environment.
fw101stset_batch_12,101,fw101stset_batch_12_robes-change-physical-item-2020-2026-item-details-help-buyer_img06_2026-05-27_161025.png,fw101stset-batch-12_06_fw101stset-batch-12-robes-change-physical-item-2020-2026-item-details.jpg,/Users/kyle/Downloads/etsy_cropped_all_batches/MASTER_CLIENT_READY_Etsy_Image_Rescue_2026-05-29/02_All_Listings_By_Set/fw101stset_batch_12/Cropped_Images/fw101stset_batch_12_robes-change-physical-item-2020-2026-item-details-help-buyer_img06_2026-05-27_161025.png,images/fw101stset-batch-12_06_fw101stset-batch-12-robes-change-physical-item-2020-2026-item-details.jpg,,6,184959,candidate_only,Hosting copy is a high-quality JPEG. Original delivered PNG remains unchanged. Public URL not created in this environment.
fw101stset_batch_12,101,fw101stset_batch_12_robes-change-physical-item-2020-2026-item-details-help-buyer_img07_2026-05-27_161029.png,fw101stset-batch-12_07_fw101stset-batch-12-robes-change-physical-item-2020-2026-item-details.jpg,/Users/kyle/Downloads/etsy_cropped_all_batches/MASTER_CLIENT_READY_Etsy_Image_Rescue_2026-05-29/02_All_Listings_By_Set/fw101stset_batch_12/Cropped_Images/fw101stset_batch_12_robes-change-physical-item-2020-2026-item-details-help-buyer_img07_2026-05-27_161029.png,images/fw101stset-batch-12_07_fw101stset-batch-12-robes-change-physical-item-2020-2026-item-details.jpg,,7,212245,candidate_only,Hosting copy is a high-quality JPEG. Original delivered PNG remains unchanged. Public URL not created in this environment.
fw101stset_batch_12,101,fw101stset_batch_12_robes-change-physical-item-2020-2026-item-details-help-buyer_img08_2026-05-27_161034.png,fw101stset-batch-12_08_fw101stset-batch-12-robes-change-physical-item-2020-2026-item-details.jpg,/Users/kyle/Downloads/etsy_cropped_all_batches/MASTER_CLIENT_READY_Etsy_Image_Rescue_2026-05-29/02_All_Listings_By_Set/fw101stset_batch_12/Cropped_Images/fw101stset_batch_12_robes-change-physical-item-2020-2026-item-details-help-buyer_img08_2026-05-27_161034.png,images/fw101stset-batch-12_08_fw101stset-batch-12-robes-change-physical-item-2020-2026-item-details.jpg,,8,193525,candidate_only,Hosting copy is a high-quality JPEG. Original delivered PNG remains unchanged. Public URL not created in this environment.
fw101stset_batch_12,101,fw101stset_batch_12_robes-change-physical-item-2020-2026-item-details-help-buyer_img09_2026-05-27_161038.png,fw101stset-batch-12_09_fw101stset-batch-12-robes-change-physical-item-2020-2026-item-details.jpg,/Users/kyle/Downloads/etsy_cropped_all_batches/MASTER_CLIENT_READY_Etsy_Image_Rescue_2026-05-29/02_All_Listings_By_Set/fw101stset_batch_12/Cropped_Images/fw101stset_batch_12_robes-change-physical-item-2020-2026-item-details-help-buyer_img09_2026-05-27_161038.png,images/fw101stset-batch-12_09_fw101stset-batch-12-robes-change-physical-item-2020-2026-item-details.jpg,,9,154768,candidate_only,Hosting copy is a high-quality JPEG. Original delivered PNG remains unchanged. Public URL not created in this environment.
fw101stset_batch_12,101,fw101stset_batch_12_robes-change-physical-item-2020-2026-item-details-help-buyer_img10_2026-05-27_161038.png,fw101stset-batch-12_10_fw101stset-batch-12-robes-change-physical-item-2020-2026-item-details.jpg,/Users/kyle/Downloads/etsy_cropped_all_batches/MASTER_CLIENT_READY_Etsy_Image_Rescue_2026-05-29/02_All_Listings_By_Set/fw101stset_batch_12/Cropped_Images/fw101stset_batch_12_robes-change-physical-item-2020-2026-item-details-help-buyer_img10_2026-05-27_161038.png,images/fw101stset-batch-12_10_fw101stset-batch-12-robes-change-physical-item-2020-2026-item-details.jpg,,10,154768,candidate_only,Hosting copy is a high-quality JPEG. Original delivered PNG remains unchanged. Public URL not created in this environment.
fw102ndset_batch_13,102,fw102ndset_batch_13_large-heavy-and-plush-pretty-pink-peacock-vintage-chenille-b_img01_2026-05-27_160834.png,fw102ndset-batch-13_01_fw102ndset-batch-13-large-heavy-and-plush-pretty-pink-peacock-vintage.jpg,/Users/kyle/Downloads/etsy_cropped_all_batches/MASTER_CLIENT_READY_Etsy_Image_Rescue_2026-05-29/02_All_Listings_By_Set/fw102ndset_batch_13/Cropped_Images/fw102ndset_batch_13_large-heavy-and-plush-pretty-pink-peacock-vintage-chenille-b_img01_2026-05-27_160834.png,images/fw102ndset-batch-13_01_fw102ndset-batch-13-large-heavy-and-plush-pretty-pink-peacock-vintage.jpg,,1,261364,candidate_only,Hosting copy is a high-quality JPEG. Original delivered PNG remains unchanged. Public URL not created in this environment.
fw102ndset_batch_13,102,fw102ndset_batch_13_large-heavy-and-plush-pretty-pink-peacock-vintage-chenille-b_img02_2026-05-27_160839.png,fw102ndset-batch-13_02_fw102ndset-batch-13-large-heavy-and-plush-pretty-pink-peacock-vintage.jpg,/Users/kyle/Downloads/etsy_cropped_all_batches/MASTER_CLIENT_READY_Etsy_Image_Rescue_2026-05-29/02_All_Listings_By_Set/fw102ndset_batch_13/Cropped_Images/fw102ndset_batch_13_large-heavy-and-plush-pretty-pink-peacock-vintage-chenille-b_img02_2026-05-27_160839.png,images/fw102ndset-batch-13_02_fw102ndset-batch-13-large-heavy-and-plush-pretty-pink-peacock-vintage.jpg,,2,204952,candidate_only,Hosting copy is a high-quality JPEG. Original delivered PNG remains unchanged. Public URL not created in this environment.
fw102ndset_batch_13,102,fw102ndset_batch_13_large-heavy-and-plush-pretty-pink-peacock-vintage-chenille-b_img03_2026-05-27_160844.png,fw102ndset-batch-13_03_fw102ndset-batch-13-large-heavy-and-plush-pretty-pink-peacock-vintage.jpg,/Users/kyle/Downloads/etsy_cropped_all_batches/MASTER_CLIENT_READY_Etsy_Image_Rescue_2026-05-29/02_All_Listings_By_Set/fw102ndset_batch_13/Cropped_Images/fw102ndset_batch_13_large-heavy-and-plush-pretty-pink-peacock-vintage-chenille-b_img03_2026-05-27_160844.png,images/fw102ndset-batch-13_03_fw102ndset-batch-13-large-heavy-and-plush-pretty-pink-peacock-vintage.jpg,,3,164317,candidate_only,Hosting copy is a high-quality JPEG. Original delivered PNG remains unchanged. Public URL not created in this environment.
fw102ndset_batch_13,102,fw102ndset_batch_13_large-heavy-and-plush-pretty-pink-peacock-vintage-chenille-b_img04_2026-05-27_160849.png,fw102ndset-batch-13_04_fw102ndset-batch-13-large-heavy-and-plush-pretty-pink-peacock-vintage.jpg,/Users/kyle/Downloads/etsy_cropped_all_batches/MASTER_CLIENT_READY_Etsy_Image_Rescue_2026-05-29/02_All_Listings_By_Set/fw102ndset_batch_13/Cropped_Images/fw102ndset_batch_13_large-heavy-and-plush-pretty-pink-peacock-vintage-chenille-b_img04_2026-05-27_160849.png,images/fw102ndset-batch-13_04_fw102ndset-batch-13-large-heavy-and-plush-pretty-pink-peacock-vintage.jpg,,4,186598,candidate_only,Hosting copy is a high-quality JPEG. Original delivered PNG remains unchanged. Public URL not created in this environment.
fw102ndset_batch_13,102,fw102ndset_batch_13_large-heavy-and-plush-pretty-pink-peacock-vintage-chenille-b_img05_2026-05-27_160853.png,fw102ndset-batch-13_05_fw102ndset-batch-13-large-heavy-and-plush-pretty-pink-peacock-vintage.jpg,/Users/kyle/Downloads/etsy_cropped_all_batches/MASTER_CLIENT_READY_Etsy_Image_Rescue_2026-05-29/02_All_Listings_By_Set/fw102ndset_batch_13/Cropped_Images/fw102ndset_batch_13_large-heavy-and-plush-pretty-pink-peacock-vintage-chenille-b_img05_2026-05-27_160853.png,images/fw102ndset-batch-13_05_fw102ndset-batch-13-large-heavy-and-plush-pretty-pink-peacock-vintage.jpg,,5,162736,candidate_only,Hosting copy is a high-quality JPEG. Original delivered PNG remains unchanged. Public URL not created in this environment.
fw102ndset_batch_13,102,fw102ndset_batch_13_large-heavy-and-plush-pretty-pink-peacock-vintage-chenille-b_img06_2026-05-27_160859.png,fw102ndset-batch-13_06_fw102ndset-batch-13-large-heavy-and-plush-pretty-pink-peacock-vintage.jpg,/Users/kyle/Downloads/etsy_cropped_all_batches/MASTER_CLIENT_READY_Etsy_Image_Rescue_2026-05-29/02_All_Listings_By_Set/fw102ndset_batch_13/Cropped_Images/fw102ndset_batch_13_large-heavy-and-plush-pretty-pink-peacock-vintage-chenille-b_img06_2026-05-27_160859.png,images/fw102ndset-batch-13_06_fw102ndset-batch-13-large-heavy-and-plush-pretty-pink-peacock-vintage.jpg,,6,200897,candidate_only,Hosting copy is a high-quality JPEG. Original delivered PNG remains unchanged. Public URL not created in this environment.
fw102ndset_batch_13,102,fw102ndset_batch_13_large-heavy-and-plush-pretty-pink-peacock-vintage-chenille-b_img07_2026-05-27_160904.png,fw102ndset-batch-13_07_fw102ndset-batch-13-large-heavy-and-plush-pretty-pink-peacock-vintage.jpg,/Users/kyle/Downloads/etsy_cropped_all_batches/MASTER_CLIENT_READY_Etsy_Image_Rescue_2026-05-29/02_All_Listings_By_Set/fw102ndset_batch_13/Cropped_Images/fw102ndset_batch_13_large-heavy-and-plush-pretty-pink-peacock-vintage-chenille-b_img07_2026-05-27_160904.png,images/fw102ndset-batch-13_07_fw102ndset-batch-13-large-heavy-and-plush-pretty-pink-peacock-vintage.jpg,,7,169241,candidate_only,Hosting copy is a high-quality JPEG. Original delivered PNG remains unchanged. Public URL not created in this environment.
fw102ndset_batch_13,102,fw102ndset_batch_13_large-heavy-and-plush-pretty-pink-peacock-vintage-chenille-b_img08_2026-05-27_160909.png,fw102ndset-batch-13_08_fw102ndset-batch-13-large-heavy-and-plush-pretty-pink-peacock-vintage.jpg,/Users/kyle/Downloads/etsy_cropped_all_batches/MASTER_CLIENT_READY_Etsy_Image_Rescue_2026-05-29/02_All_Listings_By_Set/fw102ndset_batch_13/Cropped_Images/fw102ndset_batch_13_large-heavy-and-plush-pretty-pink-peacock-vintage-chenille-b_img08_2026-05-27_160909.png,images/fw102ndset-batch-13_08_fw102ndset-batch-13-large-heavy-and-plush-pretty-pink-peacock-vintage.jpg,,8,212065,candidate_only,Hosting copy is a high-quality JPEG. Original delivered PNG remains unchanged. Public URL not created in this environment.
fw102ndset_batch_13,102,fw102ndset_batch_13_large-heavy-and-plush-pretty-pink-peacock-vintage-chenille-b_img09_2026-05-27_160914.png,fw102ndset-batch-13_09_fw102ndset-batch-13-large-heavy-and-plush-pretty-pink-peacock-vintage.jpg,/Users/kyle/Downloads/etsy_cropped_all_batches/MASTER_CLIENT_READY_Etsy_Image_Rescue_2026-05-29/02_All_Listings_By_Set/fw102ndset_batch_13/Cropped_Images/fw102ndset_batch_13_large-heavy-and-plush-pretty-pink-peacock-vintage-chenille-b_img09_2026-05-27_160914.png,images/fw102ndset-batch-13_09_fw102ndset-batch-13-large-heavy-and-plush-pretty-pink-peacock-vintage.jpg,,9,218396,candidate_only,Hosting copy is a high-quality JPEG. Original delivered PNG remains unchanged. Public URL not created in this environment.
fw103rdset_batch_14,103,fw103rdset_batch_14_medium-heavy-two-giant-peacocks-vintage-chenille-bathrobe-up_img01_2026-05-27_162549.png,fw103rdset-batch-14_01_fw103rdset-batch-14-medium-heavy-two-giant-peacocks-vintage-chenille-b.jpg,/Users/kyle/Downloads/etsy_cropped_all_batches/MASTER_CLIENT_READY_Etsy_Image_Rescue_2026-05-29/02_All_Listings_By_Set/fw103rdset_batch_14/Cropped_Images/fw103rdset_batch_14_medium-heavy-two-giant-peacocks-vintage-chenille-bathrobe-up_img01_2026-05-27_162549.png,images/fw103rdset-batch-14_01_fw103rdset-batch-14-medium-heavy-two-giant-peacocks-vintage-chenille-b.jpg,,1,248686,candidate_only,Hosting copy is a high-quality JPEG. Original delivered PNG remains unchanged. Public URL not created in this environment.
fw103rdset_batch_14,103,fw103rdset_batch_14_medium-heavy-two-giant-peacocks-vintage-chenille-bathrobe-up_img02_2026-05-27_162554.png,fw103rdset-batch-14_02_fw103rdset-batch-14-medium-heavy-two-giant-peacocks-vintage-chenille-b.jpg,/Users/kyle/Downloads/etsy_cropped_all_batches/MASTER_CLIENT_READY_Etsy_Image_Rescue_2026-05-29/02_All_Listings_By_Set/fw103rdset_batch_14/Cropped_Images/fw103rdset_batch_14_medium-heavy-two-giant-peacocks-vintage-chenille-bathrobe-up_img02_2026-05-27_162554.png,images/fw103rdset-batch-14_02_fw103rdset-batch-14-medium-heavy-two-giant-peacocks-vintage-chenille-b.jpg,,2,202249,candidate_only,Hosting copy is a high-quality JPEG. Original delivered PNG remains unchanged. Public URL not created in this environment.
fw103rdset_batch_14,103,fw103rdset_batch_14_medium-heavy-two-giant-peacocks-vintage-chenille-bathrobe-up_img03_2026-05-27_162559.png,fw103rdset-batch-14_03_fw103rdset-batch-14-medium-heavy-two-giant-peacocks-vintage-chenille-b.jpg,/Users/kyle/Downloads/etsy_cropped_all_batches/MASTER_CLIENT_READY_Etsy_Image_Rescue_2026-05-29/02_All_Listings_By_Set/fw103rdset_batch_14/Cropped_Images/fw103rdset_batch_14_medium-heavy-two-giant-peacocks-vintage-chenille-bathrobe-up_img03_2026-05-27_162559.png,images/fw103rdset-batch-14_03_fw103rdset-batch-14-medium-heavy-two-giant-peacocks-vintage-chenille-b.jpg,,3,182612,candidate_only,Hosting copy is a high-quality JPEG. Original delivered PNG remains unchanged. Public URL not created in this environment.
fw103rdset_batch_14,103,fw103rdset_batch_14_medium-heavy-two-giant-peacocks-vintage-chenille-bathrobe-up_img04_2026-05-27_162604.png,fw103rdset-batch-14_04_fw103rdset-batch-14-medium-heavy-two-giant-peacocks-vintage-chenille-b.jpg,/Users/kyle/Downloads/etsy_cropped_all_batches/MASTER_CLIENT_READY_Etsy_Image_Rescue_2026-05-29/02_All_Listings_By_Set/fw103rdset_batch_14/Cropped_Images/fw103rdset_batch_14_medium-heavy-two-giant-peacocks-vintage-chenille-bathrobe-up_img04_2026-05-27_162604.png,images/fw103rdset-batch-14_04_fw103rdset-batch-14-medium-heavy-two-giant-peacocks-vintage-chenille-b.jpg,,4,173138,candidate_only,Hosting copy is a high-quality JPEG. Original delivered PNG remains unchanged. Public URL not created in this environment.
fw103rdset_batch_14,103,fw103rdset_batch_14_medium-heavy-two-giant-peacocks-vintage-chenille-bathrobe-up_img05_2026-05-27_162608.png,fw103rdset-batch-14_05_fw103rdset-batch-14-medium-heavy-two-giant-peacocks-vintage-chenille-b.jpg,/Users/kyle/Downloads/etsy_cropped_all_batches/MASTER_CLIENT_READY_Etsy_Image_Rescue_2026-05-29/02_All_Listings_By_Set/fw103rdset_batch_14/Cropped_Images/fw103rdset_batch_14_medium-heavy-two-giant-peacocks-vintage-chenille-bathrobe-up_img05_2026-05-27_162608.png,images/fw103rdset-batch-14_05_fw103rdset-batch-14-medium-heavy-two-giant-peacocks-vintage-chenille-b.jpg,,5,215718,candidate_only,Hosting copy is a high-quality JPEG. Original delivered PNG remains unchanged. Public URL not created in this environment.
fw103rdset_batch_14,103,fw103rdset_batch_14_medium-heavy-two-giant-peacocks-vintage-chenille-bathrobe-up_img06_2026-05-27_162613.png,fw103rdset-batch-14_06_fw103rdset-batch-14-medium-heavy-two-giant-peacocks-vintage-chenille-b.jpg,/Users/kyle/Downloads/etsy_cropped_all_batches/MASTER_CLIENT_READY_Etsy_Image_Rescue_2026-05-29/02_All_Listings_By_Set/fw103rdset_batch_14/Cropped_Images/fw103rdset_batch_14_medium-heavy-two-giant-peacocks-vintage-chenille-bathrobe-up_img06_2026-05-27_162613.png,images/fw103rdset-batch-14_06_fw103rdset-batch-14-medium-heavy-two-giant-peacocks-vintage-chenille-b.jpg,,6,158581,candidate_only,Hosting copy is a high-quality JPEG. Original delivered PNG remains unchanged. Public URL not created in this environment.
fw103rdset_batch_14,103,fw103rdset_batch_14_medium-heavy-two-giant-peacocks-vintage-chenille-bathrobe-up_img07_2026-05-27_162618.png,fw103rdset-batch-14_07_fw103rdset-batch-14-medium-heavy-two-giant-peacocks-vintage-chenille-b.jpg,/Users/kyle/Downloads/etsy_cropped_all_batches/MASTER_CLIENT_READY_Etsy_Image_Rescue_2026-05-29/02_All_Listings_By_Set/fw103rdset_batch_14/Cropped_Images/fw103rdset_batch_14_medium-heavy-two-giant-peacocks-vintage-chenille-bathrobe-up_img07_2026-05-27_162618.png,images/fw103rdset-batch-14_07_fw103rdset-batch-14-medium-heavy-two-giant-peacocks-vintage-chenille-b.jpg,,7,194944,candidate_only,Hosting copy is a high-quality JPEG. Original delivered PNG remains unchanged. Public URL not created in this environment.
fw103rdset_batch_14,103,fw103rdset_batch_14_medium-heavy-two-giant-peacocks-vintage-chenille-bathrobe-up_img08_2026-05-27_162622.png,fw103rdset-batch-14_08_fw103rdset-batch-14-medium-heavy-two-giant-peacocks-vintage-chenille-b.jpg,/Users/kyle/Downloads/etsy_cropped_all_batches/MASTER_CLIENT_READY_Etsy_Image_Rescue_2026-05-29/02_All_Listings_By_Set/fw103rdset_batch_14/Cropped_Images/fw103rdset_batch_14_medium-heavy-two-giant-peacocks-vintage-chenille-bathrobe-up_img08_2026-05-27_162622.png,images/fw103rdset-batch-14_08_fw103rdset-batch-14-medium-heavy-two-giant-peacocks-vintage-chenille-b.jpg,,8,145439,candidate_only,Hosting copy is a high-quality JPEG. Original delivered PNG remains unchanged. Public URL not created in this environment.
fw104thset_batch_15,104,fw104thset_batch_15_medium-plush-and-heavy-green-goddess-vintage-chenille-bathro_img01_2026-05-27_162428.png,fw104thset-batch-15_01_fw104thset-batch-15-medium-plush-and-heavy-green-goddess-vintage-cheni.jpg,/Users/kyle/Downloads/etsy_cropped_all_batches/MASTER_CLIENT_READY_Etsy_Image_Rescue_2026-05-29/02_All_Listings_By_Set/fw104thset_batch_15/Cropped_Images/fw104thset_batch_15_medium-plush-and-heavy-green-goddess-vintage-chenille-bathro_img01_2026-05-27_162428.png,images/fw104thset-batch-15_01_fw104thset-batch-15-medium-plush-and-heavy-green-goddess-vintage-cheni.jpg,,1,228741,candidate_only,Hosting copy is a high-quality JPEG. Original delivered PNG remains unchanged. Public URL not created in this environment.
fw104thset_batch_15,104,fw104thset_batch_15_medium-plush-and-heavy-green-goddess-vintage-chenille-bathro_img02_2026-05-27_162434.png,fw104thset-batch-15_02_fw104thset-batch-15-medium-plush-and-heavy-green-goddess-vintage-cheni.jpg,/Users/kyle/Downloads/etsy_cropped_all_batches/MASTER_CLIENT_READY_Etsy_Image_Rescue_2026-05-29/02_All_Listings_By_Set/fw104thset_batch_15/Cropped_Images/fw104thset_batch_15_medium-plush-and-heavy-green-goddess-vintage-chenille-bathro_img02_2026-05-27_162434.png,images/fw104thset-batch-15_02_fw104thset-batch-15-medium-plush-and-heavy-green-goddess-vintage-cheni.jpg,,2,207159,candidate_only,Hosting copy is a high-quality JPEG. Original delivered PNG remains unchanged. Public URL not created in this environment.
fw104thset_batch_15,104,fw104thset_batch_15_medium-plush-and-heavy-green-goddess-vintage-chenille-bathro_img03_2026-05-27_162439.png,fw104thset-batch-15_03_fw104thset-batch-15-medium-plush-and-heavy-green-goddess-vintage-cheni.jpg,/Users/kyle/Downloads/etsy_cropped_all_batches/MASTER_CLIENT_READY_Etsy_Image_Rescue_2026-05-29/02_All_Listings_By_Set/fw104thset_batch_15/Cropped_Images/fw104thset_batch_15_medium-plush-and-heavy-green-goddess-vintage-chenille-bathro_img03_2026-05-27_162439.png,images/fw104thset-batch-15_03_fw104thset-batch-15-medium-plush-and-heavy-green-goddess-vintage-cheni.jpg,,3,160401,candidate_only,Hosting copy is a high-quality JPEG. Original delivered PNG remains unchanged. Public URL not created in this environment.
fw104thset_batch_15,104,fw104thset_batch_15_medium-plush-and-heavy-green-goddess-vintage-chenille-bathro_img04_2026-05-27_162444.png,fw104thset-batch-15_04_fw104thset-batch-15-medium-plush-and-heavy-green-goddess-vintage-cheni.jpg,/Users/kyle/Downloads/etsy_cropped_all_batches/MASTER_CLIENT_READY_Etsy_Image_Rescue_2026-05-29/02_All_Listings_By_Set/fw104thset_batch_15/Cropped_Images/fw104thset_batch_15_medium-plush-and-heavy-green-goddess-vintage-chenille-bathro_img04_2026-05-27_162444.png,images/fw104thset-batch-15_04_fw104thset-batch-15-medium-plush-and-heavy-green-goddess-vintage-cheni.jpg,,4,200489,candidate_only,Hosting copy is a high-quality JPEG. Original delivered PNG remains unchanged. Public URL not created in this environment.
fw104thset_batch_15,104,fw104thset_batch_15_medium-plush-and-heavy-green-goddess-vintage-chenille-bathro_img05_2026-05-27_162449.png,fw104thset-batch-15_05_fw104thset-batch-15-medium-plush-and-heavy-green-goddess-vintage-cheni.jpg,/Users/kyle/Downloads/etsy_cropped_all_batches/MASTER_CLIENT_READY_Etsy_Image_Rescue_2026-05-29/02_All_Listings_By_Set/fw104thset_batch_15/Cropped_Images/fw104thset_batch_15_medium-plush-and-heavy-green-goddess-vintage-chenille-bathro_img05_2026-05-27_162449.png,images/fw104thset-batch-15_05_fw104thset-batch-15-medium-plush-and-heavy-green-goddess-vintage-cheni.jpg,,5,162967,candidate_only,Hosting copy is a high-quality JPEG. Original delivered PNG remains unchanged. Public URL not created in this environment.
fw104thset_batch_15,104,fw104thset_batch_15_medium-plush-and-heavy-green-goddess-vintage-chenille-bathro_img06_2026-05-27_162454.png,fw104thset-batch-15_06_fw104thset-batch-15-medium-plush-and-heavy-green-goddess-vintage-cheni.jpg,/Users/kyle/Downloads/etsy_cropped_all_batches/MASTER_CLIENT_READY_Etsy_Image_Rescue_2026-05-29/02_All_Listings_By_Set/fw104thset_batch_15/Cropped_Images/fw104thset_batch_15_medium-plush-and-heavy-green-goddess-vintage-chenille-bathro_img06_2026-05-27_162454.png,images/fw104thset-batch-15_06_fw104thset-batch-15-medium-plush-and-heavy-green-goddess-vintage-cheni.jpg,,6,197612,candidate_only,Hosting copy is a high-quality JPEG. Original delivered PNG remains unchanged. Public URL not created in this environment.
fw104thset_batch_15,104,fw104thset_batch_15_medium-plush-and-heavy-green-goddess-vintage-chenille-bathro_img07_2026-05-27_162459.png,fw104thset-batch-15_07_fw104thset-batch-15-medium-plush-and-heavy-green-goddess-vintage-cheni.jpg,/Users/kyle/Downloads/etsy_cropped_all_batches/MASTER_CLIENT_READY_Etsy_Image_Rescue_2026-05-29/02_All_Listings_By_Set/fw104thset_batch_15/Cropped_Images/fw104thset_batch_15_medium-plush-and-heavy-green-goddess-vintage-chenille-bathro_img07_2026-05-27_162459.png,images/fw104thset-batch-15_07_fw104thset-batch-15-medium-plush-and-heavy-green-goddess-vintage-cheni.jpg,,7,223685,candidate_only,Hosting copy is a high-quality JPEG. Original delivered PNG remains unchanged. Public URL not created in this environment.
fw104thset_batch_15,104,fw104thset_batch_15_medium-plush-and-heavy-green-goddess-vintage-chenille-bathro_img08_2026-05-27_162504.png,fw104thset-batch-15_08_fw104thset-batch-15-medium-plush-and-heavy-green-goddess-vintage-cheni.jpg,/Users/kyle/Downloads/etsy_cropped_all_batches/MASTER_CLIENT_READY_Etsy_Image_Rescue_2026-05-29/02_All_Listings_By_Set/fw104thset_batch_15/Cropped_Images/fw104thset_batch_15_medium-plush-and-heavy-green-goddess-vintage-chenille-bathro_img08_2026-05-27_162504.png,images/fw104thset-batch-15_08_fw104thset-batch-15-medium-plush-and-heavy-green-goddess-vintage-cheni.jpg,,8,195636,candidate_only,Hosting copy is a high-quality JPEG. Original delivered PNG remains unchanged. Public URL not created in this environment.
fw104thset_batch_15,104,fw104thset_batch_15_medium-plush-and-heavy-green-goddess-vintage-chenille-bathro_img09_2026-05-27_162509.png,fw104thset-batch-15_09_fw104thset-batch-15-medium-plush-and-heavy-green-goddess-vintage-cheni.jpg,/Users/kyle/Downloads/etsy_cropped_all_batches/MASTER_CLIENT_READY_Etsy_Image_Rescue_2026-05-29/02_All_Listings_By_Set/fw104thset_batch_15/Cropped_Images/fw104thset_batch_15_medium-plush-and-heavy-green-goddess-vintage-chenille-bathro_img09_2026-05-27_162509.png,images/fw104thset-batch-15_09_fw104thset-batch-15-medium-plush-and-heavy-green-goddess-vintage-cheni.jpg,,9,159310,candidate_only,Hosting copy is a high-quality JPEG. Original delivered PNG remains unchanged. Public URL not created in this environment.
fw105thset_batch_16,105,fw105thset_batch_16_xl-very-heavy-snd-plush-english-rose-vintage-chenille-bathro_img01_2026-05-27_162251.png,fw105thset-batch-16_01_fw105thset-batch-16-xl-very-heavy-snd-plush-english-rose-vintage-cheni.jpg,/Users/kyle/Downloads/etsy_cropped_all_batches/MASTER_CLIENT_READY_Etsy_Image_Rescue_2026-05-29/02_All_Listings_By_Set/fw105thset_batch_16/Cropped_Images/fw105thset_batch_16_xl-very-heavy-snd-plush-english-rose-vintage-chenille-bathro_img01_2026-05-27_162251.png,images/fw105thset-batch-16_01_fw105thset-batch-16-xl-very-heavy-snd-plush-english-rose-vintage-cheni.jpg,,1,245037,candidate_only,Hosting copy is a high-quality JPEG. Original delivered PNG remains unchanged. Public URL not created in this environment.
fw105thset_batch_16,105,fw105thset_batch_16_xl-very-heavy-snd-plush-english-rose-vintage-chenille-bathro_img02_2026-05-27_162256.png,fw105thset-batch-16_02_fw105thset-batch-16-xl-very-heavy-snd-plush-english-rose-vintage-cheni.jpg,/Users/kyle/Downloads/etsy_cropped_all_batches/MASTER_CLIENT_READY_Etsy_Image_Rescue_2026-05-29/02_All_Listings_By_Set/fw105thset_batch_16/Cropped_Images/fw105thset_batch_16_xl-very-heavy-snd-plush-english-rose-vintage-chenille-bathro_img02_2026-05-27_162256.png,images/fw105thset-batch-16_02_fw105thset-batch-16-xl-very-heavy-snd-plush-english-rose-vintage-cheni.jpg,,2,202787,candidate_only,Hosting copy is a high-quality JPEG. Original delivered PNG remains unchanged. Public URL not created in this environment.
fw105thset_batch_16,105,fw105thset_batch_16_xl-very-heavy-snd-plush-english-rose-vintage-chenille-bathro_img03_2026-05-27_162301.png,fw105thset-batch-16_03_fw105thset-batch-16-xl-very-heavy-snd-plush-english-rose-vintage-cheni.jpg,/Users/kyle/Downloads/etsy_cropped_all_batches/MASTER_CLIENT_READY_Etsy_Image_Rescue_2026-05-29/02_All_Listings_By_Set/fw105thset_batch_16/Cropped_Images/fw105thset_batch_16_xl-very-heavy-snd-plush-english-rose-vintage-chenille-bathro_img03_2026-05-27_162301.png,images/fw105thset-batch-16_03_fw105thset-batch-16-xl-very-heavy-snd-plush-english-rose-vintage-cheni.jpg,,3,166075,candidate_only,Hosting copy is a high-quality JPEG. Original delivered PNG remains unchanged. Public URL not created in this environment.
fw105thset_batch_16,105,fw105thset_batch_16_xl-very-heavy-snd-plush-english-rose-vintage-chenille-bathro_img04_2026-05-27_162306.png,fw105thset-batch-16_04_fw105thset-batch-16-xl-very-heavy-snd-plush-english-rose-vintage-cheni.jpg,/Users/kyle/Downloads/etsy_cropped_all_batches/MASTER_CLIENT_READY_Etsy_Image_Rescue_2026-05-29/02_All_Listings_By_Set/fw105thset_batch_16/Cropped_Images/fw105thset_batch_16_xl-very-heavy-snd-plush-english-rose-vintage-chenille-bathro_img04_2026-05-27_162306.png,images/fw105thset-batch-16_04_fw105thset-batch-16-xl-very-heavy-snd-plush-english-rose-vintage-cheni.jpg,,4,208895,candidate_only,Hosting copy is a high-quality JPEG. Original delivered PNG remains unchanged. Public URL not created in this environment.
fw105thset_batch_16,105,fw105thset_batch_16_xl-very-heavy-snd-plush-english-rose-vintage-chenille-bathro_img05_2026-05-27_162310.png,fw105thset-batch-16_05_fw105thset-batch-16-xl-very-heavy-snd-plush-english-rose-vintage-cheni.jpg,/Users/kyle/Downloads/etsy_cropped_all_batches/MASTER_CLIENT_READY_Etsy_Image_Rescue_2026-05-29/02_All_Listings_By_Set/fw105thset_batch_16/Cropped_Images/fw105thset_batch_16_xl-very-heavy-snd-plush-english-rose-vintage-chenille-bathro_img05_2026-05-27_162310.png,images/fw105thset-batch-16_05_fw105thset-batch-16-xl-very-heavy-snd-plush-english-rose-vintage-cheni.jpg,,5,196755,candidate_only,Hosting copy is a high-quality JPEG. Original delivered PNG remains unchanged. Public URL not created in this environment.
fw105thset_batch_16,105,fw105thset_batch_16_xl-very-heavy-snd-plush-english-rose-vintage-chenille-bathro_img06_2026-05-27_162320.png,fw105thset-batch-16_06_fw105thset-batch-16-xl-very-heavy-snd-plush-english-rose-vintage-cheni.jpg,/Users/kyle/Downloads/etsy_cropped_all_batches/MASTER_CLIENT_READY_Etsy_Image_Rescue_2026-05-29/02_All_Listings_By_Set/fw105thset_batch_16/Cropped_Images/fw105thset_batch_16_xl-very-heavy-snd-plush-english-rose-vintage-chenille-bathro_img06_2026-05-27_162320.png,images/fw105thset-batch-16_06_fw105thset-batch-16-xl-very-heavy-snd-plush-english-rose-vintage-cheni.jpg,,6,237875,candidate_only,Hosting copy is a high-quality JPEG. Original delivered PNG remains unchanged. Public URL not created in this environment.
fw105thset_batch_16,105,fw105thset_batch_16_xl-very-heavy-snd-plush-english-rose-vintage-chenille-bathro_img07_2026-05-27_162325.png,fw105thset-batch-16_07_fw105thset-batch-16-xl-very-heavy-snd-plush-english-rose-vintage-cheni.jpg,/Users/kyle/Downloads/etsy_cropped_all_batches/MASTER_CLIENT_READY_Etsy_Image_Rescue_2026-05-29/02_All_Listings_By_Set/fw105thset_batch_16/Cropped_Images/fw105thset_batch_16_xl-very-heavy-snd-plush-english-rose-vintage-chenille-bathro_img07_2026-05-27_162325.png,images/fw105thset-batch-16_07_fw105thset-batch-16-xl-very-heavy-snd-plush-english-rose-vintage-cheni.jpg,,7,187320,candidate_only,Hosting copy is a high-quality JPEG. Original delivered PNG remains unchanged. Public URL not created in this environment.
fw105thset_batch_16,105,fw105thset_batch_16_xl-very-heavy-snd-plush-english-rose-vintage-chenille-bathro_img08_2026-05-27_162331.png,fw105thset-batch-16_08_fw105thset-batch-16-xl-very-heavy-snd-plush-english-rose-vintage-cheni.jpg,/Users/kyle/Downloads/etsy_cropped_all_batches/MASTER_CLIENT_READY_Etsy_Image_Rescue_2026-05-29/02_All_Listings_By_Set/fw105thset_batch_16/Cropped_Images/fw105thset_batch_16_xl-very-heavy-snd-plush-english-rose-vintage-chenille-bathro_img08_2026-05-27_162331.png,images/fw105thset-batch-16_08_fw105thset-batch-16-xl-very-heavy-snd-plush-english-rose-vintage-cheni.jpg,,8,208739,candidate_only,Hosting copy is a high-quality JPEG. Original delivered PNG remains unchanged. Public URL not created in this environment.
fw105thset_batch_16,105,fw105thset_batch_16_xl-very-heavy-snd-plush-english-rose-vintage-chenille-bathro_img09_2026-05-27_162336.png,fw105thset-batch-16_09_fw105thset-batch-16-xl-very-heavy-snd-plush-english-rose-vintage-cheni.jpg,/Users/kyle/Downloads/etsy_cropped_all_batches/MASTER_CLIENT_READY_Etsy_Image_Rescue_2026-05-29/02_All_Listings_By_Set/fw105thset_batch_16/Cropped_Images/fw105thset_batch_16_xl-very-heavy-snd-plush-english-rose-vintage-chenille-bathro_img09_2026-05-27_162336.png,images/fw105thset-batch-16_09_fw105thset-batch-16-xl-very-heavy-snd-plush-english-rose-vintage-cheni.jpg,,9,253105,candidate_only,Hosting copy is a high-quality JPEG. Original delivered PNG remains unchanged. Public URL not created in this environment.
fw106thset_batch_17,106,fw106thset_batch_17_mecium-soft-and-lightweight-love-you-to-the-moon-and-back-vi_img01_2026-05-27_163826.png,fw106thset-batch-17_01_fw106thset-batch-17-mecium-soft-and-lightweight-love-you-to-the-moon-a.jpg,/Users/kyle/Downloads/etsy_cropped_all_batches/MASTER_CLIENT_READY_Etsy_Image_Rescue_2026-05-29/02_All_Listings_By_Set/fw106thset_batch_17/Cropped_Images/fw106thset_batch_17_mecium-soft-and-lightweight-love-you-to-the-moon-and-back-vi_img01_2026-05-27_163826.png,images/fw106thset-batch-17_01_fw106thset-batch-17-mecium-soft-and-lightweight-love-you-to-the-moon-a.jpg,,1,275829,candidate_only,Hosting copy is a high-quality JPEG. Original delivered PNG remains unchanged. Public URL not created in this environment.
fw106thset_batch_17,106,fw106thset_batch_17_mecium-soft-and-lightweight-love-you-to-the-moon-and-back-vi_img02_2026-05-27_163832.png,fw106thset-batch-17_02_fw106thset-batch-17-mecium-soft-and-lightweight-love-you-to-the-moon-a.jpg,/Users/kyle/Downloads/etsy_cropped_all_batches/MASTER_CLIENT_READY_Etsy_Image_Rescue_2026-05-29/02_All_Listings_By_Set/fw106thset_batch_17/Cropped_Images/fw106thset_batch_17_mecium-soft-and-lightweight-love-you-to-the-moon-and-back-vi_img02_2026-05-27_163832.png,images/fw106thset-batch-17_02_fw106thset-batch-17-mecium-soft-and-lightweight-love-you-to-the-moon-a.jpg,,2,287457,candidate_only,Hosting copy is a high-quality JPEG. Original delivered PNG remains unchanged. Public URL not created in this environment.
fw106thset_batch_17,106,fw106thset_batch_17_mecium-soft-and-lightweight-love-you-to-the-moon-and-back-vi_img03_2026-05-27_163838.png,fw106thset-batch-17_03_fw106thset-batch-17-mecium-soft-and-lightweight-love-you-to-the-moon-a.jpg,/Users/kyle/Downloads/etsy_cropped_all_batches/MASTER_CLIENT_READY_Etsy_Image_Rescue_2026-05-29/02_All_Listings_By_Set/fw106thset_batch_17/Cropped_Images/fw106thset_batch_17_mecium-soft-and-lightweight-love-you-to-the-moon-and-back-vi_img03_2026-05-27_163838.png,images/fw106thset-batch-17_03_fw106thset-batch-17-mecium-soft-and-lightweight-love-you-to-the-moon-a.jpg,,3,201327,candidate_only,Hosting copy is a high-quality JPEG. Original delivered PNG remains unchanged. Public URL not created in this environment.
fw106thset_batch_17,106,fw106thset_batch_17_mecium-soft-and-lightweight-love-you-to-the-moon-and-back-vi_img04_2026-05-27_163842.png,fw106thset-batch-17_04_fw106thset-batch-17-mecium-soft-and-lightweight-love-you-to-the-moon-a.jpg,/Users/kyle/Downloads/etsy_cropped_all_batches/MASTER_CLIENT_READY_Etsy_Image_Rescue_2026-05-29/02_All_Listings_By_Set/fw106thset_batch_17/Cropped_Images/fw106thset_batch_17_mecium-soft-and-lightweight-love-you-to-the-moon-and-back-vi_img04_2026-05-27_163842.png,images/fw106thset-batch-17_04_fw106thset-batch-17-mecium-soft-and-lightweight-love-you-to-the-moon-a.jpg,,4,264761,candidate_only,Hosting copy is a high-quality JPEG. Original delivered PNG remains unchanged. Public URL not created in this environment.
fw106thset_batch_17,106,fw106thset_batch_17_mecium-soft-and-lightweight-love-you-to-the-moon-and-back-vi_img05_2026-05-27_163847.png,fw106thset-batch-17_05_fw106thset-batch-17-mecium-soft-and-lightweight-love-you-to-the-moon-a.jpg,/Users/kyle/Downloads/etsy_cropped_all_batches/MASTER_CLIENT_READY_Etsy_Image_Rescue_2026-05-29/02_All_Listings_By_Set/fw106thset_batch_17/Cropped_Images/fw106thset_batch_17_mecium-soft-and-lightweight-love-you-to-the-moon-and-back-vi_img05_2026-05-27_163847.png,images/fw106thset-batch-17_05_fw106thset-batch-17-mecium-soft-and-lightweight-love-you-to-the-moon-a.jpg,,5,293264,candidate_only,Hosting copy is a high-quality JPEG. Original delivered PNG remains unchanged. Public URL not created in this environment.
fw106thset_batch_17,106,fw106thset_batch_17_mecium-soft-and-lightweight-love-you-to-the-moon-and-back-vi_img06_2026-05-27_163853.png,fw106thset-batch-17_06_fw106thset-batch-17-mecium-soft-and-lightweight-love-you-to-the-moon-a.jpg,/Users/kyle/Downloads/etsy_cropped_all_batches/MASTER_CLIENT_READY_Etsy_Image_Rescue_2026-05-29/02_All_Listings_By_Set/fw106thset_batch_17/Cropped_Images/fw106thset_batch_17_mecium-soft-and-lightweight-love-you-to-the-moon-and-back-vi_img06_2026-05-27_163853.png,images/fw106thset-batch-17_06_fw106thset-batch-17-mecium-soft-and-lightweight-love-you-to-the-moon-a.jpg,,6,230348,candidate_only,Hosting copy is a high-quality JPEG. Original delivered PNG remains unchanged. Public URL not created in this environment.
fw106thset_batch_17,106,fw106thset_batch_17_mecium-soft-and-lightweight-love-you-to-the-moon-and-back-vi_img07_2026-05-27_163858.png,fw106thset-batch-17_07_fw106thset-batch-17-mecium-soft-and-lightweight-love-you-to-the-moon-a.jpg,/Users/kyle/Downloads/etsy_cropped_all_batches/MASTER_CLIENT_READY_Etsy_Image_Rescue_2026-05-29/02_All_Listings_By_Set/fw106thset_batch_17/Cropped_Images/fw106thset_batch_17_mecium-soft-and-lightweight-love-you-to-the-moon-and-back-vi_img07_2026-05-27_163858.png,images/fw106thset-batch-17_07_fw106thset-batch-17-mecium-soft-and-lightweight-love-you-to-the-moon-a.jpg,,7,227905,candidate_only,Hosting copy is a high-quality JPEG. Original delivered PNG remains unchanged. Public URL not created in this environment.
fw106thset_batch_17,106,fw106thset_batch_17_mecium-soft-and-lightweight-love-you-to-the-moon-and-back-vi_img08_2026-05-27_163902.png,fw106thset-batch-17_08_fw106thset-batch-17-mecium-soft-and-lightweight-love-you-to-the-moon-a.jpg,/Users/kyle/Downloads/etsy_cropped_all_batches/MASTER_CLIENT_READY_Etsy_Image_Rescue_2026-05-29/02_All_Listings_By_Set/fw106thset_batch_17/Cropped_Images/fw106thset_batch_17_mecium-soft-and-lightweight-love-you-to-the-moon-and-back-vi_img08_2026-05-27_163902.png,images/fw106thset-batch-17_08_fw106thset-batch-17-mecium-soft-and-lightweight-love-you-to-the-moon-a.jpg,,8,185236,candidate_only,Hosting copy is a high-quality JPEG. Original delivered PNG remains unchanged. Public URL not created in this environment.
fw106thset_batch_17,106,fw106thset_batch_17_mecium-soft-and-lightweight-love-you-to-the-moon-and-back-vi_img09_2026-05-27_163907.png,fw106thset-batch-17_09_fw106thset-batch-17-mecium-soft-and-lightweight-love-you-to-the-moon-a.jpg,/Users/kyle/Downloads/etsy_cropped_all_batches/MASTER_CLIENT_READY_Etsy_Image_Rescue_2026-05-29/02_All_Listings_By_Set/fw106thset_batch_17/Cropped_Images/fw106thset_batch_17_mecium-soft-and-lightweight-love-you-to-the-moon-and-back-vi_img09_2026-05-27_163907.png,images/fw106thset-batch-17_09_fw106thset-batch-17-mecium-soft-and-lightweight-love-you-to-the-moon-a.jpg,,9,236530,candidate_only,Hosting copy is a high-quality JPEG. Original delivered PNG remains unchanged. Public URL not created in this environment.
fw107thset_batch_18,107,fw107thset_batch_18_small-plush-and-heavy-sunrise-in-the-garden-vintage-chenille_img01_2026-05-27_163651.png,fw107thset-batch-18_01_fw107thset-batch-18-small-plush-and-heavy-sunrise-in-the-garden-vintag.jpg,/Users/kyle/Downloads/etsy_cropped_all_batches/MASTER_CLIENT_READY_Etsy_Image_Rescue_2026-05-29/02_All_Listings_By_Set/fw107thset_batch_18/Cropped_Images/fw107thset_batch_18_small-plush-and-heavy-sunrise-in-the-garden-vintage-chenille_img01_2026-05-27_163651.png,images/fw107thset-batch-18_01_fw107thset-batch-18-small-plush-and-heavy-sunrise-in-the-garden-vintag.jpg,,1,276429,candidate_only,Hosting copy is a high-quality JPEG. Original delivered PNG remains unchanged. Public URL not created in this environment.
fw107thset_batch_18,107,fw107thset_batch_18_small-plush-and-heavy-sunrise-in-the-garden-vintage-chenille_img02_2026-05-27_163656.png,fw107thset-batch-18_02_fw107thset-batch-18-small-plush-and-heavy-sunrise-in-the-garden-vintag.jpg,/Users/kyle/Downloads/etsy_cropped_all_batches/MASTER_CLIENT_READY_Etsy_Image_Rescue_2026-05-29/02_All_Listings_By_Set/fw107thset_batch_18/Cropped_Images/fw107thset_batch_18_small-plush-and-heavy-sunrise-in-the-garden-vintage-chenille_img02_2026-05-27_163656.png,images/fw107thset-batch-18_02_fw107thset-batch-18-small-plush-and-heavy-sunrise-in-the-garden-vintag.jpg,,2,227271,candidate_only,Hosting copy is a high-quality JPEG. Original delivered PNG remains unchanged. Public URL not created in this environment.
fw107thset_batch_18,107,fw107thset_batch_18_small-plush-and-heavy-sunrise-in-the-garden-vintage-chenille_img03_2026-05-27_163701.png,fw107thset-batch-18_03_fw107thset-batch-18-small-plush-and-heavy-sunrise-in-the-garden-vintag.jpg,/Users/kyle/Downloads/etsy_cropped_all_batches/MASTER_CLIENT_READY_Etsy_Image_Rescue_2026-05-29/02_All_Listings_By_Set/fw107thset_batch_18/Cropped_Images/fw107thset_batch_18_small-plush-and-heavy-sunrise-in-the-garden-vintage-chenille_img03_2026-05-27_163701.png,images/fw107thset-batch-18_03_fw107thset-batch-18-small-plush-and-heavy-sunrise-in-the-garden-vintag.jpg,,3,173966,candidate_only,Hosting copy is a high-quality JPEG. Original delivered PNG remains unchanged. Public URL not created in this environment.
fw107thset_batch_18,107,fw107thset_batch_18_small-plush-and-heavy-sunrise-in-the-garden-vintage-chenille_img04_2026-05-27_163706.png,fw107thset-batch-18_04_fw107thset-batch-18-small-plush-and-heavy-sunrise-in-the-garden-vintag.jpg,/Users/kyle/Downloads/etsy_cropped_all_batches/MASTER_CLIENT_READY_Etsy_Image_Rescue_2026-05-29/02_All_Listings_By_Set/fw107thset_batch_18/Cropped_Images/fw107thset_batch_18_small-plush-and-heavy-sunrise-in-the-garden-vintage-chenille_img04_2026-05-27_163706.png,images/fw107thset-batch-18_04_fw107thset-batch-18-small-plush-and-heavy-sunrise-in-the-garden-vintag.jpg,,4,195340,candidate_only,Hosting copy is a high-quality JPEG. Original delivered PNG remains unchanged. Public URL not created in this environment.
fw107thset_batch_18,107,fw107thset_batch_18_small-plush-and-heavy-sunrise-in-the-garden-vintage-chenille_img05_2026-05-27_163710.png,fw107thset-batch-18_05_fw107thset-batch-18-small-plush-and-heavy-sunrise-in-the-garden-vintag.jpg,/Users/kyle/Downloads/etsy_cropped_all_batches/MASTER_CLIENT_READY_Etsy_Image_Rescue_2026-05-29/02_All_Listings_By_Set/fw107thset_batch_18/Cropped_Images/fw107thset_batch_18_small-plush-and-heavy-sunrise-in-the-garden-vintage-chenille_img05_2026-05-27_163710.png,images/fw107thset-batch-18_05_fw107thset-batch-18-small-plush-and-heavy-sunrise-in-the-garden-vintag.jpg,,5,178132,candidate_only,Hosting copy is a high-quality JPEG. Original delivered PNG remains unchanged. Public URL not created in this environment.
fw107thset_batch_18,107,fw107thset_batch_18_small-plush-and-heavy-sunrise-in-the-garden-vintage-chenille_img06_2026-05-27_163715.png,fw107thset-batch-18_06_fw107thset-batch-18-small-plush-and-heavy-sunrise-in-the-garden-vintag.jpg,/Users/kyle/Downloads/etsy_cropped_all_batches/MASTER_CLIENT_READY_Etsy_Image_Rescue_2026-05-29/02_All_Listings_By_Set/fw107thset_batch_18/Cropped_Images/fw107thset_batch_18_small-plush-and-heavy-sunrise-in-the-garden-vintage-chenille_img06_2026-05-27_163715.png,images/fw107thset-batch-18_06_fw107thset-batch-18-small-plush-and-heavy-sunrise-in-the-garden-vintag.jpg,,6,185044,candidate_only,Hosting copy is a high-quality JPEG. Original delivered PNG remains unchanged. Public URL not created in this environment.
fw107thset_batch_18,107,fw107thset_batch_18_small-plush-and-heavy-sunrise-in-the-garden-vintage-chenille_img07_2026-05-27_163720.png,fw107thset-batch-18_07_fw107thset-batch-18-small-plush-and-heavy-sunrise-in-the-garden-vintag.jpg,/Users/kyle/Downloads/etsy_cropped_all_batches/MASTER_CLIENT_READY_Etsy_Image_Rescue_2026-05-29/02_All_Listings_By_Set/fw107thset_batch_18/Cropped_Images/fw107thset_batch_18_small-plush-and-heavy-sunrise-in-the-garden-vintage-chenille_img07_2026-05-27_163720.png,images/fw107thset-batch-18_07_fw107thset-batch-18-small-plush-and-heavy-sunrise-in-the-garden-vintag.jpg,,7,221118,candidate_only,Hosting copy is a high-quality JPEG. Original delivered PNG remains unchanged. Public URL not created in this environment.
fw107thset_batch_18,107,fw107thset_batch_18_small-plush-and-heavy-sunrise-in-the-garden-vintage-chenille_img08_2026-05-27_163720.png,fw107thset-batch-18_08_fw107thset-batch-18-small-plush-and-heavy-sunrise-in-the-garden-vintag.jpg,/Users/kyle/Downloads/etsy_cropped_all_batches/MASTER_CLIENT_READY_Etsy_Image_Rescue_2026-05-29/02_All_Listings_By_Set/fw107thset_batch_18/Cropped_Images/fw107thset_batch_18_small-plush-and-heavy-sunrise-in-the-garden-vintage-chenille_img08_2026-05-27_163720.png,images/fw107thset-batch-18_08_fw107thset-batch-18-small-plush-and-heavy-sunrise-in-the-garden-vintag.jpg,,8,221118,candidate_only,Hosting copy is a high-quality JPEG. Original delivered PNG remains unchanged. Public URL not created in this environment.
fw107thset_batch_18,107,fw107thset_batch_18_small-plush-and-heavy-sunrise-in-the-garden-vintage-chenille_img09_2026-05-27_163726.png,fw107thset-batch-18_09_fw107thset-batch-18-small-plush-and-heavy-sunrise-in-the-garden-vintag.jpg,/Users/kyle/Downloads/etsy_cropped_all_batches/MASTER_CLIENT_READY_Etsy_Image_Rescue_2026-05-29/02_All_Listings_By_Set/fw107thset_batch_18/Cropped_Images/fw107thset_batch_18_small-plush-and-heavy-sunrise-in-the-garden-vintage-chenille_img09_2026-05-27_163726.png,images/fw107thset-batch-18_09_fw107thset-batch-18-small-plush-and-heavy-sunrise-in-the-garden-vintag.jpg,,9,258388,candidate_only,Hosting copy is a high-quality JPEG. Original delivered PNG remains unchanged. Public URL not created in this environment.
fw107thset_batch_18,107,fw107thset_batch_18_small-plush-and-heavy-sunrise-in-the-garden-vintage-chenille_img10_2026-05-27_163731.png,fw107thset-batch-18_10_fw107thset-batch-18-small-plush-and-heavy-sunrise-in-the-garden-vintag.jpg,/Users/kyle/Downloads/etsy_cropped_all_batches/MASTER_CLIENT_READY_Etsy_Image_Rescue_2026-05-29/02_All_Listings_By_Set/fw107thset_batch_18/Cropped_Images/fw107thset_batch_18_small-plush-and-heavy-sunrise-in-the-garden-vintage-chenille_img10_2026-05-27_163731.png,images/fw107thset-batch-18_10_fw107thset-batch-18-small-plush-and-heavy-sunrise-in-the-garden-vintag.jpg,,10,195506,candidate_only,Hosting copy is a high-quality JPEG. Original delivered PNG remains unchanged. Public URL not created in this environment.
fw108thset_batch_19,108,fw108thset_batch_19_large-plush-and-heavy-barbie-s-flower-basket-vintage-chenill_img01_2026-05-27_163542.png,fw108thset-batch-19_01_fw108thset-batch-19-large-plush-and-heavy-barbie-s-flower-basket-vinta.jpg,/Users/kyle/Downloads/etsy_cropped_all_batches/MASTER_CLIENT_READY_Etsy_Image_Rescue_2026-05-29/02_All_Listings_By_Set/fw108thset_batch_19/Cropped_Images/fw108thset_batch_19_large-plush-and-heavy-barbie-s-flower-basket-vintage-chenill_img01_2026-05-27_163542.png,images/fw108thset-batch-19_01_fw108thset-batch-19-large-plush-and-heavy-barbie-s-flower-basket-vinta.jpg,,1,235120,candidate_only,Hosting copy is a high-quality JPEG. Original delivered PNG remains unchanged. Public URL not created in this environment.
fw108thset_batch_19,108,fw108thset_batch_19_large-plush-and-heavy-barbie-s-flower-basket-vintage-chenill_img02_2026-05-27_163547.png,fw108thset-batch-19_02_fw108thset-batch-19-large-plush-and-heavy-barbie-s-flower-basket-vinta.jpg,/Users/kyle/Downloads/etsy_cropped_all_batches/MASTER_CLIENT_READY_Etsy_Image_Rescue_2026-05-29/02_All_Listings_By_Set/fw108thset_batch_19/Cropped_Images/fw108thset_batch_19_large-plush-and-heavy-barbie-s-flower-basket-vintage-chenill_img02_2026-05-27_163547.png,images/fw108thset-batch-19_02_fw108thset-batch-19-large-plush-and-heavy-barbie-s-flower-basket-vinta.jpg,,2,221935,candidate_only,Hosting copy is a high-quality JPEG. Original delivered PNG remains unchanged. Public URL not created in this environment.
fw108thset_batch_19,108,fw108thset_batch_19_large-plush-and-heavy-barbie-s-flower-basket-vintage-chenill_img03_2026-05-27_163552.png,fw108thset-batch-19_03_fw108thset-batch-19-large-plush-and-heavy-barbie-s-flower-basket-vinta.jpg,/Users/kyle/Downloads/etsy_cropped_all_batches/MASTER_CLIENT_READY_Etsy_Image_Rescue_2026-05-29/02_All_Listings_By_Set/fw108thset_batch_19/Cropped_Images/fw108thset_batch_19_large-plush-and-heavy-barbie-s-flower-basket-vintage-chenill_img03_2026-05-27_163552.png,images/fw108thset-batch-19_03_fw108thset-batch-19-large-plush-and-heavy-barbie-s-flower-basket-vinta.jpg,,3,154120,candidate_only,Hosting copy is a high-quality JPEG. Original delivered PNG remains unchanged. Public URL not created in this environment.
fw108thset_batch_19,108,fw108thset_batch_19_large-plush-and-heavy-barbie-s-flower-basket-vintage-chenill_img04_2026-05-27_163557.png,fw108thset-batch-19_04_fw108thset-batch-19-large-plush-and-heavy-barbie-s-flower-basket-vinta.jpg,/Users/kyle/Downloads/etsy_cropped_all_batches/MASTER_CLIENT_READY_Etsy_Image_Rescue_2026-05-29/02_All_Listings_By_Set/fw108thset_batch_19/Cropped_Images/fw108thset_batch_19_large-plush-and-heavy-barbie-s-flower-basket-vintage-chenill_img04_2026-05-27_163557.png,images/fw108thset-batch-19_04_fw108thset-batch-19-large-plush-and-heavy-barbie-s-flower-basket-vinta.jpg,,4,184335,candidate_only,Hosting copy is a high-quality JPEG. Original delivered PNG remains unchanged. Public URL not created in this environment.
fw108thset_batch_19,108,fw108thset_batch_19_large-plush-and-heavy-barbie-s-flower-basket-vintage-chenill_img05_2026-05-27_163601.png,fw108thset-batch-19_05_fw108thset-batch-19-large-plush-and-heavy-barbie-s-flower-basket-vinta.jpg,/Users/kyle/Downloads/etsy_cropped_all_batches/MASTER_CLIENT_READY_Etsy_Image_Rescue_2026-05-29/02_All_Listings_By_Set/fw108thset_batch_19/Cropped_Images/fw108thset_batch_19_large-plush-and-heavy-barbie-s-flower-basket-vintage-chenill_img05_2026-05-27_163601.png,images/fw108thset-batch-19_05_fw108thset-batch-19-large-plush-and-heavy-barbie-s-flower-basket-vinta.jpg,,5,163112,candidate_only,Hosting copy is a high-quality JPEG. Original delivered PNG remains unchanged. Public URL not created in this environment.
fw108thset_batch_19,108,fw108thset_batch_19_large-plush-and-heavy-barbie-s-flower-basket-vintage-chenill_img06_2026-05-27_163605.png,fw108thset-batch-19_06_fw108thset-batch-19-large-plush-and-heavy-barbie-s-flower-basket-vinta.jpg,/Users/kyle/Downloads/etsy_cropped_all_batches/MASTER_CLIENT_READY_Etsy_Image_Rescue_2026-05-29/02_All_Listings_By_Set/fw108thset_batch_19/Cropped_Images/fw108thset_batch_19_large-plush-and-heavy-barbie-s-flower-basket-vintage-chenill_img06_2026-05-27_163605.png,images/fw108thset-batch-19_06_fw108thset-batch-19-large-plush-and-heavy-barbie-s-flower-basket-vinta.jpg,,6,192546,candidate_only,Hosting copy is a high-quality JPEG. Original delivered PNG remains unchanged. Public URL not created in this environment.
fw108thset_batch_19,108,fw108thset_batch_19_large-plush-and-heavy-barbie-s-flower-basket-vintage-chenill_img07_2026-05-27_163610.png,fw108thset-batch-19_07_fw108thset-batch-19-large-plush-and-heavy-barbie-s-flower-basket-vinta.jpg,/Users/kyle/Downloads/etsy_cropped_all_batches/MASTER_CLIENT_READY_Etsy_Image_Rescue_2026-05-29/02_All_Listings_By_Set/fw108thset_batch_19/Cropped_Images/fw108thset_batch_19_large-plush-and-heavy-barbie-s-flower-basket-vintage-chenill_img07_2026-05-27_163610.png,images/fw108thset-batch-19_07_fw108thset-batch-19-large-plush-and-heavy-barbie-s-flower-basket-vinta.jpg,,7,224076,candidate_only,Hosting copy is a high-quality JPEG. Original delivered PNG remains unchanged. Public URL not created in this environment.
fw108thset_batch_19,108,fw108thset_batch_19_large-plush-and-heavy-barbie-s-flower-basket-vintage-chenill_img08_2026-05-27_163615.png,fw108thset-batch-19_08_fw108thset-batch-19-large-plush-and-heavy-barbie-s-flower-basket-vinta.jpg,/Users/kyle/Downloads/etsy_cropped_all_batches/MASTER_CLIENT_READY_Etsy_Image_Rescue_2026-05-29/02_All_Listings_By_Set/fw108thset_batch_19/Cropped_Images/fw108thset_batch_19_large-plush-and-heavy-barbie-s-flower-basket-vintage-chenill_img08_2026-05-27_163615.png,images/fw108thset-batch-19_08_fw108thset-batch-19-large-plush-and-heavy-barbie-s-flower-basket-vinta.jpg,,8,207207,candidate_only,Hosting copy is a high-quality JPEG. Original delivered PNG remains unchanged. Public URL not created in this environment.
fw109thset_batch_20,109,fw109thset_batch_20_small-mid-length-wrapped-up-in-a-bow-vintage-chenille-bathro_img01_2026-05-27_165031.png,fw109thset-batch-20_01_fw109thset-batch-20-small-mid-length-wrapped-up-in-a-bow-vintage-cheni.jpg,/Users/kyle/Downloads/etsy_cropped_all_batches/MASTER_CLIENT_READY_Etsy_Image_Rescue_2026-05-29/02_All_Listings_By_Set/fw109thset_batch_20/Cropped_Images/fw109thset_batch_20_small-mid-length-wrapped-up-in-a-bow-vintage-chenille-bathro_img01_2026-05-27_165031.png,images/fw109thset-batch-20_01_fw109thset-batch-20-small-mid-length-wrapped-up-in-a-bow-vintage-cheni.jpg,,1,232455,candidate_only,Hosting copy is a high-quality JPEG. Original delivered PNG remains unchanged. Public URL not created in this environment.
fw109thset_batch_20,109,fw109thset_batch_20_small-mid-length-wrapped-up-in-a-bow-vintage-chenille-bathro_img02_2026-05-27_165037.png,fw109thset-batch-20_02_fw109thset-batch-20-small-mid-length-wrapped-up-in-a-bow-vintage-cheni.jpg,/Users/kyle/Downloads/etsy_cropped_all_batches/MASTER_CLIENT_READY_Etsy_Image_Rescue_2026-05-29/02_All_Listings_By_Set/fw109thset_batch_20/Cropped_Images/fw109thset_batch_20_small-mid-length-wrapped-up-in-a-bow-vintage-chenille-bathro_img02_2026-05-27_165037.png,images/fw109thset-batch-20_02_fw109thset-batch-20-small-mid-length-wrapped-up-in-a-bow-vintage-cheni.jpg,,2,210029,candidate_only,Hosting copy is a high-quality JPEG. Original delivered PNG remains unchanged. Public URL not created in this environment.
fw109thset_batch_20,109,fw109thset_batch_20_small-mid-length-wrapped-up-in-a-bow-vintage-chenille-bathro_img03_2026-05-27_165041.png,fw109thset-batch-20_03_fw109thset-batch-20-small-mid-length-wrapped-up-in-a-bow-vintage-cheni.jpg,/Users/kyle/Downloads/etsy_cropped_all_batches/MASTER_CLIENT_READY_Etsy_Image_Rescue_2026-05-29/02_All_Listings_By_Set/fw109thset_batch_20/Cropped_Images/fw109thset_batch_20_small-mid-length-wrapped-up-in-a-bow-vintage-chenille-bathro_img03_2026-05-27_165041.png,images/fw109thset-batch-20_03_fw109thset-batch-20-small-mid-length-wrapped-up-in-a-bow-vintage-cheni.jpg,,3,185014,candidate_only,Hosting copy is a high-quality JPEG. Original delivered PNG remains unchanged. Public URL not created in this environment.
fw109thset_batch_20,109,fw109thset_batch_20_small-mid-length-wrapped-up-in-a-bow-vintage-chenille-bathro_img04_2026-05-27_165047.png,fw109thset-batch-20_04_fw109thset-batch-20-small-mid-length-wrapped-up-in-a-bow-vintage-cheni.jpg,/Users/kyle/Downloads/etsy_cropped_all_batches/MASTER_CLIENT_READY_Etsy_Image_Rescue_2026-05-29/02_All_Listings_By_Set/fw109thset_batch_20/Cropped_Images/fw109thset_batch_20_small-mid-length-wrapped-up-in-a-bow-vintage-chenille-bathro_img04_2026-05-27_165047.png,images/fw109thset-batch-20_04_fw109thset-batch-20-small-mid-length-wrapped-up-in-a-bow-vintage-cheni.jpg,,4,151946,candidate_only,Hosting copy is a high-quality JPEG. Original delivered PNG remains unchanged. Public URL not created in this environment.
fw109thset_batch_20,109,fw109thset_batch_20_small-mid-length-wrapped-up-in-a-bow-vintage-chenille-bathro_img05_2026-05-27_165051.png,fw109thset-batch-20_05_fw109thset-batch-20-small-mid-length-wrapped-up-in-a-bow-vintage-cheni.jpg,/Users/kyle/Downloads/etsy_cropped_all_batches/MASTER_CLIENT_READY_Etsy_Image_Rescue_2026-05-29/02_All_Listings_By_Set/fw109thset_batch_20/Cropped_Images/fw109thset_batch_20_small-mid-length-wrapped-up-in-a-bow-vintage-chenille-bathro_img05_2026-05-27_165051.png,images/fw109thset-batch-20_05_fw109thset-batch-20-small-mid-length-wrapped-up-in-a-bow-vintage-cheni.jpg,,5,169068,candidate_only,Hosting copy is a high-quality JPEG. Original delivered PNG remains unchanged. Public URL not created in this environment.
fw109thset_batch_20,109,fw109thset_batch_20_small-mid-length-wrapped-up-in-a-bow-vintage-chenille-bathro_img06_2026-05-27_165056.png,fw109thset-batch-20_06_fw109thset-batch-20-small-mid-length-wrapped-up-in-a-bow-vintage-cheni.jpg,/Users/kyle/Downloads/etsy_cropped_all_batches/MASTER_CLIENT_READY_Etsy_Image_Rescue_2026-05-29/02_All_Listings_By_Set/fw109thset_batch_20/Cropped_Images/fw109thset_batch_20_small-mid-length-wrapped-up-in-a-bow-vintage-chenille-bathro_img06_2026-05-27_165056.png,images/fw109thset-batch-20_06_fw109thset-batch-20-small-mid-length-wrapped-up-in-a-bow-vintage-cheni.jpg,,6,192006,candidate_only,Hosting copy is a high-quality JPEG. Original delivered PNG remains unchanged. Public URL not created in this environment.
fw109thset_batch_20,109,fw109thset_batch_20_small-mid-length-wrapped-up-in-a-bow-vintage-chenille-bathro_img07_2026-05-27_165101.png,fw109thset-batch-20_07_fw109thset-batch-20-small-mid-length-wrapped-up-in-a-bow-vintage-cheni.jpg,/Users/kyle/Downloads/etsy_cropped_all_batches/MASTER_CLIENT_READY_Etsy_Image_Rescue_2026-05-29/02_All_Listings_By_Set/fw109thset_batch_20/Cropped_Images/fw109thset_batch_20_small-mid-length-wrapped-up-in-a-bow-vintage-chenille-bathro_img07_2026-05-27_165101.png,images/fw109thset-batch-20_07_fw109thset-batch-20-small-mid-length-wrapped-up-in-a-bow-vintage-cheni.jpg,,7,192446,candidate_only,Hosting copy is a high-quality JPEG. Original delivered PNG remains unchanged. Public URL not created in this environment.
fw109thset_batch_20,109,fw109thset_batch_20_small-mid-length-wrapped-up-in-a-bow-vintage-chenille-bathro_img08_2026-05-27_165106.png,fw109thset-batch-20_08_fw109thset-batch-20-small-mid-length-wrapped-up-in-a-bow-vintage-cheni.jpg,/Users/kyle/Downloads/etsy_cropped_all_batches/MASTER_CLIENT_READY_Etsy_Image_Rescue_2026-05-29/02_All_Listings_By_Set/fw109thset_batch_20/Cropped_Images/fw109thset_batch_20_small-mid-length-wrapped-up-in-a-bow-vintage-chenille-bathro_img08_2026-05-27_165106.png,images/fw109thset-batch-20_08_fw109thset-batch-20-small-mid-length-wrapped-up-in-a-bow-vintage-cheni.jpg,,8,185073,candidate_only,Hosting copy is a high-quality JPEG. Original delivered PNG remains unchanged. Public URL not created in this environment.
fw109thset_batch_20,109,fw109thset_batch_20_small-mid-length-wrapped-up-in-a-bow-vintage-chenille-bathro_img09_2026-05-27_165114.png,fw109thset-batch-20_09_fw109thset-batch-20-small-mid-length-wrapped-up-in-a-bow-vintage-cheni.jpg,/Users/kyle/Downloads/etsy_cropped_all_batches/MASTER_CLIENT_READY_Etsy_Image_Rescue_2026-05-29/02_All_Listings_By_Set/fw109thset_batch_20/Cropped_Images/fw109thset_batch_20_small-mid-length-wrapped-up-in-a-bow-vintage-chenille-bathro_img09_2026-05-27_165114.png,images/fw109thset-batch-20_09_fw109thset-batch-20-small-mid-length-wrapped-up-in-a-bow-vintage-cheni.jpg,,9,220850,candidate_only,Hosting copy is a high-quality JPEG. Original delivered PNG remains unchanged. Public URL not created in this environment.
fw110thset_batch_21,110,fw110thset_batch_21_large-super-plush-red-hot-pinwheels-chenille-bathrobe-upcycl_img01_2026-05-27_164602.png,fw110thset-batch-21_01_fw110thset-batch-21-large-super-plush-red-hot-pinwheels-chenille-bathr.jpg,/Users/kyle/Downloads/etsy_cropped_all_batches/MASTER_CLIENT_READY_Etsy_Image_Rescue_2026-05-29/02_All_Listings_By_Set/fw110thset_batch_21/Cropped_Images/fw110thset_batch_21_large-super-plush-red-hot-pinwheels-chenille-bathrobe-upcycl_img01_2026-05-27_164602.png,images/fw110thset-batch-21_01_fw110thset-batch-21-large-super-plush-red-hot-pinwheels-chenille-bathr.jpg,,1,259260,candidate_only,Hosting copy is a high-quality JPEG. Original delivered PNG remains unchanged. Public URL not created in this environment.
fw110thset_batch_21,110,fw110thset_batch_21_large-super-plush-red-hot-pinwheels-chenille-bathrobe-upcycl_img02_2026-05-27_164607.png,fw110thset-batch-21_02_fw110thset-batch-21-large-super-plush-red-hot-pinwheels-chenille-bathr.jpg,/Users/kyle/Downloads/etsy_cropped_all_batches/MASTER_CLIENT_READY_Etsy_Image_Rescue_2026-05-29/02_All_Listings_By_Set/fw110thset_batch_21/Cropped_Images/fw110thset_batch_21_large-super-plush-red-hot-pinwheels-chenille-bathrobe-upcycl_img02_2026-05-27_164607.png,images/fw110thset-batch-21_02_fw110thset-batch-21-large-super-plush-red-hot-pinwheels-chenille-bathr.jpg,,2,196847,candidate_only,Hosting copy is a high-quality JPEG. Original delivered PNG remains unchanged. Public URL not created in this environment.
fw110thset_batch_21,110,fw110thset_batch_21_large-super-plush-red-hot-pinwheels-chenille-bathrobe-upcycl_img03_2026-05-27_164613.png,fw110thset-batch-21_03_fw110thset-batch-21-large-super-plush-red-hot-pinwheels-chenille-bathr.jpg,/Users/kyle/Downloads/etsy_cropped_all_batches/MASTER_CLIENT_READY_Etsy_Image_Rescue_2026-05-29/02_All_Listings_By_Set/fw110thset_batch_21/Cropped_Images/fw110thset_batch_21_large-super-plush-red-hot-pinwheels-chenille-bathrobe-upcycl_img03_2026-05-27_164613.png,images/fw110thset-batch-21_03_fw110thset-batch-21-large-super-plush-red-hot-pinwheels-chenille-bathr.jpg,,3,179002,candidate_only,Hosting copy is a high-quality JPEG. Original delivered PNG remains unchanged. Public URL not created in this environment.
fw110thset_batch_21,110,fw110thset_batch_21_large-super-plush-red-hot-pinwheels-chenille-bathrobe-upcycl_img04_2026-05-27_164617.png,fw110thset-batch-21_04_fw110thset-batch-21-large-super-plush-red-hot-pinwheels-chenille-bathr.jpg,/Users/kyle/Downloads/etsy_cropped_all_batches/MASTER_CLIENT_READY_Etsy_Image_Rescue_2026-05-29/02_All_Listings_By_Set/fw110thset_batch_21/Cropped_Images/fw110thset_batch_21_large-super-plush-red-hot-pinwheels-chenille-bathrobe-upcycl_img04_2026-05-27_164617.png,images/fw110thset-batch-21_04_fw110thset-batch-21-large-super-plush-red-hot-pinwheels-chenille-bathr.jpg,,4,199095,candidate_only,Hosting copy is a high-quality JPEG. Original delivered PNG remains unchanged. Public URL not created in this environment.
fw110thset_batch_21,110,fw110thset_batch_21_large-super-plush-red-hot-pinwheels-chenille-bathrobe-upcycl_img05_2026-05-27_164622.png,fw110thset-batch-21_05_fw110thset-batch-21-large-super-plush-red-hot-pinwheels-chenille-bathr.jpg,/Users/kyle/Downloads/etsy_cropped_all_batches/MASTER_CLIENT_READY_Etsy_Image_Rescue_2026-05-29/02_All_Listings_By_Set/fw110thset_batch_21/Cropped_Images/fw110thset_batch_21_large-super-plush-red-hot-pinwheels-chenille-bathrobe-upcycl_img05_2026-05-27_164622.png,images/fw110thset-batch-21_05_fw110thset-batch-21-large-super-plush-red-hot-pinwheels-chenille-bathr.jpg,,5,165233,candidate_only,Hosting copy is a high-quality JPEG. Original delivered PNG remains unchanged. Public URL not created in this environment.
fw110thset_batch_21,110,fw110thset_batch_21_large-super-plush-red-hot-pinwheels-chenille-bathrobe-upcycl_img06_2026-05-27_164626.png,fw110thset-batch-21_06_fw110thset-batch-21-large-super-plush-red-hot-pinwheels-chenille-bathr.jpg,/Users/kyle/Downloads/etsy_cropped_all_batches/MASTER_CLIENT_READY_Etsy_Image_Rescue_2026-05-29/02_All_Listings_By_Set/fw110thset_batch_21/Cropped_Images/fw110thset_batch_21_large-super-plush-red-hot-pinwheels-chenille-bathrobe-upcycl_img06_2026-05-27_164626.png,images/fw110thset-batch-21_06_fw110thset-batch-21-large-super-plush-red-hot-pinwheels-chenille-bathr.jpg,,6,192695,candidate_only,Hosting copy is a high-quality JPEG. Original delivered PNG remains unchanged. Public URL not created in this environment.
fw110thset_batch_21,110,fw110thset_batch_21_large-super-plush-red-hot-pinwheels-chenille-bathrobe-upcycl_img07_2026-05-27_164631.png,fw110thset-batch-21_07_fw110thset-batch-21-large-super-plush-red-hot-pinwheels-chenille-bathr.jpg,/Users/kyle/Downloads/etsy_cropped_all_batches/MASTER_CLIENT_READY_Etsy_Image_Rescue_2026-05-29/02_All_Listings_By_Set/fw110thset_batch_21/Cropped_Images/fw110thset_batch_21_large-super-plush-red-hot-pinwheels-chenille-bathrobe-upcycl_img07_2026-05-27_164631.png,images/fw110thset-batch-21_07_fw110thset-batch-21-large-super-plush-red-hot-pinwheels-chenille-bathr.jpg,,7,157134,candidate_only,Hosting copy is a high-quality JPEG. Original delivered PNG remains unchanged. Public URL not created in this environment.
fw110thset_batch_21,110,fw110thset_batch_21_large-super-plush-red-hot-pinwheels-chenille-bathrobe-upcycl_img08_2026-05-27_164635.png,fw110thset-batch-21_08_fw110thset-batch-21-large-super-plush-red-hot-pinwheels-chenille-bathr.jpg,/Users/kyle/Downloads/etsy_cropped_all_batches/MASTER_CLIENT_READY_Etsy_Image_Rescue_2026-05-29/02_All_Listings_By_Set/fw110thset_batch_21/Cropped_Images/fw110thset_batch_21_large-super-plush-red-hot-pinwheels-chenille-bathrobe-upcycl_img08_2026-05-27_164635.png,images/fw110thset-batch-21_08_fw110thset-batch-21-large-super-plush-red-hot-pinwheels-chenille-bathr.jpg,,8,212358,candidate_only,Hosting copy is a high-quality JPEG. Original delivered PNG remains unchanged. Public URL not created in this environment.
fw110thset_batch_21,110,fw110thset_batch_21_large-super-plush-red-hot-pinwheels-chenille-bathrobe-upcycl_img09_2026-05-27_164641.png,fw110thset-batch-21_09_fw110thset-batch-21-large-super-plush-red-hot-pinwheels-chenille-bathr.jpg,/Users/kyle/Downloads/etsy_cropped_all_batches/MASTER_CLIENT_READY_Etsy_Image_Rescue_2026-05-29/02_All_Listings_By_Set/fw110thset_batch_21/Cropped_Images/fw110thset_batch_21_large-super-plush-red-hot-pinwheels-chenille-bathrobe-upcycl_img09_2026-05-27_164641.png,images/fw110thset-batch-21_09_fw110thset-batch-21-large-super-plush-red-hot-pinwheels-chenille-bathr.jpg,,9,192858,candidate_only,Hosting copy is a high-quality JPEG. Original delivered PNG remains unchanged. Public URL not created in this environment.
fw110thset_batch_21,110,fw110thset_batch_21_large-super-plush-red-hot-pinwheels-chenille-bathrobe-upcycl_img10_2026-05-27_164646.png,fw110thset-batch-21_10_fw110thset-batch-21-large-super-plush-red-hot-pinwheels-chenille-bathr.jpg,/Users/kyle/Downloads/etsy_cropped_all_batches/MASTER_CLIENT_READY_Etsy_Image_Rescue_2026-05-29/02_All_Listings_By_Set/fw110thset_batch_21/Cropped_Images/fw110thset_batch_21_large-super-plush-red-hot-pinwheels-chenille-bathrobe-upcycl_img10_2026-05-27_164646.png,images/fw110thset-batch-21_10_fw110thset-batch-21-large-super-plush-red-hot-pinwheels-chenille-bathr.jpg,,10,190100,candidate_only,Hosting copy is a high-quality JPEG. Original delivered PNG remains unchanged. Public URL not created in this environment.
fw111thset_batch_02,111,fw111thset_batch_02_xl-soft-and-plush-sherbert-peavock-vintage-chenille-bathrobe_img01_2026-05-27_164908.png,fw111thset-batch-02_01_fw111thset-batch-02-xl-soft-and-plush-sherbert-peavock-vintage-chenill.jpg,/Users/kyle/Downloads/etsy_cropped_all_batches/MASTER_CLIENT_READY_Etsy_Image_Rescue_2026-05-29/02_All_Listings_By_Set/fw111thset_batch_02/Cropped_Images/fw111thset_batch_02_xl-soft-and-plush-sherbert-peavock-vintage-chenille-bathrobe_img01_2026-05-27_164908.png,images/fw111thset-batch-02_01_fw111thset-batch-02-xl-soft-and-plush-sherbert-peavock-vintage-chenill.jpg,,1,275345,candidate_only,Hosting copy is a high-quality JPEG. Original delivered PNG remains unchanged. Public URL not created in this environment.
fw111thset_batch_02,111,fw111thset_batch_02_xl-soft-and-plush-sherbert-peavock-vintage-chenille-bathrobe_img02_2026-05-27_164908.png,fw111thset-batch-02_02_fw111thset-batch-02-xl-soft-and-plush-sherbert-peavock-vintage-chenill.jpg,/Users/kyle/Downloads/etsy_cropped_all_batches/MASTER_CLIENT_READY_Etsy_Image_Rescue_2026-05-29/02_All_Listings_By_Set/fw111thset_batch_02/Cropped_Images/fw111thset_batch_02_xl-soft-and-plush-sherbert-peavock-vintage-chenille-bathrobe_img02_2026-05-27_164908.png,images/fw111thset-batch-02_02_fw111thset-batch-02-xl-soft-and-plush-sherbert-peavock-vintage-chenill.jpg,,2,275345,candidate_only,Hosting copy is a high-quality JPEG. Original delivered PNG remains unchanged. Public URL not created in this environment.
fw111thset_batch_02,111,fw111thset_batch_02_xl-soft-and-plush-sherbert-peavock-vintage-chenille-bathrobe_img03_2026-05-27_164914.png,fw111thset-batch-02_03_fw111thset-batch-02-xl-soft-and-plush-sherbert-peavock-vintage-chenill.jpg,/Users/kyle/Downloads/etsy_cropped_all_batches/MASTER_CLIENT_READY_Etsy_Image_Rescue_2026-05-29/02_All_Listings_By_Set/fw111thset_batch_02/Cropped_Images/fw111thset_batch_02_xl-soft-and-plush-sherbert-peavock-vintage-chenille-bathrobe_img03_2026-05-27_164914.png,images/fw111thset-batch-02_03_fw111thset-batch-02-xl-soft-and-plush-sherbert-peavock-vintage-chenill.jpg,,3,206829,candidate_only,Hosting copy is a high-quality JPEG. Original delivered PNG remains unchanged. Public URL not created in this environment.
fw111thset_batch_02,111,fw111thset_batch_02_xl-soft-and-plush-sherbert-peavock-vintage-chenille-bathrobe_img04_2026-05-27_164925.png,fw111thset-batch-02_04_fw111thset-batch-02-xl-soft-and-plush-sherbert-peavock-vintage-chenill.jpg,/Users/kyle/Downloads/etsy_cropped_all_batches/MASTER_CLIENT_READY_Etsy_Image_Rescue_2026-05-29/02_All_Listings_By_Set/fw111thset_batch_02/Cropped_Images/fw111thset_batch_02_xl-soft-and-plush-sherbert-peavock-vintage-chenille-bathrobe_img04_2026-05-27_164925.png,images/fw111thset-batch-02_04_fw111thset-batch-02-xl-soft-and-plush-sherbert-peavock-vintage-chenill.jpg,,4,193211,candidate_only,Hosting copy is a high-quality JPEG. Original delivered PNG remains unchanged. Public URL not created in this environment.
fw111thset_batch_02,111,fw111thset_batch_02_xl-soft-and-plush-sherbert-peavock-vintage-chenille-bathrobe_img05_2026-05-27_164931.png,fw111thset-batch-02_05_fw111thset-batch-02-xl-soft-and-plush-sherbert-peavock-vintage-chenill.jpg,/Users/kyle/Downloads/etsy_cropped_all_batches/MASTER_CLIENT_READY_Etsy_Image_Rescue_2026-05-29/02_All_Listings_By_Set/fw111thset_batch_02/Cropped_Images/fw111thset_batch_02_xl-soft-and-plush-sherbert-peavock-vintage-chenille-bathrobe_img05_2026-05-27_164931.png,images/fw111thset-batch-02_05_fw111thset-batch-02-xl-soft-and-plush-sherbert-peavock-vintage-chenill.jpg,,5,156423,candidate_only,Hosting copy is a high-quality JPEG. Original delivered PNG remains unchanged. Public URL not created in this environment.
fw111thset_batch_02,111,fw111thset_batch_02_xl-soft-and-plush-sherbert-peavock-vintage-chenille-bathrobe_img06_2026-05-27_164935.png,fw111thset-batch-02_06_fw111thset-batch-02-xl-soft-and-plush-sherbert-peavock-vintage-chenill.jpg,/Users/kyle/Downloads/etsy_cropped_all_batches/MASTER_CLIENT_READY_Etsy_Image_Rescue_2026-05-29/02_All_Listings_By_Set/fw111thset_batch_02/Cropped_Images/fw111thset_batch_02_xl-soft-and-plush-sherbert-peavock-vintage-chenille-bathrobe_img06_2026-05-27_164935.png,images/fw111thset-batch-02_06_fw111thset-batch-02-xl-soft-and-plush-sherbert-peavock-vintage-chenill.jpg,,6,205355,candidate_only,Hosting copy is a high-quality JPEG. Original delivered PNG remains unchanged. Public URL not created in this environment.
fw111thset_batch_02,111,fw111thset_batch_02_xl-soft-and-plush-sherbert-peavock-vintage-chenille-bathrobe_img07_2026-05-27_164940.png,fw111thset-batch-02_07_fw111thset-batch-02-xl-soft-and-plush-sherbert-peavock-vintage-chenill.jpg,/Users/kyle/Downloads/etsy_cropped_all_batches/MASTER_CLIENT_READY_Etsy_Image_Rescue_2026-05-29/02_All_Listings_By_Set/fw111thset_batch_02/Cropped_Images/fw111thset_batch_02_xl-soft-and-plush-sherbert-peavock-vintage-chenille-bathrobe_img07_2026-05-27_164940.png,images/fw111thset-batch-02_07_fw111thset-batch-02-xl-soft-and-plush-sherbert-peavock-vintage-chenill.jpg,,7,192863,candidate_only,Hosting copy is a high-quality JPEG. Original delivered PNG remains unchanged. Public URL not created in this environment.
fw111thset_batch_02,111,fw111thset_batch_02_xl-soft-and-plush-sherbert-peavock-vintage-chenille-bathrobe_img08_2026-05-27_164945.png,fw111thset-batch-02_08_fw111thset-batch-02-xl-soft-and-plush-sherbert-peavock-vintage-chenill.jpg,/Users/kyle/Downloads/etsy_cropped_all_batches/MASTER_CLIENT_READY_Etsy_Image_Rescue_2026-05-29/02_All_Listings_By_Set/fw111thset_batch_02/Cropped_Images/fw111thset_batch_02_xl-soft-and-plush-sherbert-peavock-vintage-chenille-bathrobe_img08_2026-05-27_164945.png,images/fw111thset-batch-02_08_fw111thset-batch-02-xl-soft-and-plush-sherbert-peavock-vintage-chenill.jpg,,8,216773,candidate_only,Hosting copy is a high-quality JPEG. Original delivered PNG remains unchanged. Public URL not created in this environment.
fw111thset_batch_02,111,fw111thset_batch_02_xl-soft-and-plush-sherbert-peavock-vintage-chenille-bathrobe_img09_2026-05-27_164951.png,fw111thset-batch-02_09_fw111thset-batch-02-xl-soft-and-plush-sherbert-peavock-vintage-chenill.jpg,/Users/kyle/Downloads/etsy_cropped_all_batches/MASTER_CLIENT_READY_Etsy_Image_Rescue_2026-05-29/02_All_Listings_By_Set/fw111thset_batch_02/Cropped_Images/fw111thset_batch_02_xl-soft-and-plush-sherbert-peavock-vintage-chenille-bathrobe_img09_2026-05-27_164951.png,images/fw111thset-batch-02_09_fw111thset-batch-02-xl-soft-and-plush-sherbert-peavock-vintage-chenill.jpg,,9,237125,candidate_only,Hosting copy is a high-quality JPEG. Original delivered PNG remains unchanged. Public URL not created in this environment.
fw111thset_batch_22,111,fw111thset_batch_22_xl-soft-and-plush-sherbert-peavock-vintage-chenille-bathrobe_img01_2026-05-27_164908.png,fw111thset-batch-22_01_fw111thset-batch-22-xl-soft-and-plush-sherbert-peavock-vintage-chenill.jpg,/Users/kyle/Downloads/etsy_cropped_all_batches/MASTER_CLIENT_READY_Etsy_Image_Rescue_2026-05-29/02_All_Listings_By_Set/fw111thset_batch_22/Cropped_Images/fw111thset_batch_22_xl-soft-and-plush-sherbert-peavock-vintage-chenille-bathrobe_img01_2026-05-27_164908.png,images/fw111thset-batch-22_01_fw111thset-batch-22-xl-soft-and-plush-sherbert-peavock-vintage-chenill.jpg,,1,275345,candidate_only,Hosting copy is a high-quality JPEG. Original delivered PNG remains unchanged. Public URL not created in this environment.
fw111thset_batch_22,111,fw111thset_batch_22_xl-soft-and-plush-sherbert-peavock-vintage-chenille-bathrobe_img02_2026-05-27_164908.png,fw111thset-batch-22_02_fw111thset-batch-22-xl-soft-and-plush-sherbert-peavock-vintage-chenill.jpg,/Users/kyle/Downloads/etsy_cropped_all_batches/MASTER_CLIENT_READY_Etsy_Image_Rescue_2026-05-29/02_All_Listings_By_Set/fw111thset_batch_22/Cropped_Images/fw111thset_batch_22_xl-soft-and-plush-sherbert-peavock-vintage-chenille-bathrobe_img02_2026-05-27_164908.png,images/fw111thset-batch-22_02_fw111thset-batch-22-xl-soft-and-plush-sherbert-peavock-vintage-chenill.jpg,,2,275345,candidate_only,Hosting copy is a high-quality JPEG. Original delivered PNG remains unchanged. Public URL not created in this environment.
fw111thset_batch_22,111,fw111thset_batch_22_xl-soft-and-plush-sherbert-peavock-vintage-chenille-bathrobe_img03_2026-05-27_164914.png,fw111thset-batch-22_03_fw111thset-batch-22-xl-soft-and-plush-sherbert-peavock-vintage-chenill.jpg,/Users/kyle/Downloads/etsy_cropped_all_batches/MASTER_CLIENT_READY_Etsy_Image_Rescue_2026-05-29/02_All_Listings_By_Set/fw111thset_batch_22/Cropped_Images/fw111thset_batch_22_xl-soft-and-plush-sherbert-peavock-vintage-chenille-bathrobe_img03_2026-05-27_164914.png,images/fw111thset-batch-22_03_fw111thset-batch-22-xl-soft-and-plush-sherbert-peavock-vintage-chenill.jpg,,3,206829,candidate_only,Hosting copy is a high-quality JPEG. Original delivered PNG remains unchanged. Public URL not created in this environment.
fw111thset_batch_22,111,fw111thset_batch_22_xl-soft-and-plush-sherbert-peavock-vintage-chenille-bathrobe_img04_2026-05-27_164925.png,fw111thset-batch-22_04_fw111thset-batch-22-xl-soft-and-plush-sherbert-peavock-vintage-chenill.jpg,/Users/kyle/Downloads/etsy_cropped_all_batches/MASTER_CLIENT_READY_Etsy_Image_Rescue_2026-05-29/02_All_Listings_By_Set/fw111thset_batch_22/Cropped_Images/fw111thset_batch_22_xl-soft-and-plush-sherbert-peavock-vintage-chenille-bathrobe_img04_2026-05-27_164925.png,images/fw111thset-batch-22_04_fw111thset-batch-22-xl-soft-and-plush-sherbert-peavock-vintage-chenill.jpg,,4,193211,candidate_only,Hosting copy is a high-quality JPEG. Original delivered PNG remains unchanged. Public URL not created in this environment.
fw111thset_batch_22,111,fw111thset_batch_22_xl-soft-and-plush-sherbert-peavock-vintage-chenille-bathrobe_img05_2026-05-27_164931.png,fw111thset-batch-22_05_fw111thset-batch-22-xl-soft-and-plush-sherbert-peavock-vintage-chenill.jpg,/Users/kyle/Downloads/etsy_cropped_all_batches/MASTER_CLIENT_READY_Etsy_Image_Rescue_2026-05-29/02_All_Listings_By_Set/fw111thset_batch_22/Cropped_Images/fw111thset_batch_22_xl-soft-and-plush-sherbert-peavock-vintage-chenille-bathrobe_img05_2026-05-27_164931.png,images/fw111thset-batch-22_05_fw111thset-batch-22-xl-soft-and-plush-sherbert-peavock-vintage-chenill.jpg,,5,156423,candidate_only,Hosting copy is a high-quality JPEG. Original delivered PNG remains unchanged. Public URL not created in this environment.
fw111thset_batch_22,111,fw111thset_batch_22_xl-soft-and-plush-sherbert-peavock-vintage-chenille-bathrobe_img06_2026-05-27_164935.png,fw111thset-batch-22_06_fw111thset-batch-22-xl-soft-and-plush-sherbert-peavock-vintage-chenill.jpg,/Users/kyle/Downloads/etsy_cropped_all_batches/MASTER_CLIENT_READY_Etsy_Image_Rescue_2026-05-29/02_All_Listings_By_Set/fw111thset_batch_22/Cropped_Images/fw111thset_batch_22_xl-soft-and-plush-sherbert-peavock-vintage-chenille-bathrobe_img06_2026-05-27_164935.png,images/fw111thset-batch-22_06_fw111thset-batch-22-xl-soft-and-plush-sherbert-peavock-vintage-chenill.jpg,,6,205355,candidate_only,Hosting copy is a high-quality JPEG. Original delivered PNG remains unchanged. Public URL not created in this environment.
fw111thset_batch_22,111,fw111thset_batch_22_xl-soft-and-plush-sherbert-peavock-vintage-chenille-bathrobe_img07_2026-05-27_164940.png,fw111thset-batch-22_07_fw111thset-batch-22-xl-soft-and-plush-sherbert-peavock-vintage-chenill.jpg,/Users/kyle/Downloads/etsy_cropped_all_batches/MASTER_CLIENT_READY_Etsy_Image_Rescue_2026-05-29/02_All_Listings_By_Set/fw111thset_batch_22/Cropped_Images/fw111thset_batch_22_xl-soft-and-plush-sherbert-peavock-vintage-chenille-bathrobe_img07_2026-05-27_164940.png,images/fw111thset-batch-22_07_fw111thset-batch-22-xl-soft-and-plush-sherbert-peavock-vintage-chenill.jpg,,7,192863,candidate_only,Hosting copy is a high-quality JPEG. Original delivered PNG remains unchanged. Public URL not created in this environment.
fw111thset_batch_22,111,fw111thset_batch_22_xl-soft-and-plush-sherbert-peavock-vintage-chenille-bathrobe_img08_2026-05-27_164945.png,fw111thset-batch-22_08_fw111thset-batch-22-xl-soft-and-plush-sherbert-peavock-vintage-chenill.jpg,/Users/kyle/Downloads/etsy_cropped_all_batches/MASTER_CLIENT_READY_Etsy_Image_Rescue_2026-05-29/02_All_Listings_By_Set/fw111thset_batch_22/Cropped_Images/fw111thset_batch_22_xl-soft-and-plush-sherbert-peavock-vintage-chenille-bathrobe_img08_2026-05-27_164945.png,images/fw111thset-batch-22_08_fw111thset-batch-22-xl-soft-and-plush-sherbert-peavock-vintage-chenill.jpg,,8,216773,candidate_only,Hosting copy is a high-quality JPEG. Original delivered PNG remains unchanged. Public URL not created in this environment.
fw111thset_batch_22,111,fw111thset_batch_22_xl-soft-and-plush-sherbert-peavock-vintage-chenille-bathrobe_img09_2026-05-27_164951.png,fw111thset-batch-22_09_fw111thset-batch-22-xl-soft-and-plush-sherbert-peavock-vintage-chenill.jpg,/Users/kyle/Downloads/etsy_cropped_all_batches/MASTER_CLIENT_READY_Etsy_Image_Rescue_2026-05-29/02_All_Listings_By_Set/fw111thset_batch_22/Cropped_Images/fw111thset_batch_22_xl-soft-and-plush-sherbert-peavock-vintage-chenille-bathrobe_img09_2026-05-27_164951.png,images/fw111thset-batch-22_09_fw111thset-batch-22-xl-soft-and-plush-sherbert-peavock-vintage-chenill.jpg,,9,237125,candidate_only,Hosting copy is a high-quality JPEG. Original delivered PNG remains unchanged. Public URL not created in this environment.
fw112thset_batch_03,112,fw112thset_batch_03_medium-heavy-and-plush-peachy-triple-peacock-vintage-chenill_img01_2026-05-27_164740.png,fw112thset-batch-03_01_fw112thset-batch-03-medium-heavy-and-plush-peachy-triple-peacock-vinta.jpg,/Users/kyle/Downloads/etsy_cropped_all_batches/MASTER_CLIENT_READY_Etsy_Image_Rescue_2026-05-29/02_All_Listings_By_Set/fw112thset_batch_03/Cropped_Images/fw112thset_batch_03_medium-heavy-and-plush-peachy-triple-peacock-vintage-chenill_img01_2026-05-27_164740.png,images/fw112thset-batch-03_01_fw112thset-batch-03-medium-heavy-and-plush-peachy-triple-peacock-vinta.jpg,,1,299723,candidate_only,Hosting copy is a high-quality JPEG. Original delivered PNG remains unchanged. Public URL not created in this environment.
fw112thset_batch_03,112,fw112thset_batch_03_medium-heavy-and-plush-peachy-triple-peacock-vintage-chenill_img02_2026-05-27_164747.png,fw112thset-batch-03_02_fw112thset-batch-03-medium-heavy-and-plush-peachy-triple-peacock-vinta.jpg,/Users/kyle/Downloads/etsy_cropped_all_batches/MASTER_CLIENT_READY_Etsy_Image_Rescue_2026-05-29/02_All_Listings_By_Set/fw112thset_batch_03/Cropped_Images/fw112thset_batch_03_medium-heavy-and-plush-peachy-triple-peacock-vintage-chenill_img02_2026-05-27_164747.png,images/fw112thset-batch-03_02_fw112thset-batch-03-medium-heavy-and-plush-peachy-triple-peacock-vinta.jpg,,2,219130,candidate_only,Hosting copy is a high-quality JPEG. Original delivered PNG remains unchanged. Public URL not created in this environment.
fw112thset_batch_03,112,fw112thset_batch_03_medium-heavy-and-plush-peachy-triple-peacock-vintage-chenill_img03_2026-05-27_164752.png,fw112thset-batch-03_03_fw112thset-batch-03-medium-heavy-and-plush-peachy-triple-peacock-vinta.jpg,/Users/kyle/Downloads/etsy_cropped_all_batches/MASTER_CLIENT_READY_Etsy_Image_Rescue_2026-05-29/02_All_Listings_By_Set/fw112thset_batch_03/Cropped_Images/fw112thset_batch_03_medium-heavy-and-plush-peachy-triple-peacock-vintage-chenill_img03_2026-05-27_164752.png,images/fw112thset-batch-03_03_fw112thset-batch-03-medium-heavy-and-plush-peachy-triple-peacock-vinta.jpg,,3,204066,candidate_only,Hosting copy is a high-quality JPEG. Original delivered PNG remains unchanged. Public URL not created in this environment.
fw112thset_batch_03,112,fw112thset_batch_03_medium-heavy-and-plush-peachy-triple-peacock-vintage-chenill_img04_2026-05-27_164756.png,fw112thset-batch-03_04_fw112thset-batch-03-medium-heavy-and-plush-peachy-triple-peacock-vinta.jpg,/Users/kyle/Downloads/etsy_cropped_all_batches/MASTER_CLIENT_READY_Etsy_Image_Rescue_2026-05-29/02_All_Listings_By_Set/fw112thset_batch_03/Cropped_Images/fw112thset_batch_03_medium-heavy-and-plush-peachy-triple-peacock-vintage-chenill_img04_2026-05-27_164756.png,images/fw112thset-batch-03_04_fw112thset-batch-03-medium-heavy-and-plush-peachy-triple-peacock-vinta.jpg,,4,203040,candidate_only,Hosting copy is a high-quality JPEG. Original delivered PNG remains unchanged. Public URL not created in this environment.
fw112thset_batch_03,112,fw112thset_batch_03_medium-heavy-and-plush-peachy-triple-peacock-vintage-chenill_img05_2026-05-27_164801.png,fw112thset-batch-03_05_fw112thset-batch-03-medium-heavy-and-plush-peachy-triple-peacock-vinta.jpg,/Users/kyle/Downloads/etsy_cropped_all_batches/MASTER_CLIENT_READY_Etsy_Image_Rescue_2026-05-29/02_All_Listings_By_Set/fw112thset_batch_03/Cropped_Images/fw112thset_batch_03_medium-heavy-and-plush-peachy-triple-peacock-vintage-chenill_img05_2026-05-27_164801.png,images/fw112thset-batch-03_05_fw112thset-batch-03-medium-heavy-and-plush-peachy-triple-peacock-vinta.jpg,,5,186322,candidate_only,Hosting copy is a high-quality JPEG. Original delivered PNG remains unchanged. Public URL not created in this environment.
fw112thset_batch_03,112,fw112thset_batch_03_medium-heavy-and-plush-peachy-triple-peacock-vintage-chenill_img06_2026-05-27_164806.png,fw112thset-batch-03_06_fw112thset-batch-03-medium-heavy-and-plush-peachy-triple-peacock-vinta.jpg,/Users/kyle/Downloads/etsy_cropped_all_batches/MASTER_CLIENT_READY_Etsy_Image_Rescue_2026-05-29/02_All_Listings_By_Set/fw112thset_batch_03/Cropped_Images/fw112thset_batch_03_medium-heavy-and-plush-peachy-triple-peacock-vintage-chenill_img06_2026-05-27_164806.png,images/fw112thset-batch-03_06_fw112thset-batch-03-medium-heavy-and-plush-peachy-triple-peacock-vinta.jpg,,6,178169,candidate_only,Hosting copy is a high-quality JPEG. Original delivered PNG remains unchanged. Public URL not created in this environment.
fw112thset_batch_03,112,fw112thset_batch_03_medium-heavy-and-plush-peachy-triple-peacock-vintage-chenill_img07_2026-05-27_164811.png,fw112thset-batch-03_07_fw112thset-batch-03-medium-heavy-and-plush-peachy-triple-peacock-vinta.jpg,/Users/kyle/Downloads/etsy_cropped_all_batches/MASTER_CLIENT_READY_Etsy_Image_Rescue_2026-05-29/02_All_Listings_By_Set/fw112thset_batch_03/Cropped_Images/fw112thset_batch_03_medium-heavy-and-plush-peachy-triple-peacock-vintage-chenill_img07_2026-05-27_164811.png,images/fw112thset-batch-03_07_fw112thset-batch-03-medium-heavy-and-plush-peachy-triple-peacock-vinta.jpg,,7,222730,candidate_only,Hosting copy is a high-quality JPEG. Original delivered PNG remains unchanged. Public URL not created in this environment.
fw112thset_batch_03,112,fw112thset_batch_03_medium-heavy-and-plush-peachy-triple-peacock-vintage-chenill_img08_2026-05-27_164817.png,fw112thset-batch-03_08_fw112thset-batch-03-medium-heavy-and-plush-peachy-triple-peacock-vinta.jpg,/Users/kyle/Downloads/etsy_cropped_all_batches/MASTER_CLIENT_READY_Etsy_Image_Rescue_2026-05-29/02_All_Listings_By_Set/fw112thset_batch_03/Cropped_Images/fw112thset_batch_03_medium-heavy-and-plush-peachy-triple-peacock-vintage-chenill_img08_2026-05-27_164817.png,images/fw112thset-batch-03_08_fw112thset-batch-03-medium-heavy-and-plush-peachy-triple-peacock-vinta.jpg,,8,173473,candidate_only,Hosting copy is a high-quality JPEG. Original delivered PNG remains unchanged. Public URL not created in this environment.
fw112thset_batch_03,112,fw112thset_batch_03_medium-heavy-and-plush-peachy-triple-peacock-vintage-chenill_img09_2026-05-27_164822.png,fw112thset-batch-03_09_fw112thset-batch-03-medium-heavy-and-plush-peachy-triple-peacock-vinta.jpg,/Users/kyle/Downloads/etsy_cropped_all_batches/MASTER_CLIENT_READY_Etsy_Image_Rescue_2026-05-29/02_All_Listings_By_Set/fw112thset_batch_03/Cropped_Images/fw112thset_batch_03_medium-heavy-and-plush-peachy-triple-peacock-vintage-chenill_img09_2026-05-27_164822.png,images/fw112thset-batch-03_09_fw112thset-batch-03-medium-heavy-and-plush-peachy-triple-peacock-vinta.jpg,,9,232351,candidate_only,Hosting copy is a high-quality JPEG. Original delivered PNG remains unchanged. Public URL not created in this environment.
fw114thset_batch_04,114,fw114thset_batch_04_small-heavy-dusty-rose-quadruple-peacock-chenille-bathrobe-u_img01_2026-05-27_195349.png,fw114thset-batch-04_01_fw114thset-batch-04-small-heavy-dusty-rose-quadruple-peacock-chenille.jpg,/Users/kyle/Downloads/etsy_cropped_all_batches/MASTER_CLIENT_READY_Etsy_Image_Rescue_2026-05-29/02_All_Listings_By_Set/fw114thset_batch_04/Cropped_Images/fw114thset_batch_04_small-heavy-dusty-rose-quadruple-peacock-chenille-bathrobe-u_img01_2026-05-27_195349.png,images/fw114thset-batch-04_01_fw114thset-batch-04-small-heavy-dusty-rose-quadruple-peacock-chenille.jpg,,1,172102,candidate_only,Hosting copy is a high-quality JPEG. Original delivered PNG remains unchanged. Public URL not created in this environment.
fw114thset_batch_04,114,fw114thset_batch_04_small-heavy-dusty-rose-quadruple-peacock-chenille-bathrobe-u_img02_2026-05-27_195355.png,fw114thset-batch-04_02_fw114thset-batch-04-small-heavy-dusty-rose-quadruple-peacock-chenille.jpg,/Users/kyle/Downloads/etsy_cropped_all_batches/MASTER_CLIENT_READY_Etsy_Image_Rescue_2026-05-29/02_All_Listings_By_Set/fw114thset_batch_04/Cropped_Images/fw114thset_batch_04_small-heavy-dusty-rose-quadruple-peacock-chenille-bathrobe-u_img02_2026-05-27_195355.png,images/fw114thset-batch-04_02_fw114thset-batch-04-small-heavy-dusty-rose-quadruple-peacock-chenille.jpg,,2,155469,candidate_only,Hosting copy is a high-quality JPEG. Original delivered PNG remains unchanged. Public URL not created in this environment.
fw114thset_batch_04,114,fw114thset_batch_04_small-heavy-dusty-rose-quadruple-peacock-chenille-bathrobe-u_img03_2026-05-27_195359.png,fw114thset-batch-04_03_fw114thset-batch-04-small-heavy-dusty-rose-quadruple-peacock-chenille.jpg,/Users/kyle/Downloads/etsy_cropped_all_batches/MASTER_CLIENT_READY_Etsy_Image_Rescue_2026-05-29/02_All_Listings_By_Set/fw114thset_batch_04/Cropped_Images/fw114thset_batch_04_small-heavy-dusty-rose-quadruple-peacock-chenille-bathrobe-u_img03_2026-05-27_195359.png,images/fw114thset-batch-04_03_fw114thset-batch-04-small-heavy-dusty-rose-quadruple-peacock-chenille.jpg,,3,280426,candidate_only,Hosting copy is a high-quality JPEG. Original delivered PNG remains unchanged. Public URL not created in this environment.
fw114thset_batch_04,114,fw114thset_batch_04_small-heavy-dusty-rose-quadruple-peacock-chenille-bathrobe-u_img04_2026-05-27_195404.png,fw114thset-batch-04_04_fw114thset-batch-04-small-heavy-dusty-rose-quadruple-peacock-chenille.jpg,/Users/kyle/Downloads/etsy_cropped_all_batches/MASTER_CLIENT_READY_Etsy_Image_Rescue_2026-05-29/02_All_Listings_By_Set/fw114thset_batch_04/Cropped_Images/fw114thset_batch_04_small-heavy-dusty-rose-quadruple-peacock-chenille-bathrobe-u_img04_2026-05-27_195404.png,images/fw114thset-batch-04_04_fw114thset-batch-04-small-heavy-dusty-rose-quadruple-peacock-chenille.jpg,,4,136995,candidate_only,Hosting copy is a high-quality JPEG. Original delivered PNG remains unchanged. Public URL not created in this environment.
fw114thset_batch_04,114,fw114thset_batch_04_small-heavy-dusty-rose-quadruple-peacock-chenille-bathrobe-u_img05_2026-05-27_195410.png,fw114thset-batch-04_05_fw114thset-batch-04-small-heavy-dusty-rose-quadruple-peacock-chenille.jpg,/Users/kyle/Downloads/etsy_cropped_all_batches/MASTER_CLIENT_READY_Etsy_Image_Rescue_2026-05-29/02_All_Listings_By_Set/fw114thset_batch_04/Cropped_Images/fw114thset_batch_04_small-heavy-dusty-rose-quadruple-peacock-chenille-bathrobe-u_img05_2026-05-27_195410.png,images/fw114thset-batch-04_05_fw114thset-batch-04-small-heavy-dusty-rose-quadruple-peacock-chenille.jpg,,5,136995,candidate_only,Hosting copy is a high-quality JPEG. Original delivered PNG remains unchanged. Public URL not created in this environment.
fw114thset_batch_04,114,fw114thset_batch_04_small-heavy-dusty-rose-quadruple-peacock-chenille-bathrobe-u_img06_2026-05-27_195416.png,fw114thset-batch-04_06_fw114thset-batch-04-small-heavy-dusty-rose-quadruple-peacock-chenille.jpg,/Users/kyle/Downloads/etsy_cropped_all_batches/MASTER_CLIENT_READY_Etsy_Image_Rescue_2026-05-29/02_All_Listings_By_Set/fw114thset_batch_04/Cropped_Images/fw114thset_batch_04_small-heavy-dusty-rose-quadruple-peacock-chenille-bathrobe-u_img06_2026-05-27_195416.png,images/fw114thset-batch-04_06_fw114thset-batch-04-small-heavy-dusty-rose-quadruple-peacock-chenille.jpg,,6,204102,candidate_only,Hosting copy is a high-quality JPEG. Original delivered PNG remains unchanged. Public URL not created in this environment.
fw114thset_batch_04,114,fw114thset_batch_04_small-heavy-dusty-rose-quadruple-peacock-chenille-bathrobe-u_img07_2026-05-27_195421.png,fw114thset-batch-04_07_fw114thset-batch-04-small-heavy-dusty-rose-quadruple-peacock-chenille.jpg,/Users/kyle/Downloads/etsy_cropped_all_batches/MASTER_CLIENT_READY_Etsy_Image_Rescue_2026-05-29/02_All_Listings_By_Set/fw114thset_batch_04/Cropped_Images/fw114thset_batch_04_small-heavy-dusty-rose-quadruple-peacock-chenille-bathrobe-u_img07_2026-05-27_195421.png,images/fw114thset-batch-04_07_fw114thset-batch-04-small-heavy-dusty-rose-quadruple-peacock-chenille.jpg,,7,189816,candidate_only,Hosting copy is a high-quality JPEG. Original delivered PNG remains unchanged. Public URL not created in this environment.
fw114thset_batch_04,114,fw114thset_batch_04_small-heavy-dusty-rose-quadruple-peacock-chenille-bathrobe-u_img08_2026-05-27_195426.png,fw114thset-batch-04_08_fw114thset-batch-04-small-heavy-dusty-rose-quadruple-peacock-chenille.jpg,/Users/kyle/Downloads/etsy_cropped_all_batches/MASTER_CLIENT_READY_Etsy_Image_Rescue_2026-05-29/02_All_Listings_By_Set/fw114thset_batch_04/Cropped_Images/fw114thset_batch_04_small-heavy-dusty-rose-quadruple-peacock-chenille-bathrobe-u_img08_2026-05-27_195426.png,images/fw114thset-batch-04_08_fw114thset-batch-04-small-heavy-dusty-rose-quadruple-peacock-chenille.jpg,,8,181338,candidate_only,Hosting copy is a high-quality JPEG. Original delivered PNG remains unchanged. Public URL not created in this environment.
fw114thset_batch_04,114,fw114thset_batch_04_small-heavy-dusty-rose-quadruple-peacock-chenille-bathrobe-u_img09_2026-05-27_195431.png,fw114thset-batch-04_09_fw114thset-batch-04-small-heavy-dusty-rose-quadruple-peacock-chenille.jpg,/Users/kyle/Downloads/etsy_cropped_all_batches/MASTER_CLIENT_READY_Etsy_Image_Rescue_2026-05-29/02_All_Listings_By_Set/fw114thset_batch_04/Cropped_Images/fw114thset_batch_04_small-heavy-dusty-rose-quadruple-peacock-chenille-bathrobe-u_img09_2026-05-27_195431.png,images/fw114thset-batch-04_09_fw114thset-batch-04-small-heavy-dusty-rose-quadruple-peacock-chenille.jpg,,9,196371,candidate_only,Hosting copy is a high-quality JPEG. Original delivered PNG remains unchanged. Public URL not created in this environment.
fw115thset_batch_05,115,fw115thset_batch_05_large-lightweight-all-american-vintage-chenille-bathrobe-upc_img01_2026-05-27_195157.png,fw115thset-batch-05_01_fw115thset-batch-05-large-lightweight-all-american-vintage-chenille-ba.jpg,/Users/kyle/Downloads/etsy_cropped_all_batches/MASTER_CLIENT_READY_Etsy_Image_Rescue_2026-05-29/02_All_Listings_By_Set/fw115thset_batch_05/Cropped_Images/fw115thset_batch_05_large-lightweight-all-american-vintage-chenille-bathrobe-upc_img01_2026-05-27_195157.png,images/fw115thset-batch-05_01_fw115thset-batch-05-large-lightweight-all-american-vintage-chenille-ba.jpg,,1,273764,candidate_only,Hosting copy is a high-quality JPEG. Original delivered PNG remains unchanged. Public URL not created in this environment.
fw115thset_batch_05,115,fw115thset_batch_05_large-lightweight-all-american-vintage-chenille-bathrobe-upc_img02_2026-05-27_195204.png,fw115thset-batch-05_02_fw115thset-batch-05-large-lightweight-all-american-vintage-chenille-ba.jpg,/Users/kyle/Downloads/etsy_cropped_all_batches/MASTER_CLIENT_READY_Etsy_Image_Rescue_2026-05-29/02_All_Listings_By_Set/fw115thset_batch_05/Cropped_Images/fw115thset_batch_05_large-lightweight-all-american-vintage-chenille-bathrobe-upc_img02_2026-05-27_195204.png,images/fw115thset-batch-05_02_fw115thset-batch-05-large-lightweight-all-american-vintage-chenille-ba.jpg,,2,201116,candidate_only,Hosting copy is a high-quality JPEG. Original delivered PNG remains unchanged. Public URL not created in this environment.
fw115thset_batch_05,115,fw115thset_batch_05_large-lightweight-all-american-vintage-chenille-bathrobe-upc_img03_2026-05-27_195210.png,fw115thset-batch-05_03_fw115thset-batch-05-large-lightweight-all-american-vintage-chenille-ba.jpg,/Users/kyle/Downloads/etsy_cropped_all_batches/MASTER_CLIENT_READY_Etsy_Image_Rescue_2026-05-29/02_All_Listings_By_Set/fw115thset_batch_05/Cropped_Images/fw115thset_batch_05_large-lightweight-all-american-vintage-chenille-bathrobe-upc_img03_2026-05-27_195210.png,images/fw115thset-batch-05_03_fw115thset-batch-05-large-lightweight-all-american-vintage-chenille-ba.jpg,,3,169424,candidate_only,Hosting copy is a high-quality JPEG. Original delivered PNG remains unchanged. Public URL not created in this environment.
fw115thset_batch_05,115,fw115thset_batch_05_large-lightweight-all-american-vintage-chenille-bathrobe-upc_img04_2026-05-27_195220.png,fw115thset-batch-05_04_fw115thset-batch-05-large-lightweight-all-american-vintage-chenille-ba.jpg,/Users/kyle/Downloads/etsy_cropped_all_batches/MASTER_CLIENT_READY_Etsy_Image_Rescue_2026-05-29/02_All_Listings_By_Set/fw115thset_batch_05/Cropped_Images/fw115thset_batch_05_large-lightweight-all-american-vintage-chenille-bathrobe-upc_img04_2026-05-27_195220.png,images/fw115thset-batch-05_04_fw115thset-batch-05-large-lightweight-all-american-vintage-chenille-ba.jpg,,4,180749,candidate_only,Hosting copy is a high-quality JPEG. Original delivered PNG remains unchanged. Public URL not created in this environment.
fw115thset_batch_05,115,fw115thset_batch_05_large-lightweight-all-american-vintage-chenille-bathrobe-upc_img05_2026-05-27_195225.png,fw115thset-batch-05_05_fw115thset-batch-05-large-lightweight-all-american-vintage-chenille-ba.jpg,/Users/kyle/Downloads/etsy_cropped_all_batches/MASTER_CLIENT_READY_Etsy_Image_Rescue_2026-05-29/02_All_Listings_By_Set/fw115thset_batch_05/Cropped_Images/fw115thset_batch_05_large-lightweight-all-american-vintage-chenille-bathrobe-upc_img05_2026-05-27_195225.png,images/fw115thset-batch-05_05_fw115thset-batch-05-large-lightweight-all-american-vintage-chenille-ba.jpg,,5,164408,candidate_only,Hosting copy is a high-quality JPEG. Original delivered PNG remains unchanged. Public URL not created in this environment.
fw115thset_batch_05,115,fw115thset_batch_05_large-lightweight-all-american-vintage-chenille-bathrobe-upc_img06_2026-05-27_195229.png,fw115thset-batch-05_06_fw115thset-batch-05-large-lightweight-all-american-vintage-chenille-ba.jpg,/Users/kyle/Downloads/etsy_cropped_all_batches/MASTER_CLIENT_READY_Etsy_Image_Rescue_2026-05-29/02_All_Listings_By_Set/fw115thset_batch_05/Cropped_Images/fw115thset_batch_05_large-lightweight-all-american-vintage-chenille-bathrobe-upc_img06_2026-05-27_195229.png,images/fw115thset-batch-05_06_fw115thset-batch-05-large-lightweight-all-american-vintage-chenille-ba.jpg,,6,203879,candidate_only,Hosting copy is a high-quality JPEG. Original delivered PNG remains unchanged. Public URL not created in this environment.
fw115thset_batch_05,115,fw115thset_batch_05_large-lightweight-all-american-vintage-chenille-bathrobe-upc_img07_2026-05-27_195235.png,fw115thset-batch-05_07_fw115thset-batch-05-large-lightweight-all-american-vintage-chenille-ba.jpg,/Users/kyle/Downloads/etsy_cropped_all_batches/MASTER_CLIENT_READY_Etsy_Image_Rescue_2026-05-29/02_All_Listings_By_Set/fw115thset_batch_05/Cropped_Images/fw115thset_batch_05_large-lightweight-all-american-vintage-chenille-bathrobe-upc_img07_2026-05-27_195235.png,images/fw115thset-batch-05_07_fw115thset-batch-05-large-lightweight-all-american-vintage-chenille-ba.jpg,,7,242350,candidate_only,Hosting copy is a high-quality JPEG. Original delivered PNG remains unchanged. Public URL not created in this environment.
fw115thset_batch_05,115,fw115thset_batch_05_large-lightweight-all-american-vintage-chenille-bathrobe-upc_img08_2026-05-27_195241.png,fw115thset-batch-05_08_fw115thset-batch-05-large-lightweight-all-american-vintage-chenille-ba.jpg,/Users/kyle/Downloads/etsy_cropped_all_batches/MASTER_CLIENT_READY_Etsy_Image_Rescue_2026-05-29/02_All_Listings_By_Set/fw115thset_batch_05/Cropped_Images/fw115thset_batch_05_large-lightweight-all-american-vintage-chenille-bathrobe-upc_img08_2026-05-27_195241.png,images/fw115thset-batch-05_08_fw115thset-batch-05-large-lightweight-all-american-vintage-chenille-ba.jpg,,8,210438,candidate_only,Hosting copy is a high-quality JPEG. Original delivered PNG remains unchanged. Public URL not created in this environment.
fw115thset_batch_05,115,fw115thset_batch_05_large-lightweight-all-american-vintage-chenille-bathrobe-upc_img09_2026-05-27_195246.png,fw115thset-batch-05_09_fw115thset-batch-05-large-lightweight-all-american-vintage-chenille-ba.jpg,/Users/kyle/Downloads/etsy_cropped_all_batches/MASTER_CLIENT_READY_Etsy_Image_Rescue_2026-05-29/02_All_Listings_By_Set/fw115thset_batch_05/Cropped_Images/fw115thset_batch_05_large-lightweight-all-american-vintage-chenille-bathrobe-upc_img09_2026-05-27_195246.png,images/fw115thset-batch-05_09_fw115thset-batch-05-large-lightweight-all-american-vintage-chenille-ba.jpg,,9,208803,candidate_only,Hosting copy is a high-quality JPEG. Original delivered PNG remains unchanged. Public URL not created in this environment.
fw116thset_batch_06,116,fw116thset_batch_06_medium-plush-and-heavy-dawn-in-the-forest-peacock-chenille-b_img01_2026-05-27_200629.png,fw116thset-batch-06_01_fw116thset-batch-06-medium-plush-and-heavy-dawn-in-the-forest-peacock.jpg,/Users/kyle/Downloads/etsy_cropped_all_batches/MASTER_CLIENT_READY_Etsy_Image_Rescue_2026-05-29/02_All_Listings_By_Set/fw116thset_batch_06/Cropped_Images/fw116thset_batch_06_medium-plush-and-heavy-dawn-in-the-forest-peacock-chenille-b_img01_2026-05-27_200629.png,images/fw116thset-batch-06_01_fw116thset-batch-06-medium-plush-and-heavy-dawn-in-the-forest-peacock.jpg,,1,156887,candidate_only,Hosting copy is a high-quality JPEG. Original delivered PNG remains unchanged. Public URL not created in this environment.
fw116thset_batch_06,116,fw116thset_batch_06_medium-plush-and-heavy-dawn-in-the-forest-peacock-chenille-b_img02_2026-05-27_200634.png,fw116thset-batch-06_02_fw116thset-batch-06-medium-plush-and-heavy-dawn-in-the-forest-peacock.jpg,/Users/kyle/Downloads/etsy_cropped_all_batches/MASTER_CLIENT_READY_Etsy_Image_Rescue_2026-05-29/02_All_Listings_By_Set/fw116thset_batch_06/Cropped_Images/fw116thset_batch_06_medium-plush-and-heavy-dawn-in-the-forest-peacock-chenille-b_img02_2026-05-27_200634.png,images/fw116thset-batch-06_02_fw116thset-batch-06-medium-plush-and-heavy-dawn-in-the-forest-peacock.jpg,,2,167684,candidate_only,Hosting copy is a high-quality JPEG. Original delivered PNG remains unchanged. Public URL not created in this environment.
fw116thset_batch_06,116,fw116thset_batch_06_medium-plush-and-heavy-dawn-in-the-forest-peacock-chenille-b_img03_2026-05-27_200639.png,fw116thset-batch-06_03_fw116thset-batch-06-medium-plush-and-heavy-dawn-in-the-forest-peacock.jpg,/Users/kyle/Downloads/etsy_cropped_all_batches/MASTER_CLIENT_READY_Etsy_Image_Rescue_2026-05-29/02_All_Listings_By_Set/fw116thset_batch_06/Cropped_Images/fw116thset_batch_06_medium-plush-and-heavy-dawn-in-the-forest-peacock-chenille-b_img03_2026-05-27_200639.png,images/fw116thset-batch-06_03_fw116thset-batch-06-medium-plush-and-heavy-dawn-in-the-forest-peacock.jpg,,3,162142,candidate_only,Hosting copy is a high-quality JPEG. Original delivered PNG remains unchanged. Public URL not created in this environment.
fw116thset_batch_06,116,fw116thset_batch_06_medium-plush-and-heavy-dawn-in-the-forest-peacock-chenille-b_img04_2026-05-27_200643.png,fw116thset-batch-06_04_fw116thset-batch-06-medium-plush-and-heavy-dawn-in-the-forest-peacock.jpg,/Users/kyle/Downloads/etsy_cropped_all_batches/MASTER_CLIENT_READY_Etsy_Image_Rescue_2026-05-29/02_All_Listings_By_Set/fw116thset_batch_06/Cropped_Images/fw116thset_batch_06_medium-plush-and-heavy-dawn-in-the-forest-peacock-chenille-b_img04_2026-05-27_200643.png,images/fw116thset-batch-06_04_fw116thset-batch-06-medium-plush-and-heavy-dawn-in-the-forest-peacock.jpg,,4,184645,candidate_only,Hosting copy is a high-quality JPEG. Original delivered PNG remains unchanged. Public URL not created in this environment.
fw116thset_batch_06,116,fw116thset_batch_06_medium-plush-and-heavy-dawn-in-the-forest-peacock-chenille-b_img05_2026-05-27_200723.png,fw116thset-batch-06_05_fw116thset-batch-06-medium-plush-and-heavy-dawn-in-the-forest-peacock.jpg,/Users/kyle/Downloads/etsy_cropped_all_batches/MASTER_CLIENT_READY_Etsy_Image_Rescue_2026-05-29/02_All_Listings_By_Set/fw116thset_batch_06/Cropped_Images/fw116thset_batch_06_medium-plush-and-heavy-dawn-in-the-forest-peacock-chenille-b_img05_2026-05-27_200723.png,images/fw116thset-batch-06_05_fw116thset-batch-06-medium-plush-and-heavy-dawn-in-the-forest-peacock.jpg,,5,184645,candidate_only,Hosting copy is a high-quality JPEG. Original delivered PNG remains unchanged. Public URL not created in this environment.
fw116thset_batch_06,116,fw116thset_batch_06_medium-plush-and-heavy-dawn-in-the-forest-peacock-chenille-b_img06_2026-05-27_200730.png,fw116thset-batch-06_06_fw116thset-batch-06-medium-plush-and-heavy-dawn-in-the-forest-peacock.jpg,/Users/kyle/Downloads/etsy_cropped_all_batches/MASTER_CLIENT_READY_Etsy_Image_Rescue_2026-05-29/02_All_Listings_By_Set/fw116thset_batch_06/Cropped_Images/fw116thset_batch_06_medium-plush-and-heavy-dawn-in-the-forest-peacock-chenille-b_img06_2026-05-27_200730.png,images/fw116thset-batch-06_06_fw116thset-batch-06-medium-plush-and-heavy-dawn-in-the-forest-peacock.jpg,,6,158121,candidate_only,Hosting copy is a high-quality JPEG. Original delivered PNG remains unchanged. Public URL not created in this environment.
fw116thset_batch_06,116,fw116thset_batch_06_medium-plush-and-heavy-dawn-in-the-forest-peacock-chenille-b_img07_2026-05-27_200742.png,fw116thset-batch-06_07_fw116thset-batch-06-medium-plush-and-heavy-dawn-in-the-forest-peacock.jpg,/Users/kyle/Downloads/etsy_cropped_all_batches/MASTER_CLIENT_READY_Etsy_Image_Rescue_2026-05-29/02_All_Listings_By_Set/fw116thset_batch_06/Cropped_Images/fw116thset_batch_06_medium-plush-and-heavy-dawn-in-the-forest-peacock-chenille-b_img07_2026-05-27_200742.png,images/fw116thset-batch-06_07_fw116thset-batch-06-medium-plush-and-heavy-dawn-in-the-forest-peacock.jpg,,7,156887,candidate_only,Hosting copy is a high-quality JPEG. Original delivered PNG remains unchanged. Public URL not created in this environment.
fw116thset_batch_06,116,fw116thset_batch_06_medium-plush-and-heavy-dawn-in-the-forest-peacock-chenille-b_img08_2026-05-27_200751.png,fw116thset-batch-06_08_fw116thset-batch-06-medium-plush-and-heavy-dawn-in-the-forest-peacock.jpg,/Users/kyle/Downloads/etsy_cropped_all_batches/MASTER_CLIENT_READY_Etsy_Image_Rescue_2026-05-29/02_All_Listings_By_Set/fw116thset_batch_06/Cropped_Images/fw116thset_batch_06_medium-plush-and-heavy-dawn-in-the-forest-peacock-chenille-b_img08_2026-05-27_200751.png,images/fw116thset-batch-06_08_fw116thset-batch-06-medium-plush-and-heavy-dawn-in-the-forest-peacock.jpg,,8,162142,candidate_only,Hosting copy is a high-quality JPEG. Original delivered PNG remains unchanged. Public URL not created in this environment.
fw116thset_batch_06,116,fw116thset_batch_06_medium-plush-and-heavy-dawn-in-the-forest-peacock-chenille-b_img09_2026-05-27_200804.png,fw116thset-batch-06_09_fw116thset-batch-06-medium-plush-and-heavy-dawn-in-the-forest-peacock.jpg,/Users/kyle/Downloads/etsy_cropped_all_batches/MASTER_CLIENT_READY_Etsy_Image_Rescue_2026-05-29/02_All_Listings_By_Set/fw116thset_batch_06/Cropped_Images/fw116thset_batch_06_medium-plush-and-heavy-dawn-in-the-forest-peacock-chenille-b_img09_2026-05-27_200804.png,images/fw116thset-batch-06_09_fw116thset-batch-06-medium-plush-and-heavy-dawn-in-the-forest-peacock.jpg,,9,184645,candidate_only,Hosting copy is a high-quality JPEG. Original delivered PNG remains unchanged. Public URL not created in this environment.
fw116thset_batch_06,116,fw116thset_batch_06_medium-plush-and-heavy-dawn-in-the-forest-peacock-chenille-b_img10_2026-05-27_200815.png,fw116thset-batch-06_10_fw116thset-batch-06-medium-plush-and-heavy-dawn-in-the-forest-peacock.jpg,/Users/kyle/Downloads/etsy_cropped_all_batches/MASTER_CLIENT_READY_Etsy_Image_Rescue_2026-05-29/02_All_Listings_By_Set/fw116thset_batch_06/Cropped_Images/fw116thset_batch_06_medium-plush-and-heavy-dawn-in-the-forest-peacock-chenille-b_img10_2026-05-27_200815.png,images/fw116thset-batch-06_10_fw116thset-batch-06-medium-plush-and-heavy-dawn-in-the-forest-peacock.jpg,,10,181076,candidate_only,Hosting copy is a high-quality JPEG. Original delivered PNG remains unchanged. Public URL not created in this environment.
fw116thset_batch_06,116,fw116thset_batch_06_medium-plush-and-heavy-dawn-in-the-forest-peacock-chenille-b_img11_2026-05-27_200823.png,fw116thset-batch-06_11_fw116thset-batch-06-medium-plush-and-heavy-dawn-in-the-forest-peacock.jpg,/Users/kyle/Downloads/etsy_cropped_all_batches/MASTER_CLIENT_READY_Etsy_Image_Rescue_2026-05-29/02_All_Listings_By_Set/fw116thset_batch_06/Cropped_Images/fw116thset_batch_06_medium-plush-and-heavy-dawn-in-the-forest-peacock-chenille-b_img11_2026-05-27_200823.png,images/fw116thset-batch-06_11_fw116thset-batch-06-medium-plush-and-heavy-dawn-in-the-forest-peacock.jpg,,11,220837,candidate_only,Hosting copy is a high-quality JPEG. Original delivered PNG remains unchanged. Public URL not created in this environment.
fw116thset_batch_06,116,fw116thset_batch_06_medium-plush-and-heavy-dawn-in-the-forest-peacock-chenille-b_img12_2026-05-27_200829.png,fw116thset-batch-06_12_fw116thset-batch-06-medium-plush-and-heavy-dawn-in-the-forest-peacock.jpg,/Users/kyle/Downloads/etsy_cropped_all_batches/MASTER_CLIENT_READY_Etsy_Image_Rescue_2026-05-29/02_All_Listings_By_Set/fw116thset_batch_06/Cropped_Images/fw116thset_batch_06_medium-plush-and-heavy-dawn-in-the-forest-peacock-chenille-b_img12_2026-05-27_200829.png,images/fw116thset-batch-06_12_fw116thset-batch-06-medium-plush-and-heavy-dawn-in-the-forest-peacock.jpg,,12,190719,candidate_only,Hosting copy is a high-quality JPEG. Original delivered PNG remains unchanged. Public URL not created in this environment.
fw117thset_batch_07,117,fw117thset_batch_07_medium-plush-and-soft-daisies-at-sunset-vintage-chenille-bat_img01_2026-05-28_074639.png,fw117thset-batch-07_01_fw117thset-batch-07-medium-plush-and-soft-daisies-at-sunset-vintage-ch.jpg,/Users/kyle/Downloads/etsy_cropped_all_batches/MASTER_CLIENT_READY_Etsy_Image_Rescue_2026-05-29/02_All_Listings_By_Set/fw117thset_batch_07/Cropped_Images/fw117thset_batch_07_medium-plush-and-soft-daisies-at-sunset-vintage-chenille-bat_img01_2026-05-28_074639.png,images/fw117thset-batch-07_01_fw117thset-batch-07-medium-plush-and-soft-daisies-at-sunset-vintage-ch.jpg,,1,293030,candidate_only,Hosting copy is a high-quality JPEG. Original delivered PNG remains unchanged. Public URL not created in this environment.
fw117thset_batch_07,117,fw117thset_batch_07_medium-plush-and-soft-daisies-at-sunset-vintage-chenille-bat_img02_2026-05-28_074644.png,fw117thset-batch-07_02_fw117thset-batch-07-medium-plush-and-soft-daisies-at-sunset-vintage-ch.jpg,/Users/kyle/Downloads/etsy_cropped_all_batches/MASTER_CLIENT_READY_Etsy_Image_Rescue_2026-05-29/02_All_Listings_By_Set/fw117thset_batch_07/Cropped_Images/fw117thset_batch_07_medium-plush-and-soft-daisies-at-sunset-vintage-chenille-bat_img02_2026-05-28_074644.png,images/fw117thset-batch-07_02_fw117thset-batch-07-medium-plush-and-soft-daisies-at-sunset-vintage-ch.jpg,,2,180899,candidate_only,Hosting copy is a high-quality JPEG. Original delivered PNG remains unchanged. Public URL not created in this environment.
fw117thset_batch_07,117,fw117thset_batch_07_medium-plush-and-soft-daisies-at-sunset-vintage-chenille-bat_img03_2026-05-28_074649.png,fw117thset-batch-07_03_fw117thset-batch-07-medium-plush-and-soft-daisies-at-sunset-vintage-ch.jpg,/Users/kyle/Downloads/etsy_cropped_all_batches/MASTER_CLIENT_READY_Etsy_Image_Rescue_2026-05-29/02_All_Listings_By_Set/fw117thset_batch_07/Cropped_Images/fw117thset_batch_07_medium-plush-and-soft-daisies-at-sunset-vintage-chenille-bat_img03_2026-05-28_074649.png,images/fw117thset-batch-07_03_fw117thset-batch-07-medium-plush-and-soft-daisies-at-sunset-vintage-ch.jpg,,3,223845,candidate_only,Hosting copy is a high-quality JPEG. Original delivered PNG remains unchanged. Public URL not created in this environment.
fw117thset_batch_07,117,fw117thset_batch_07_medium-plush-and-soft-daisies-at-sunset-vintage-chenille-bat_img04_2026-05-28_074654.png,fw117thset-batch-07_04_fw117thset-batch-07-medium-plush-and-soft-daisies-at-sunset-vintage-ch.jpg,/Users/kyle/Downloads/etsy_cropped_all_batches/MASTER_CLIENT_READY_Etsy_Image_Rescue_2026-05-29/02_All_Listings_By_Set/fw117thset_batch_07/Cropped_Images/fw117thset_batch_07_medium-plush-and-soft-daisies-at-sunset-vintage-chenille-bat_img04_2026-05-28_074654.png,images/fw117thset-batch-07_04_fw117thset-batch-07-medium-plush-and-soft-daisies-at-sunset-vintage-ch.jpg,,4,197817,candidate_only,Hosting copy is a high-quality JPEG. Original delivered PNG remains unchanged. Public URL not created in this environment.
fw117thset_batch_07,117,fw117thset_batch_07_medium-plush-and-soft-daisies-at-sunset-vintage-chenille-bat_img05_2026-05-28_074659.png,fw117thset-batch-07_05_fw117thset-batch-07-medium-plush-and-soft-daisies-at-sunset-vintage-ch.jpg,/Users/kyle/Downloads/etsy_cropped_all_batches/MASTER_CLIENT_READY_Etsy_Image_Rescue_2026-05-29/02_All_Listings_By_Set/fw117thset_batch_07/Cropped_Images/fw117thset_batch_07_medium-plush-and-soft-daisies-at-sunset-vintage-chenille-bat_img05_2026-05-28_074659.png,images/fw117thset-batch-07_05_fw117thset-batch-07-medium-plush-and-soft-daisies-at-sunset-vintage-ch.jpg,,5,260351,candidate_only,Hosting copy is a high-quality JPEG. Original delivered PNG remains unchanged. Public URL not created in this environment.
fw117thset_batch_07,117,fw117thset_batch_07_medium-plush-and-soft-daisies-at-sunset-vintage-chenille-bat_img06_2026-05-28_074703.png,fw117thset-batch-07_06_fw117thset-batch-07-medium-plush-and-soft-daisies-at-sunset-vintage-ch.jpg,/Users/kyle/Downloads/etsy_cropped_all_batches/MASTER_CLIENT_READY_Etsy_Image_Rescue_2026-05-29/02_All_Listings_By_Set/fw117thset_batch_07/Cropped_Images/fw117thset_batch_07_medium-plush-and-soft-daisies-at-sunset-vintage-chenille-bat_img06_2026-05-28_074703.png,images/fw117thset-batch-07_06_fw117thset-batch-07-medium-plush-and-soft-daisies-at-sunset-vintage-ch.jpg,,6,226980,candidate_only,Hosting copy is a high-quality JPEG. Original delivered PNG remains unchanged. Public URL not created in this environment.
fw117thset_batch_07,117,fw117thset_batch_07_medium-plush-and-soft-daisies-at-sunset-vintage-chenille-bat_img07_2026-05-28_074708.png,fw117thset-batch-07_07_fw117thset-batch-07-medium-plush-and-soft-daisies-at-sunset-vintage-ch.jpg,/Users/kyle/Downloads/etsy_cropped_all_batches/MASTER_CLIENT_READY_Etsy_Image_Rescue_2026-05-29/02_All_Listings_By_Set/fw117thset_batch_07/Cropped_Images/fw117thset_batch_07_medium-plush-and-soft-daisies-at-sunset-vintage-chenille-bat_img07_2026-05-28_074708.png,images/fw117thset-batch-07_07_fw117thset-batch-07-medium-plush-and-soft-daisies-at-sunset-vintage-ch.jpg,,7,234145,candidate_only,Hosting copy is a high-quality JPEG. Original delivered PNG remains unchanged. Public URL not created in this environment.
fw117thset_batch_07,117,fw117thset_batch_07_medium-plush-and-soft-daisies-at-sunset-vintage-chenille-bat_img08_2026-05-28_074713.png,fw117thset-batch-07_08_fw117thset-batch-07-medium-plush-and-soft-daisies-at-sunset-vintage-ch.jpg,/Users/kyle/Downloads/etsy_cropped_all_batches/MASTER_CLIENT_READY_Etsy_Image_Rescue_2026-05-29/02_All_Listings_By_Set/fw117thset_batch_07/Cropped_Images/fw117thset_batch_07_medium-plush-and-soft-daisies-at-sunset-vintage-chenille-bat_img08_2026-05-28_074713.png,images/fw117thset-batch-07_08_fw117thset-batch-07-medium-plush-and-soft-daisies-at-sunset-vintage-ch.jpg,,8,220596,candidate_only,Hosting copy is a high-quality JPEG. Original delivered PNG remains unchanged. Public URL not created in this environment.
fw119thset_batch_08,119,fw119thset_batch_08_large-uber-plush-and-heavy-midnight-blooms-chenille-bathrobe_img01_2026-05-28_074436.png,fw119thset-batch-08_01_fw119thset-batch-08-large-uber-plush-and-heavy-midnight-blooms-chenill.jpg,/Users/kyle/Downloads/etsy_cropped_all_batches/MASTER_CLIENT_READY_Etsy_Image_Rescue_2026-05-29/02_All_Listings_By_Set/fw119thset_batch_08/Cropped_Images/fw119thset_batch_08_large-uber-plush-and-heavy-midnight-blooms-chenille-bathrobe_img01_2026-05-28_074436.png,images/fw119thset-batch-08_01_fw119thset-batch-08-large-uber-plush-and-heavy-midnight-blooms-chenill.jpg,,1,220117,candidate_only,Hosting copy is a high-quality JPEG. Original delivered PNG remains unchanged. Public URL not created in this environment.
fw119thset_batch_08,119,fw119thset_batch_08_large-uber-plush-and-heavy-midnight-blooms-chenille-bathrobe_img02_2026-05-28_074441.png,fw119thset-batch-08_02_fw119thset-batch-08-large-uber-plush-and-heavy-midnight-blooms-chenill.jpg,/Users/kyle/Downloads/etsy_cropped_all_batches/MASTER_CLIENT_READY_Etsy_Image_Rescue_2026-05-29/02_All_Listings_By_Set/fw119thset_batch_08/Cropped_Images/fw119thset_batch_08_large-uber-plush-and-heavy-midnight-blooms-chenille-bathrobe_img02_2026-05-28_074441.png,images/fw119thset-batch-08_02_fw119thset-batch-08-large-uber-plush-and-heavy-midnight-blooms-chenill.jpg,,2,239650,candidate_only,Hosting copy is a high-quality JPEG. Original delivered PNG remains unchanged. Public URL not created in this environment.
fw119thset_batch_08,119,fw119thset_batch_08_large-uber-plush-and-heavy-midnight-blooms-chenille-bathrobe_img03_2026-05-28_074445.png,fw119thset-batch-08_03_fw119thset-batch-08-large-uber-plush-and-heavy-midnight-blooms-chenill.jpg,/Users/kyle/Downloads/etsy_cropped_all_batches/MASTER_CLIENT_READY_Etsy_Image_Rescue_2026-05-29/02_All_Listings_By_Set/fw119thset_batch_08/Cropped_Images/fw119thset_batch_08_large-uber-plush-and-heavy-midnight-blooms-chenille-bathrobe_img03_2026-05-28_074445.png,images/fw119thset-batch-08_03_fw119thset-batch-08-large-uber-plush-and-heavy-midnight-blooms-chenill.jpg,,3,202185,candidate_only,Hosting copy is a high-quality JPEG. Original delivered PNG remains unchanged. Public URL not created in this environment.
fw119thset_batch_08,119,fw119thset_batch_08_large-uber-plush-and-heavy-midnight-blooms-chenille-bathrobe_img04_2026-05-28_074450.png,fw119thset-batch-08_04_fw119thset-batch-08-large-uber-plush-and-heavy-midnight-blooms-chenill.jpg,/Users/kyle/Downloads/etsy_cropped_all_batches/MASTER_CLIENT_READY_Etsy_Image_Rescue_2026-05-29/02_All_Listings_By_Set/fw119thset_batch_08/Cropped_Images/fw119thset_batch_08_large-uber-plush-and-heavy-midnight-blooms-chenille-bathrobe_img04_2026-05-28_074450.png,images/fw119thset-batch-08_04_fw119thset-batch-08-large-uber-plush-and-heavy-midnight-blooms-chenill.jpg,,4,204321,candidate_only,Hosting copy is a high-quality JPEG. Original delivered PNG remains unchanged. Public URL not created in this environment.
fw119thset_batch_08,119,fw119thset_batch_08_large-uber-plush-and-heavy-midnight-blooms-chenille-bathrobe_img05_2026-05-28_074454.png,fw119thset-batch-08_05_fw119thset-batch-08-large-uber-plush-and-heavy-midnight-blooms-chenill.jpg,/Users/kyle/Downloads/etsy_cropped_all_batches/MASTER_CLIENT_READY_Etsy_Image_Rescue_2026-05-29/02_All_Listings_By_Set/fw119thset_batch_08/Cropped_Images/fw119thset_batch_08_large-uber-plush-and-heavy-midnight-blooms-chenille-bathrobe_img05_2026-05-28_074454.png,images/fw119thset-batch-08_05_fw119thset-batch-08-large-uber-plush-and-heavy-midnight-blooms-chenill.jpg,,5,306238,candidate_only,Hosting copy is a high-quality JPEG. Original delivered PNG remains unchanged. Public URL not created in this environment.
fw119thset_batch_08,119,fw119thset_batch_08_large-uber-plush-and-heavy-midnight-blooms-chenille-bathrobe_img06_2026-05-28_074458.png,fw119thset-batch-08_06_fw119thset-batch-08-large-uber-plush-and-heavy-midnight-blooms-chenill.jpg,/Users/kyle/Downloads/etsy_cropped_all_batches/MASTER_CLIENT_READY_Etsy_Image_Rescue_2026-05-29/02_All_Listings_By_Set/fw119thset_batch_08/Cropped_Images/fw119thset_batch_08_large-uber-plush-and-heavy-midnight-blooms-chenille-bathrobe_img06_2026-05-28_074458.png,images/fw119thset-batch-08_06_fw119thset-batch-08-large-uber-plush-and-heavy-midnight-blooms-chenill.jpg,,6,213047,candidate_only,Hosting copy is a high-quality JPEG. Original delivered PNG remains unchanged. Public URL not created in this environment.
fw119thset_batch_08,119,fw119thset_batch_08_large-uber-plush-and-heavy-midnight-blooms-chenille-bathrobe_img07_2026-05-28_074503.png,fw119thset-batch-08_07_fw119thset-batch-08-large-uber-plush-and-heavy-midnight-blooms-chenill.jpg,/Users/kyle/Downloads/etsy_cropped_all_batches/MASTER_CLIENT_READY_Etsy_Image_Rescue_2026-05-29/02_All_Listings_By_Set/fw119thset_batch_08/Cropped_Images/fw119thset_batch_08_large-uber-plush-and-heavy-midnight-blooms-chenille-bathrobe_img07_2026-05-28_074503.png,images/fw119thset-batch-08_07_fw119thset-batch-08-large-uber-plush-and-heavy-midnight-blooms-chenill.jpg,,7,169276,candidate_only,Hosting copy is a high-quality JPEG. Original delivered PNG remains unchanged. Public URL not created in this environment.
fw119thset_batch_08,119,fw119thset_batch_08_large-uber-plush-and-heavy-midnight-blooms-chenille-bathrobe_img08_2026-05-28_074508.png,fw119thset-batch-08_08_fw119thset-batch-08-large-uber-plush-and-heavy-midnight-blooms-chenill.jpg,/Users/kyle/Downloads/etsy_cropped_all_batches/MASTER_CLIENT_READY_Etsy_Image_Rescue_2026-05-29/02_All_Listings_By_Set/fw119thset_batch_08/Cropped_Images/fw119thset_batch_08_large-uber-plush-and-heavy-midnight-blooms-chenille-bathrobe_img08_2026-05-28_074508.png,images/fw119thset-batch-08_08_fw119thset-batch-08-large-uber-plush-and-heavy-midnight-blooms-chenill.jpg,,8,158973,candidate_only,Hosting copy is a high-quality JPEG. Original delivered PNG remains unchanged. Public URL not created in this environment.
fw119thset_batch_08,119,fw119thset_batch_08_large-uber-plush-and-heavy-midnight-blooms-chenille-bathrobe_img09_2026-05-28_074512.png,fw119thset-batch-08_09_fw119thset-batch-08-large-uber-plush-and-heavy-midnight-blooms-chenill.jpg,/Users/kyle/Downloads/etsy_cropped_all_batches/MASTER_CLIENT_READY_Etsy_Image_Rescue_2026-05-29/02_All_Listings_By_Set/fw119thset_batch_08/Cropped_Images/fw119thset_batch_08_large-uber-plush-and-heavy-midnight-blooms-chenille-bathrobe_img09_2026-05-28_074512.png,images/fw119thset-batch-08_09_fw119thset-batch-08-large-uber-plush-and-heavy-midnight-blooms-chenill.jpg,,9,236487,candidate_only,Hosting copy is a high-quality JPEG. Original delivered PNG remains unchanged. Public URL not created in this environment.
fw120thset_batch_01,120,fw120thset_batch_01_large-heavy-border-flowers-vintage-chenille-bathrobe-upcycle_img01_2026-05-28_075529.png,fw120thset-batch-01_01_fw120thset-batch-01-large-heavy-border-flowers-vintage-chenille-bathro.jpg,/Users/kyle/Downloads/etsy_cropped_all_batches/MASTER_CLIENT_READY_Etsy_Image_Rescue_2026-05-29/02_All_Listings_By_Set/fw120thset_batch_01/Cropped_Images/fw120thset_batch_01_large-heavy-border-flowers-vintage-chenille-bathrobe-upcycle_img01_2026-05-28_075529.png,images/fw120thset-batch-01_01_fw120thset-batch-01-large-heavy-border-flowers-vintage-chenille-bathro.jpg,,1,253454,candidate_only,Hosting copy is a high-quality JPEG. Original delivered PNG remains unchanged. Public URL not created in this environment.
fw120thset_batch_01,120,fw120thset_batch_01_large-heavy-border-flowers-vintage-chenille-bathrobe-upcycle_img02_2026-05-28_075534.png,fw120thset-batch-01_02_fw120thset-batch-01-large-heavy-border-flowers-vintage-chenille-bathro.jpg,/Users/kyle/Downloads/etsy_cropped_all_batches/MASTER_CLIENT_READY_Etsy_Image_Rescue_2026-05-29/02_All_Listings_By_Set/fw120thset_batch_01/Cropped_Images/fw120thset_batch_01_large-heavy-border-flowers-vintage-chenille-bathrobe-upcycle_img02_2026-05-28_075534.png,images/fw120thset-batch-01_02_fw120thset-batch-01-large-heavy-border-flowers-vintage-chenille-bathro.jpg,,2,241918,candidate_only,Hosting copy is a high-quality JPEG. Original delivered PNG remains unchanged. Public URL not created in this environment.
fw120thset_batch_01,120,fw120thset_batch_01_large-heavy-border-flowers-vintage-chenille-bathrobe-upcycle_img03_2026-05-28_075539.png,fw120thset-batch-01_03_fw120thset-batch-01-large-heavy-border-flowers-vintage-chenille-bathro.jpg,/Users/kyle/Downloads/etsy_cropped_all_batches/MASTER_CLIENT_READY_Etsy_Image_Rescue_2026-05-29/02_All_Listings_By_Set/fw120thset_batch_01/Cropped_Images/fw120thset_batch_01_large-heavy-border-flowers-vintage-chenille-bathrobe-upcycle_img03_2026-05-28_075539.png,images/fw120thset-batch-01_03_fw120thset-batch-01-large-heavy-border-flowers-vintage-chenille-bathro.jpg,,3,180282,candidate_only,Hosting copy is a high-quality JPEG. Original delivered PNG remains unchanged. Public URL not created in this environment.
fw120thset_batch_01,120,fw120thset_batch_01_large-heavy-border-flowers-vintage-chenille-bathrobe-upcycle_img04_2026-05-28_075544.png,fw120thset-batch-01_04_fw120thset-batch-01-large-heavy-border-flowers-vintage-chenille-bathro.jpg,/Users/kyle/Downloads/etsy_cropped_all_batches/MASTER_CLIENT_READY_Etsy_Image_Rescue_2026-05-29/02_All_Listings_By_Set/fw120thset_batch_01/Cropped_Images/fw120thset_batch_01_large-heavy-border-flowers-vintage-chenille-bathrobe-upcycle_img04_2026-05-28_075544.png,images/fw120thset-batch-01_04_fw120thset-batch-01-large-heavy-border-flowers-vintage-chenille-bathro.jpg,,4,219167,candidate_only,Hosting copy is a high-quality JPEG. Original delivered PNG remains unchanged. Public URL not created in this environment.
fw120thset_batch_01,120,fw120thset_batch_01_large-heavy-border-flowers-vintage-chenille-bathrobe-upcycle_img05_2026-05-28_075549.png,fw120thset-batch-01_05_fw120thset-batch-01-large-heavy-border-flowers-vintage-chenille-bathro.jpg,/Users/kyle/Downloads/etsy_cropped_all_batches/MASTER_CLIENT_READY_Etsy_Image_Rescue_2026-05-29/02_All_Listings_By_Set/fw120thset_batch_01/Cropped_Images/fw120thset_batch_01_large-heavy-border-flowers-vintage-chenille-bathrobe-upcycle_img05_2026-05-28_075549.png,images/fw120thset-batch-01_05_fw120thset-batch-01-large-heavy-border-flowers-vintage-chenille-bathro.jpg,,5,233960,candidate_only,Hosting copy is a high-quality JPEG. Original delivered PNG remains unchanged. Public URL not created in this environment.
fw120thset_batch_01,120,fw120thset_batch_01_large-heavy-border-flowers-vintage-chenille-bathrobe-upcycle_img06_2026-05-28_075553.png,fw120thset-batch-01_06_fw120thset-batch-01-large-heavy-border-flowers-vintage-chenille-bathro.jpg,/Users/kyle/Downloads/etsy_cropped_all_batches/MASTER_CLIENT_READY_Etsy_Image_Rescue_2026-05-29/02_All_Listings_By_Set/fw120thset_batch_01/Cropped_Images/fw120thset_batch_01_large-heavy-border-flowers-vintage-chenille-bathrobe-upcycle_img06_2026-05-28_075553.png,images/fw120thset-batch-01_06_fw120thset-batch-01-large-heavy-border-flowers-vintage-chenille-bathro.jpg,,6,210537,candidate_only,Hosting copy is a high-quality JPEG. Original delivered PNG remains unchanged. Public URL not created in this environment.
fw120thset_batch_01,120,fw120thset_batch_01_large-heavy-border-flowers-vintage-chenille-bathrobe-upcycle_img07_2026-05-28_075558.png,fw120thset-batch-01_07_fw120thset-batch-01-large-heavy-border-flowers-vintage-chenille-bathro.jpg,/Users/kyle/Downloads/etsy_cropped_all_batches/MASTER_CLIENT_READY_Etsy_Image_Rescue_2026-05-29/02_All_Listings_By_Set/fw120thset_batch_01/Cropped_Images/fw120thset_batch_01_large-heavy-border-flowers-vintage-chenille-bathrobe-upcycle_img07_2026-05-28_075558.png,images/fw120thset-batch-01_07_fw120thset-batch-01-large-heavy-border-flowers-vintage-chenille-bathro.jpg,,7,221646,candidate_only,Hosting copy is a high-quality JPEG. Original delivered PNG remains unchanged. Public URL not created in this environment.
fw120thset_batch_01,120,fw120thset_batch_01_large-heavy-border-flowers-vintage-chenille-bathrobe-upcycle_img08_2026-05-28_075603.png,fw120thset-batch-01_08_fw120thset-batch-01-large-heavy-border-flowers-vintage-chenille-bathro.jpg,/Users/kyle/Downloads/etsy_cropped_all_batches/MASTER_CLIENT_READY_Etsy_Image_Rescue_2026-05-29/02_All_Listings_By_Set/fw120thset_batch_01/Cropped_Images/fw120thset_batch_01_large-heavy-border-flowers-vintage-chenille-bathrobe-upcycle_img08_2026-05-28_075603.png,images/fw120thset-batch-01_08_fw120thset-batch-01-large-heavy-border-flowers-vintage-chenille-bathro.jpg,,8,171770,candidate_only,Hosting copy is a high-quality JPEG. Original delivered PNG remains unchanged. Public URL not created in this environment.
fw121stset_batch_09,121,fw121stset_batch_09_large-heavy-border-flowers-vintage-chenille-bathrobe-upcycle_img01_2026-05-28_075422.png,fw121stset-batch-09_01_fw121stset-batch-09-large-heavy-border-flowers-vintage-chenille-bathro.jpg,/Users/kyle/Downloads/etsy_cropped_all_batches/MASTER_CLIENT_READY_Etsy_Image_Rescue_2026-05-29/02_All_Listings_By_Set/fw121stset_batch_09/Cropped_Images/fw121stset_batch_09_large-heavy-border-flowers-vintage-chenille-bathrobe-upcycle_img01_2026-05-28_075422.png,images/fw121stset-batch-09_01_fw121stset-batch-09-large-heavy-border-flowers-vintage-chenille-bathro.jpg,,1,231991,candidate_only,Hosting copy is a high-quality JPEG. Original delivered PNG remains unchanged. Public URL not created in this environment.
fw121stset_batch_09,121,fw121stset_batch_09_large-heavy-border-flowers-vintage-chenille-bathrobe-upcycle_img02_2026-05-28_075427.png,fw121stset-batch-09_02_fw121stset-batch-09-large-heavy-border-flowers-vintage-chenille-bathro.jpg,/Users/kyle/Downloads/etsy_cropped_all_batches/MASTER_CLIENT_READY_Etsy_Image_Rescue_2026-05-29/02_All_Listings_By_Set/fw121stset_batch_09/Cropped_Images/fw121stset_batch_09_large-heavy-border-flowers-vintage-chenille-bathrobe-upcycle_img02_2026-05-28_075427.png,images/fw121stset-batch-09_02_fw121stset-batch-09-large-heavy-border-flowers-vintage-chenille-bathro.jpg,,2,177455,candidate_only,Hosting copy is a high-quality JPEG. Original delivered PNG remains unchanged. Public URL not created in this environment.
fw121stset_batch_09,121,fw121stset_batch_09_large-heavy-border-flowers-vintage-chenille-bathrobe-upcycle_img03_2026-05-28_075432.png,fw121stset-batch-09_03_fw121stset-batch-09-large-heavy-border-flowers-vintage-chenille-bathro.jpg,/Users/kyle/Downloads/etsy_cropped_all_batches/MASTER_CLIENT_READY_Etsy_Image_Rescue_2026-05-29/02_All_Listings_By_Set/fw121stset_batch_09/Cropped_Images/fw121stset_batch_09_large-heavy-border-flowers-vintage-chenille-bathrobe-upcycle_img03_2026-05-28_075432.png,images/fw121stset-batch-09_03_fw121stset-batch-09-large-heavy-border-flowers-vintage-chenille-bathro.jpg,,3,170003,candidate_only,Hosting copy is a high-quality JPEG. Original delivered PNG remains unchanged. Public URL not created in this environment.
fw121stset_batch_09,121,fw121stset_batch_09_large-heavy-border-flowers-vintage-chenille-bathrobe-upcycle_img04_2026-05-28_075436.png,fw121stset-batch-09_04_fw121stset-batch-09-large-heavy-border-flowers-vintage-chenille-bathro.jpg,/Users/kyle/Downloads/etsy_cropped_all_batches/MASTER_CLIENT_READY_Etsy_Image_Rescue_2026-05-29/02_All_Listings_By_Set/fw121stset_batch_09/Cropped_Images/fw121stset_batch_09_large-heavy-border-flowers-vintage-chenille-bathrobe-upcycle_img04_2026-05-28_075436.png,images/fw121stset-batch-09_04_fw121stset-batch-09-large-heavy-border-flowers-vintage-chenille-bathro.jpg,,4,164823,candidate_only,Hosting copy is a high-quality JPEG. Original delivered PNG remains unchanged. Public URL not created in this environment.
fw121stset_batch_09,121,fw121stset_batch_09_large-heavy-border-flowers-vintage-chenille-bathrobe-upcycle_img05_2026-05-28_075440.png,fw121stset-batch-09_05_fw121stset-batch-09-large-heavy-border-flowers-vintage-chenille-bathro.jpg,/Users/kyle/Downloads/etsy_cropped_all_batches/MASTER_CLIENT_READY_Etsy_Image_Rescue_2026-05-29/02_All_Listings_By_Set/fw121stset_batch_09/Cropped_Images/fw121stset_batch_09_large-heavy-border-flowers-vintage-chenille-bathrobe-upcycle_img05_2026-05-28_075440.png,images/fw121stset-batch-09_05_fw121stset-batch-09-large-heavy-border-flowers-vintage-chenille-bathro.jpg,,5,189406,candidate_only,Hosting copy is a high-quality JPEG. Original delivered PNG remains unchanged. Public URL not created in this environment.
fw121stset_batch_09,121,fw121stset_batch_09_large-heavy-border-flowers-vintage-chenille-bathrobe-upcycle_img06_2026-05-28_075444.png,fw121stset-batch-09_06_fw121stset-batch-09-large-heavy-border-flowers-vintage-chenille-bathro.jpg,/Users/kyle/Downloads/etsy_cropped_all_batches/MASTER_CLIENT_READY_Etsy_Image_Rescue_2026-05-29/02_All_Listings_By_Set/fw121stset_batch_09/Cropped_Images/fw121stset_batch_09_large-heavy-border-flowers-vintage-chenille-bathrobe-upcycle_img06_2026-05-28_075444.png,images/fw121stset-batch-09_06_fw121stset-batch-09-large-heavy-border-flowers-vintage-chenille-bathro.jpg,,6,189325,candidate_only,Hosting copy is a high-quality JPEG. Original delivered PNG remains unchanged. Public URL not created in this environment.
fw121stset_batch_09,121,fw121stset_batch_09_large-heavy-border-flowers-vintage-chenille-bathrobe-upcycle_img07_2026-05-28_075449.png,fw121stset-batch-09_07_fw121stset-batch-09-large-heavy-border-flowers-vintage-chenille-bathro.jpg,/Users/kyle/Downloads/etsy_cropped_all_batches/MASTER_CLIENT_READY_Etsy_Image_Rescue_2026-05-29/02_All_Listings_By_Set/fw121stset_batch_09/Cropped_Images/fw121stset_batch_09_large-heavy-border-flowers-vintage-chenille-bathrobe-upcycle_img07_2026-05-28_075449.png,images/fw121stset-batch-09_07_fw121stset-batch-09-large-heavy-border-flowers-vintage-chenille-bathro.jpg,,7,208626,candidate_only,Hosting copy is a high-quality JPEG. Original delivered PNG remains unchanged. Public URL not created in this environment.
fw121stset_batch_09,121,fw121stset_batch_09_large-heavy-border-flowers-vintage-chenille-bathrobe-upcycle_img08_2026-05-28_075453.png,fw121stset-batch-09_08_fw121stset-batch-09-large-heavy-border-flowers-vintage-chenille-bathro.jpg,/Users/kyle/Downloads/etsy_cropped_all_batches/MASTER_CLIENT_READY_Etsy_Image_Rescue_2026-05-29/02_All_Listings_By_Set/fw121stset_batch_09/Cropped_Images/fw121stset_batch_09_large-heavy-border-flowers-vintage-chenille-bathrobe-upcycle_img08_2026-05-28_075453.png,images/fw121stset-batch-09_08_fw121stset-batch-09-large-heavy-border-flowers-vintage-chenille-bathro.jpg,,8,161432,candidate_only,Hosting copy is a high-quality JPEG. Original delivered PNG remains unchanged. Public URL not created in this environment.
fw122ndset_batch_10,122,fw122ndset_batch_10_l-midlength-soft-sassy-fringed-vintage-chenille-bathrobe-upc_img01_2026-05-28_075252.png,fw122ndset-batch-10_01_fw122ndset-batch-10-l-midlength-soft-sassy-fringed-vintage-chenille-ba.jpg,/Users/kyle/Downloads/etsy_cropped_all_batches/MASTER_CLIENT_READY_Etsy_Image_Rescue_2026-05-29/02_All_Listings_By_Set/fw122ndset_batch_10/Cropped_Images/fw122ndset_batch_10_l-midlength-soft-sassy-fringed-vintage-chenille-bathrobe-upc_img01_2026-05-28_075252.png,images/fw122ndset-batch-10_01_fw122ndset-batch-10-l-midlength-soft-sassy-fringed-vintage-chenille-ba.jpg,,1,231149,candidate_only,Hosting copy is a high-quality JPEG. Original delivered PNG remains unchanged. Public URL not created in this environment.
fw122ndset_batch_10,122,fw122ndset_batch_10_l-midlength-soft-sassy-fringed-vintage-chenille-bathrobe-upc_img02_2026-05-28_075300.png,fw122ndset-batch-10_02_fw122ndset-batch-10-l-midlength-soft-sassy-fringed-vintage-chenille-ba.jpg,/Users/kyle/Downloads/etsy_cropped_all_batches/MASTER_CLIENT_READY_Etsy_Image_Rescue_2026-05-29/02_All_Listings_By_Set/fw122ndset_batch_10/Cropped_Images/fw122ndset_batch_10_l-midlength-soft-sassy-fringed-vintage-chenille-bathrobe-upc_img02_2026-05-28_075300.png,images/fw122ndset-batch-10_02_fw122ndset-batch-10-l-midlength-soft-sassy-fringed-vintage-chenille-ba.jpg,,2,185597,candidate_only,Hosting copy is a high-quality JPEG. Original delivered PNG remains unchanged. Public URL not created in this environment.
fw122ndset_batch_10,122,fw122ndset_batch_10_l-midlength-soft-sassy-fringed-vintage-chenille-bathrobe-upc_img03_2026-05-28_075305.png,fw122ndset-batch-10_03_fw122ndset-batch-10-l-midlength-soft-sassy-fringed-vintage-chenille-ba.jpg,/Users/kyle/Downloads/etsy_cropped_all_batches/MASTER_CLIENT_READY_Etsy_Image_Rescue_2026-05-29/02_All_Listings_By_Set/fw122ndset_batch_10/Cropped_Images/fw122ndset_batch_10_l-midlength-soft-sassy-fringed-vintage-chenille-bathrobe-upc_img03_2026-05-28_075305.png,images/fw122ndset-batch-10_03_fw122ndset-batch-10-l-midlength-soft-sassy-fringed-vintage-chenille-ba.jpg,,3,181026,candidate_only,Hosting copy is a high-quality JPEG. Original delivered PNG remains unchanged. Public URL not created in this environment.
fw122ndset_batch_10,122,fw122ndset_batch_10_l-midlength-soft-sassy-fringed-vintage-chenille-bathrobe-upc_img04_2026-05-28_075309.png,fw122ndset-batch-10_04_fw122ndset-batch-10-l-midlength-soft-sassy-fringed-vintage-chenille-ba.jpg,/Users/kyle/Downloads/etsy_cropped_all_batches/MASTER_CLIENT_READY_Etsy_Image_Rescue_2026-05-29/02_All_Listings_By_Set/fw122ndset_batch_10/Cropped_Images/fw122ndset_batch_10_l-midlength-soft-sassy-fringed-vintage-chenille-bathrobe-upc_img04_2026-05-28_075309.png,images/fw122ndset-batch-10_04_fw122ndset-batch-10-l-midlength-soft-sassy-fringed-vintage-chenille-ba.jpg,,4,189244,candidate_only,Hosting copy is a high-quality JPEG. Original delivered PNG remains unchanged. Public URL not created in this environment.
fw122ndset_batch_10,122,fw122ndset_batch_10_l-midlength-soft-sassy-fringed-vintage-chenille-bathrobe-upc_img05_2026-05-28_075313.png,fw122ndset-batch-10_05_fw122ndset-batch-10-l-midlength-soft-sassy-fringed-vintage-chenille-ba.jpg,/Users/kyle/Downloads/etsy_cropped_all_batches/MASTER_CLIENT_READY_Etsy_Image_Rescue_2026-05-29/02_All_Listings_By_Set/fw122ndset_batch_10/Cropped_Images/fw122ndset_batch_10_l-midlength-soft-sassy-fringed-vintage-chenille-bathrobe-upc_img05_2026-05-28_075313.png,images/fw122ndset-batch-10_05_fw122ndset-batch-10-l-midlength-soft-sassy-fringed-vintage-chenille-ba.jpg,,5,167894,candidate_only,Hosting copy is a high-quality JPEG. Original delivered PNG remains unchanged. Public URL not created in this environment.
fw122ndset_batch_10,122,fw122ndset_batch_10_l-midlength-soft-sassy-fringed-vintage-chenille-bathrobe-upc_img06_2026-05-28_075320.png,fw122ndset-batch-10_06_fw122ndset-batch-10-l-midlength-soft-sassy-fringed-vintage-chenille-ba.jpg,/Users/kyle/Downloads/etsy_cropped_all_batches/MASTER_CLIENT_READY_Etsy_Image_Rescue_2026-05-29/02_All_Listings_By_Set/fw122ndset_batch_10/Cropped_Images/fw122ndset_batch_10_l-midlength-soft-sassy-fringed-vintage-chenille-bathrobe-upc_img06_2026-05-28_075320.png,images/fw122ndset-batch-10_06_fw122ndset-batch-10-l-midlength-soft-sassy-fringed-vintage-chenille-ba.jpg,,6,149960,candidate_only,Hosting copy is a high-quality JPEG. Original delivered PNG remains unchanged. Public URL not created in this environment.
fw122ndset_batch_10,122,fw122ndset_batch_10_l-midlength-soft-sassy-fringed-vintage-chenille-bathrobe-upc_img07_2026-05-28_075325.png,fw122ndset-batch-10_07_fw122ndset-batch-10-l-midlength-soft-sassy-fringed-vintage-chenille-ba.jpg,/Users/kyle/Downloads/etsy_cropped_all_batches/MASTER_CLIENT_READY_Etsy_Image_Rescue_2026-05-29/02_All_Listings_By_Set/fw122ndset_batch_10/Cropped_Images/fw122ndset_batch_10_l-midlength-soft-sassy-fringed-vintage-chenille-bathrobe-upc_img07_2026-05-28_075325.png,images/fw122ndset-batch-10_07_fw122ndset-batch-10-l-midlength-soft-sassy-fringed-vintage-chenille-ba.jpg,,7,179030,candidate_only,Hosting copy is a high-quality JPEG. Original delivered PNG remains unchanged. Public URL not created in this environment.
fw122ndset_batch_10,122,fw122ndset_batch_10_l-midlength-soft-sassy-fringed-vintage-chenille-bathrobe-upc_img08_2026-05-28_075330.png,fw122ndset-batch-10_08_fw122ndset-batch-10-l-midlength-soft-sassy-fringed-vintage-chenille-ba.jpg,/Users/kyle/Downloads/etsy_cropped_all_batches/MASTER_CLIENT_READY_Etsy_Image_Rescue_2026-05-29/02_All_Listings_By_Set/fw122ndset_batch_10/Cropped_Images/fw122ndset_batch_10_l-midlength-soft-sassy-fringed-vintage-chenille-bathrobe-upc_img08_2026-05-28_075330.png,images/fw122ndset-batch-10_08_fw122ndset-batch-10-l-midlength-soft-sassy-fringed-vintage-chenille-ba.jpg,,8,157780,candidate_only,Hosting copy is a high-quality JPEG. Original delivered PNG remains unchanged. Public URL not created in this environment.
fw122ndset_batch_10,122,fw122ndset_batch_10_l-midlength-soft-sassy-fringed-vintage-chenille-bathrobe-upc_img09_2026-05-28_075335.png,fw122ndset-batch-10_09_fw122ndset-batch-10-l-midlength-soft-sassy-fringed-vintage-chenille-ba.jpg,/Users/kyle/Downloads/etsy_cropped_all_batches/MASTER_CLIENT_READY_Etsy_Image_Rescue_2026-05-29/02_All_Listings_By_Set/fw122ndset_batch_10/Cropped_Images/fw122ndset_batch_10_l-midlength-soft-sassy-fringed-vintage-chenille-bathrobe-upc_img09_2026-05-28_075335.png,images/fw122ndset-batch-10_09_fw122ndset-batch-10-l-midlength-soft-sassy-fringed-vintage-chenille-ba.jpg,,9,177009,candidate_only,Hosting copy is a high-quality JPEG. Original delivered PNG remains unchanged. Public URL not created in this environment.
