set_or_batch_number,batch_name,listing_id_local,listing_folder,title,description,short_description_or_notes,suggested_handle,suggested_sku,suggested_tags,materials_or_keywords,image_count,primary_image_filename,all_image_filenames,cropped_images_folder,listing_info_file,original_screenshots_folder,ocr_status,crop_status,qa_status,needs_review,review_notes,shopify_ready_status,image_hosting_needed,price,inventory_quantity,category,product_type,collection,published,completed_in_shopify,client_notes
37,fw37thset_batch_23,fw37thset_batch_23,02_All_Listings_By_Set/fw37thset_batch_23,[Manual transcription needed],[Manual transcription needed],[Manual transcription needed],manual-transcription-needed,FW-037-B23,,,5,fw37thset_batch_23_untitled-listing_img01_2026-05-26_083416.png,fw37thset_batch_23_untitled-listing_img01_2026-05-26_083416.png | fw37thset_batch_23_untitled-listing_img02_2026-05-26_083425.png | fw37thset_batch_23_untitled-listing_img03_2026-05-26_083431.png | fw37thset_batch_23_untitled-listing_img04_2026-05-26_083437.png | fw37thset_batch_23_untitled-listing_img05_2026-05-26_083442.png,02_All_Listings_By_Set/fw37thset_batch_23/Cropped_Images,02_All_Listings_By_Set/fw37thset_batch_23/Listing_Info/listing_info.txt,02_All_Listings_By_Set/fw37thset_batch_23/Original_Screenshots_Backup,listing_text_needs_review,needs_review,needs_review,YES,Screenshot 2026-05-26 at 8.34.16 AM.png: needs_review - Automatic crop passed layout checks. Possible Etsy overlay inside product photo. | listing_info/listing_info.txt: listing_text_needs_review - No Item Details source screenshot was available. Manual transcription needed.,draft_needs_review,YES,,,,,,FALSE,,
73,fw73rdset_batch_24,fw73rdset_batch_24,02_All_Listings_By_Set/fw73rdset_batch_24,"Large lightweight ""Shortie Blues"" vintage chenille bathrobe upcycled from hand tufted chenille bedspreads","Requests for shorter (than ankle length) bathrobes...another! This one is a large (can fit
up to a woman's size 16) and is full of fun flowers; front and back, even the cuffs.
Lightweight and soft, sleeves are an hombre style of blue tufting.
Large can fit up to a woman's size 16, with pockets; machine washable too.
Chenille bedspreads were created and manufactured in the US during the 1930s to the
1950s; much of it was hand tufted. The hand tufting process was often a series of knots
tied in a pre-printed design onto cotton (muslin) fabric. These one-of-a-kind bedspreads
varied by the tufter, as well as by materials used.
The production of chenille stopped in the United States after about 1960, and much of it
is being up cycled and given new life. Since the supply of vintage chenille is limited and
finite, it has become more difficult to find! Although chenille is durable, it can suffer
wear over time that may take the form of thinning lines of chenille, skipped spots where
chenille has come out; small pinholes, or variations in color. If any of these
imnarfantione ara natal luill mantian tham in tha danarintion halaur
hut hamalien tha","Requests for shorter (than ankle length) bathrobes...another! This one is a large (can fit up to a woman's size 16) and is full of fun flowers; front and back, even the cuffs. Lightweight and soft, sleeves are an hombre style of blue tuf...",large-lightweight-shortie-blues-vintage-chenille-bathrobe-upcycled-from-hand-tuf,FW-073-B24,"vintage, chenille, bathrobe, robe, upcycled, bedspread, flower, cotton, hand tufted","chenille, cotton, bedspread, hand tufted, vintage",9,fw73rdset_batch_24_large-lightweight-shortie-blues-vintage-chenille-bathrobe-up_img01_2026-05-27_095149.png,fw73rdset_batch_24_large-lightweight-shortie-blues-vintage-chenille-bathrobe-up_img01_2026-05-27_095149.png | fw73rdset_batch_24_large-lightweight-shortie-blues-vintage-chenille-bathrobe-up_img02_2026-05-27_095156.png | fw73rdset_batch_24_large-lightweight-shortie-blues-vintage-chenille-bathrobe-up_img03_2026-05-27_095202.png | fw73rdset_batch_24_large-lightweight-shortie-blues-vintage-chenille-bathrobe-up_img04_2026-05-27_095209.png | fw73rdset_batch_24_large-lightweight-shortie-blues-vintage-chenille-bathrobe-up_img05_2026-05-27_095214.png | fw73rdset_batch_24_large-lightweight-shortie-blues-vintage-chenille-bathrobe-up_img06_2026-05-27_095218.png | fw73rdset_batch_24_large-lightweight-shortie-blues-vintage-chenille-bathrobe-up_img07_2026-05-27_095223.png | fw73rdset_batch_24_large-lightweight-shortie-blues-vintage-chenille-bathrobe-up_img08_2026-05-27_095228.png | fw73rdset_batch_24_large-lightweight-shortie-blues-vintage-chenille-bathrobe-up_img09_2026-05-27_095233.png,02_All_Listings_By_Set/fw73rdset_batch_24/Cropped_Images,02_All_Listings_By_Set/fw73rdset_batch_24/Listing_Info/listing_info.txt,02_All_Listings_By_Set/fw73rdset_batch_24/Original_Screenshots_Backup,listing_text_extracted,needs_review,needs_review,YES,Screenshot 2026-05-27 at 9.51.49 AM.png: needs_review - Automatic crop passed layout checks. Possible Etsy overlay inside product photo.,draft_needs_review,YES,,,,Bathrobe,,FALSE,,
74,fw74thset_batch_25,fw74thset_batch_25,02_All_Listings_By_Set/fw74thset_batch_25,"Medium plush ""Waffles in the Garden"" vintage chenille bathrobe upcycled from hand tufted chenille bedspreads","The vintage chenille bedspread used to create this bathrobe is a 'double' chenille, where
the background chenille (usually white) is matching generated, and the designs are
tufted on top. The background chenille in this bathrobe is a 'waffle' chenille, if you zoom
in you can see it is square. The hand tufting takes the form of the pretty flowers and
bows on top of the background chenille.
This bathrobe is very symmetrical, as that is how the bedspread was designed. I love to
create bathrobes out of this design, as it is easier to match the connecting parts. A
medium can fit up to a woman's size 12, with pockets; machine washable too!
Chenille bedspreads were created and manufactured in the US during the 1930s to the
1950s; much of it was hand tufted. The hand tufting process was often a series of knots
tied in a pre-printed design onto cotton (muslin) fabric. These one-of-a-kind bedspreads
varied by the tufter, as well as by materials used.
The production of chenille stopped in the United States after about 1960, and much of it
is being up cycled and given new life. Since the supply of vintage chenille is limited and","The vintage chenille bedspread used to create this bathrobe is a 'double' chenille, where the background chenille (usually white) is matching generated, and the designs are tufted on top. The background chenille in this bathrobe is a 'wa...",medium-plush-waffles-in-the-garden-vintage-chenille-bathrobe-upcycled-from-hand,FW-074-B25,"vintage, chenille, bathrobe, robe, upcycled, bedspread, flower, cotton, hand tufted, plush","chenille, cotton, bedspread, hand tufted, vintage",9,fw74thset_batch_25_medium-plush-waffles-in-the-garden-vintage-chenille-bathrobe_img01_2026-05-27_095308.png,fw74thset_batch_25_medium-plush-waffles-in-the-garden-vintage-chenille-bathrobe_img01_2026-05-27_095308.png | fw74thset_batch_25_medium-plush-waffles-in-the-garden-vintage-chenille-bathrobe_img02_2026-05-27_095314.png | fw74thset_batch_25_medium-plush-waffles-in-the-garden-vintage-chenille-bathrobe_img03_2026-05-27_095318.png | fw74thset_batch_25_medium-plush-waffles-in-the-garden-vintage-chenille-bathrobe_img04_2026-05-27_095322.png | fw74thset_batch_25_medium-plush-waffles-in-the-garden-vintage-chenille-bathrobe_img05_2026-05-27_095327.png | fw74thset_batch_25_medium-plush-waffles-in-the-garden-vintage-chenille-bathrobe_img06_2026-05-27_095331.png | fw74thset_batch_25_medium-plush-waffles-in-the-garden-vintage-chenille-bathrobe_img07_2026-05-27_095335.png | fw74thset_batch_25_medium-plush-waffles-in-the-garden-vintage-chenille-bathrobe_img08_2026-05-27_095340.png | fw74thset_batch_25_medium-plush-waffles-in-the-garden-vintage-chenille-bathrobe_img09_2026-05-27_095344.png,02_All_Listings_By_Set/fw74thset_batch_25/Cropped_Images,02_All_Listings_By_Set/fw74thset_batch_25/Listing_Info/listing_info.txt,02_All_Listings_By_Set/fw74thset_batch_25/Original_Screenshots_Backup,listing_text_extracted,needs_review,needs_review,YES,Screenshot 2026-05-27 at 9.53.08 AM.png: needs_review - Automatic crop passed layout checks. Possible Etsy overlay inside product photo.,draft_needs_review,YES,,,,Bathrobe,,FALSE,,
75,fw75thset_batch_26,fw75thset_batch_26,02_All_Listings_By_Set/fw75thset_batch_26,"2X long and plush ""Plum Perfect"" vintage chenille bathrobe upcycled from hand tufted peacock chenille bedspread","The king of purple peacocks, so big that the tail goes across the entire back panel and
laps over onto each side as well. I cut this as a 2X due to the size of the tail, so that I
could capture the whole thing! Very plush and such vibrant colors against that tan
background; and the front has those amazing cathedral windows and oodles of flowers.
Sleeves are loaded with more purple daisies, that matches that fabulous peacock tail.
2X can fit up to a woman's size 26, with pockets. Melissa Mccarthy wore one of my
gorgeous peacock robes in her recent movie 'Genie', her was a 3X for reference. The
mannequin in the photos is a size 18 for reference as well.
Chenille bedspreads were created and manufactured in the US during the 1930s to the
1950s; much of it was hand tufted. The hand tufting process was often a series of knots
tied in a pre-printed design onto cotton (muslin) fabric. These one-of-a-kind bedspreads
varied by the tufter, as well as by materials used.
The production of chenille stopped in the United States after about 1960, and much of it
is being up cycled and given new life. Since the supply of vintage chenille is limited and","The king of purple peacocks, so big that the tail goes across the entire back panel and laps over onto each side as well. I cut this as a 2X due to the size of the tail, so that I could capture the whole thing! Very plush and such vibran...",2x-long-and-plush-plum-perfect-vintage-chenille-bathrobe-upcycled-from-hand-tuft,FW-075-B26,"vintage, chenille, bathrobe, robe, upcycled, bedspread, peacock, flower, cotton, hand tufted, plush","chenille, cotton, bedspread, hand tufted, vintage",9,fw75thset_batch_26_2x-long-and-plush-plum-perfect-vintage-chenille-bathrobe-upc_img01_2026-05-27_103822.png,fw75thset_batch_26_2x-long-and-plush-plum-perfect-vintage-chenille-bathrobe-upc_img01_2026-05-27_103822.png | fw75thset_batch_26_2x-long-and-plush-plum-perfect-vintage-chenille-bathrobe-upc_img02_2026-05-27_103827.png | fw75thset_batch_26_2x-long-and-plush-plum-perfect-vintage-chenille-bathrobe-upc_img03_2026-05-27_103832.png | fw75thset_batch_26_2x-long-and-plush-plum-perfect-vintage-chenille-bathrobe-upc_img04_2026-05-27_103837.png | fw75thset_batch_26_2x-long-and-plush-plum-perfect-vintage-chenille-bathrobe-upc_img05_2026-05-27_103841.png | fw75thset_batch_26_2x-long-and-plush-plum-perfect-vintage-chenille-bathrobe-upc_img06_2026-05-27_103848.png | fw75thset_batch_26_2x-long-and-plush-plum-perfect-vintage-chenille-bathrobe-upc_img07_2026-05-27_103853.png | fw75thset_batch_26_2x-long-and-plush-plum-perfect-vintage-chenille-bathrobe-upc_img08_2026-05-27_103858.png | fw75thset_batch_26_2x-long-and-plush-plum-perfect-vintage-chenille-bathrobe-upc_img09_2026-05-27_103902.png,02_All_Listings_By_Set/fw75thset_batch_26/Cropped_Images,02_All_Listings_By_Set/fw75thset_batch_26/Listing_Info/listing_info.txt,02_All_Listings_By_Set/fw75thset_batch_26/Original_Screenshots_Backup,listing_text_extracted,needs_review,needs_review,YES,Screenshot 2026-05-27 at 10.38.22 AM.png: needs_review - Automatic crop passed layout checks. Possible Etsy overlay inside product photo.,draft_needs_review,YES,,,,Bathrobe,,FALSE,,
76,fw76thset_batch_27,fw76thset_batch_27,02_All_Listings_By_Set/fw76thset_batch_27,Small lightweight 'Touch of Purple' vintage chenille bathrobe upcycled from hand tufted chenille bedspread,"Lightweight and soft, this beauty is a purple lovers dream...Lots of purple in the body of
the robe; and those sleeves!
Small can fit up to a woman's size 8, with pockets; machine washable too.
Chenille bedspreads were created and manufactured in the US during the 1930s to the
1950s; much of it was hand tufted. The hand tufting process was often a series of knots
tied in a pre-printed design onto cotton (muslin) fabric. These one-of-a-kind bedspreads
varied by the tufter, as well as by materials used.
The production of chenille stopped in the United States after about 1960, and much of it
is being up cycled and given new life. Since the supply of vintage chenille is limited and
finite, it has become more difficult to find! Although chenille is durable, it can suffer
wear over time that may take the form of thinning lines of chenille, skipped spots where
chenille has come out; small pinholes, or variations in color. If any of these
imperfections are notable, I will mention them in the description below, but because the
chenille is true vintage or antique, the journey it has made prior to becoming this","Lightweight and soft, this beauty is a purple lovers dream...Lots of purple in the body of the robe; and those sleeves! Small can fit up to a woman's size 8, with pockets; machine washable too. Chenille bedspreads were created and manufa...",small-lightweight-touch-of-purple-vintage-chenille-bathrobe-upcycled-from-hand-t,FW-076-B27,"vintage, chenille, bathrobe, robe, upcycled, bedspread, cotton, hand tufted","chenille, cotton, bedspread, hand tufted, vintage",8,fw76thset_batch_27_small-lightweight-touch-of-purple-vintage-chenille-bathrobe_img01_2026-05-27_103650.png,fw76thset_batch_27_small-lightweight-touch-of-purple-vintage-chenille-bathrobe_img01_2026-05-27_103650.png | fw76thset_batch_27_small-lightweight-touch-of-purple-vintage-chenille-bathrobe_img02_2026-05-27_103655.png | fw76thset_batch_27_small-lightweight-touch-of-purple-vintage-chenille-bathrobe_img03_2026-05-27_103700.png | fw76thset_batch_27_small-lightweight-touch-of-purple-vintage-chenille-bathrobe_img04_2026-05-27_103704.png | fw76thset_batch_27_small-lightweight-touch-of-purple-vintage-chenille-bathrobe_img05_2026-05-27_103708.png | fw76thset_batch_27_small-lightweight-touch-of-purple-vintage-chenille-bathrobe_img06_2026-05-27_103712.png | fw76thset_batch_27_small-lightweight-touch-of-purple-vintage-chenille-bathrobe_img07_2026-05-27_103716.png | fw76thset_batch_27_small-lightweight-touch-of-purple-vintage-chenille-bathrobe_img08_2026-05-27_103721.png,02_All_Listings_By_Set/fw76thset_batch_27/Cropped_Images,02_All_Listings_By_Set/fw76thset_batch_27/Listing_Info/listing_info.txt,02_All_Listings_By_Set/fw76thset_batch_27/Original_Screenshots_Backup,listing_text_extracted,needs_review,needs_review,YES,Screenshot 2026-05-27 at 10.36.50 AM.png: needs_review - Automatic crop passed layout checks. Possible Etsy overlay inside product photo.,draft_needs_review,YES,,,,Bathrobe,,FALSE,,
79,fw79thset_batch_28,fw79thset_batch_28,02_All_Listings_By_Set/fw79thset_batch_28,"Large long ""Bluebirds of Happiness"" vintage chenille bathrobe upcycled from hand tufted chenille bedspreads","This bathrobe was made from a 'double' chenille vintage chenille bedspread. I have had
this particular bedspread before, the bathrobe I created from this one is extra long, the
new owner should be at least 5'4"" or taller.
The body of this robe is a butter yellow chenille with those awesome bluebirds soaring
overhead. There were a couple stains that i covered with additional purple daisies, you
can see them randomly sprinkled in the robe.
A large can fit up to a woman's size 18, with pockets. This robe is lightweight, a summer
robe for sure. Chenille bedspreads were created and manufactured in the US during the
1930s to the 1950s; much of it was hand tufted. The hand tufting process was often a
series of knots tied in a pre-printed design onto cotton (muslin) fabric. These one-of-a-
kind bedspreads varied by the tufter, as well as by materials used.
The production of chenille stopped in the United States after about 1960, and much of it
is being up cycled and given new life. Since the supply of vintage chenille is limited and
finite, it has become more difficult to find! Although chenille is durable, it can suffer","This bathrobe was made from a 'double' chenille vintage chenille bedspread. I have had this particular bedspread before, the bathrobe I created from this one is extra long, the new owner should be at least 5'4"" or taller. The body of thi...",large-long-bluebirds-of-happiness-vintage-chenille-bathrobe-upcycled-from-hand-t,FW-079-B28,"vintage, chenille, bathrobe, robe, upcycled, bedspread, cotton, hand tufted","chenille, cotton, bedspread, hand tufted, vintage",9,fw79thset_batch_28_large-long-bluebirds-of-happiness-vintage-chenille-bathrobe_img01_2026-05-27_104404.png,fw79thset_batch_28_large-long-bluebirds-of-happiness-vintage-chenille-bathrobe_img01_2026-05-27_104404.png | fw79thset_batch_28_large-long-bluebirds-of-happiness-vintage-chenille-bathrobe_img02_2026-05-27_104412.png | fw79thset_batch_28_large-long-bluebirds-of-happiness-vintage-chenille-bathrobe_img03_2026-05-27_104532.png | fw79thset_batch_28_large-long-bluebirds-of-happiness-vintage-chenille-bathrobe_img04_2026-05-27_104538.png | fw79thset_batch_28_large-long-bluebirds-of-happiness-vintage-chenille-bathrobe_img05_2026-05-27_104544.png | fw79thset_batch_28_large-long-bluebirds-of-happiness-vintage-chenille-bathrobe_img06_2026-05-27_104548.png | fw79thset_batch_28_large-long-bluebirds-of-happiness-vintage-chenille-bathrobe_img07_2026-05-27_104553.png | fw79thset_batch_28_large-long-bluebirds-of-happiness-vintage-chenille-bathrobe_img08_2026-05-27_104557.png | fw79thset_batch_28_large-long-bluebirds-of-happiness-vintage-chenille-bathrobe_img09_2026-05-27_104602.png,02_All_Listings_By_Set/fw79thset_batch_28/Cropped_Images,02_All_Listings_By_Set/fw79thset_batch_28/Listing_Info/listing_info.txt,02_All_Listings_By_Set/fw79thset_batch_28/Original_Screenshots_Backup,listing_text_extracted,needs_review,needs_review,YES,Screenshot 2026-05-27 at 10.44.04 AM.png: needs_review - Automatic crop passed layout checks. Possible Etsy overlay inside product photo. | Screenshot 2026-05-27 at 10.45.32 AM.png: needs_review - Automatic crop passed layout checks. Possible Etsy overlay inside product photo.,draft_needs_review,YES,,,,Bathrobe,,FALSE,,
85,fw85thset_batch_29,fw85thset_batch_29,02_All_Listings_By_Set/fw85thset_batch_29,"XL soft and lightweight ""Barbies Easter Basket"" chenille bathrobe upcycled from vintage handtufted chenille bedspreads badtaaltarYl autofthic doriold bodenrood to ancuro that I anild not tha antiro","I had to cut an XL out of this glorious bedspread, to ensure that I could get the entire
flower basket on the back! So full of those gorgeous daisies, and they are even spilling
over to land on the ground. Front of the robe is full of daisies too, and I used the curly
cue ending for the band collar, to wrap it all together. And those sleeves! Super plush
pink chenille, that adds more interest to this already very busy robe...l think Fran
Drescher (the Nanny) would have loved this robe.
XL can fit up to a woman's size 24, with pockets; machine washable too.
Chenille bedspreads were created and manufactured in the US during the 1930s to the
1950s; much of it was hand tufted. The hand tufting process was often a series of knots
tied in a pre-printed design onto cotton (muslin) fabric. These one-of-a-kind bedspreads
varied by the tufter, as well as by materials used.
The production of chenille stopped in the United States after about 1960, and much of it
is being up cycled and given new life. Since the supply of vintage chenille is limited and
finite, it has become more difficult to find! Although chenille is durable, it can suffer
1)","I had to cut an XL out of this glorious bedspread, to ensure that I could get the entire flower basket on the back! So full of those gorgeous daisies, and they are even spilling over to land on the ground. Front of the robe is full of da...",xl-soft-and-lightweight-barbies-easter-basket-chenille-bathrobe-upcycled-from-vi,FW-085-B29,"vintage, chenille, bathrobe, robe, upcycled, bedspread, flower, cotton, hand tufted, plush","chenille, cotton, bedspread, hand tufted, vintage",8,fw85thset_batch_29_xl-soft-and-lightweight-barbies-easter-basket-chenille-bathr_img01_2026-05-27_112337.png,fw85thset_batch_29_xl-soft-and-lightweight-barbies-easter-basket-chenille-bathr_img01_2026-05-27_112337.png | fw85thset_batch_29_xl-soft-and-lightweight-barbies-easter-basket-chenille-bathr_img02_2026-05-27_112341.png | fw85thset_batch_29_xl-soft-and-lightweight-barbies-easter-basket-chenille-bathr_img03_2026-05-27_112345.png | fw85thset_batch_29_xl-soft-and-lightweight-barbies-easter-basket-chenille-bathr_img04_2026-05-27_112350.png | fw85thset_batch_29_xl-soft-and-lightweight-barbies-easter-basket-chenille-bathr_img05_2026-05-27_112354.png | fw85thset_batch_29_xl-soft-and-lightweight-barbies-easter-basket-chenille-bathr_img06_2026-05-27_112358.png | fw85thset_batch_29_xl-soft-and-lightweight-barbies-easter-basket-chenille-bathr_img07_2026-05-27_112403.png | fw85thset_batch_29_xl-soft-and-lightweight-barbies-easter-basket-chenille-bathr_img08_2026-05-27_112407.png,02_All_Listings_By_Set/fw85thset_batch_29/Cropped_Images,02_All_Listings_By_Set/fw85thset_batch_29/Listing_Info/listing_info.txt,02_All_Listings_By_Set/fw85thset_batch_29/Original_Screenshots_Backup,listing_text_extracted,needs_review,needs_review,YES,Screenshot 2026-05-27 at 11.23.37 AM.png: needs_review - Automatic crop passed layout checks. Possible Etsy overlay inside product photo.,draft_needs_review,YES,,,,Bathrobe,,FALSE,,
86,fw86thset_batch_30,fw86thset_batch_30,02_All_Listings_By_Set/fw86thset_batch_30,"Small, soft and pretty ""Tiny Angel"" vintage chenille bathrobe upcycled from hand tufted chenille bedspreads","Simple yet beautiful, this robe I used the 'angel' label due to the tiny wings at the back of
the shoulder...looked like tiny angel wings! Pretty peach and blue flowers at the knees in
back, and sleeves that match the peach flowers. Pretty ribbon running down the front of
both panels.
Medium can fit up to a woman's size 12, with pockets. Machine washable.
Chenille bedspreads were created and manufactured in the US during the 1930s to the
1950s; much of it was hand tufted. The hand tufting process was often a series of knots
tied in a pre-printed design onto cotton (muslin) fabric. These one-of-a-kind bedspreads
varied by the tufter, as well as by materials used.
The production of chenille stopped in the United States after about 1960, and much of it
is being up cycled and given new life. Since the supply of vintage chenille is limited and
finite, it has become more difficult to find! Although chenille is durable, it can suffer
wear over time that may take the form of thinning lines of chenille, skipped spots where
chenille has come out; small pinholes, or variations in color. If any of these","Simple yet beautiful, this robe I used the 'angel' label due to the tiny wings at the back of the shoulder...looked like tiny angel wings! Pretty peach and blue flowers at the knees in back, and sleeves that match the peach flowers. Pret...",small-soft-and-pretty-tiny-angel-vintage-chenille-bathrobe-upcycled-from-hand-tu,FW-086-B30,"vintage, chenille, bathrobe, robe, upcycled, bedspread, flower, cotton, hand tufted","chenille, cotton, bedspread, hand tufted, vintage",9,fw86thset_batch_30_small-soft-and-pretty-tiny-angel-vintage-chenille-bathrobe-u_img01_2026-05-27_112230.png,fw86thset_batch_30_small-soft-and-pretty-tiny-angel-vintage-chenille-bathrobe-u_img01_2026-05-27_112230.png | fw86thset_batch_30_small-soft-and-pretty-tiny-angel-vintage-chenille-bathrobe-u_img02_2026-05-27_112234.png | fw86thset_batch_30_small-soft-and-pretty-tiny-angel-vintage-chenille-bathrobe-u_img03_2026-05-27_112239.png | fw86thset_batch_30_small-soft-and-pretty-tiny-angel-vintage-chenille-bathrobe-u_img04_2026-05-27_112243.png | fw86thset_batch_30_small-soft-and-pretty-tiny-angel-vintage-chenille-bathrobe-u_img05_2026-05-27_112247.png | fw86thset_batch_30_small-soft-and-pretty-tiny-angel-vintage-chenille-bathrobe-u_img06_2026-05-27_112252.png | fw86thset_batch_30_small-soft-and-pretty-tiny-angel-vintage-chenille-bathrobe-u_img07_2026-05-27_112257.png | fw86thset_batch_30_small-soft-and-pretty-tiny-angel-vintage-chenille-bathrobe-u_img08_2026-05-27_112301.png | fw86thset_batch_30_small-soft-and-pretty-tiny-angel-vintage-chenille-bathrobe-u_img09_2026-05-27_112305.png,02_All_Listings_By_Set/fw86thset_batch_30/Cropped_Images,02_All_Listings_By_Set/fw86thset_batch_30/Listing_Info/listing_info.txt,02_All_Listings_By_Set/fw86thset_batch_30/Original_Screenshots_Backup,listing_text_extracted,needs_review,needs_review,YES,Screenshot 2026-05-27 at 11.22.30 AM.png: needs_review - Automatic crop passed layout checks. Possible Etsy overlay inside product photo.,draft_needs_review,YES,,,,Bathrobe,,FALSE,,
87,fw87thset_batch_31,fw87thset_batch_31,02_All_Listings_By_Set/fw87thset_batch_31,"Large heavy plush and extra long ""Perfect Peacock"" vintage chenille bathrobe upcycled from hand tufted peacock chenille bedspread Giant peacock, that glorious tail is so big it carries over onto the front panels (make sure","Giant peacock, that glorious tail is so big it carries over onto the front panels (make sure
to check out the side photos and zoom in). Heavy and plushly tufted, this bathrobe will
keep you toasty warm all winter. Gorgeous plum feathers in that tail highlighted with the
plum sleeves to tie everything together. This bathrobe is also a bit longer than most of
mine.
Large can fit up to a woman's size 18, with pockets; machine washable too.
Chenille bedspreads were created and manufactured in the US during the 1930s to the
1950s; much of it was hand tufted. The hand tufting process was often a series of knots
tied in a pre-printed design onto cotton (muslin) fabric. These one-of-a-kind bedspreads
varied by the tufter, as well as by materials used.
The production of chenille stopped in the United States after about 1960, and much of it
is being up cycled and given new life. Since the supply of vintage chenille is limited and
finite, it has become more difficult to find! Although chenille is durable, it can suffer
wear over time that may take the form of thinning lines of chenille, skipped spots where
1)","Giant peacock, that glorious tail is so big it carries over onto the front panels (make sure to check out the side photos and zoom in). Heavy and plushly tufted, this bathrobe will keep you toasty warm all winter. Gorgeous plum feathers...",large-heavy-plush-and-extra-long-perfect-peacock-vintage-chenille-bathrobe-upcyc,FW-087-B31,"vintage, chenille, bathrobe, robe, upcycled, bedspread, peacock, cotton, hand tufted, plush, heavy","chenille, cotton, bedspread, hand tufted, vintage",8,fw87thset_batch_31_large-heavy-plush-and-extra-long-perfect-peacock-vintage-che_img01_2026-05-27_113027.png,fw87thset_batch_31_large-heavy-plush-and-extra-long-perfect-peacock-vintage-che_img01_2026-05-27_113027.png | fw87thset_batch_31_large-heavy-plush-and-extra-long-perfect-peacock-vintage-che_img02_2026-05-27_113032.png | fw87thset_batch_31_large-heavy-plush-and-extra-long-perfect-peacock-vintage-che_img03_2026-05-27_113036.png | fw87thset_batch_31_large-heavy-plush-and-extra-long-perfect-peacock-vintage-che_img04_2026-05-27_113040.png | fw87thset_batch_31_large-heavy-plush-and-extra-long-perfect-peacock-vintage-che_img05_2026-05-27_113044.png | fw87thset_batch_31_large-heavy-plush-and-extra-long-perfect-peacock-vintage-che_img06_2026-05-27_113048.png | fw87thset_batch_31_large-heavy-plush-and-extra-long-perfect-peacock-vintage-che_img07_2026-05-27_113052.png | fw87thset_batch_31_large-heavy-plush-and-extra-long-perfect-peacock-vintage-che_img08_2026-05-27_113057.png,02_All_Listings_By_Set/fw87thset_batch_31/Cropped_Images,02_All_Listings_By_Set/fw87thset_batch_31/Listing_Info/listing_info.txt,02_All_Listings_By_Set/fw87thset_batch_31/Original_Screenshots_Backup,listing_text_extracted,needs_review,needs_review,YES,Screenshot 2026-05-27 at 11.30.27 AM.png: needs_review - Automatic crop passed layout checks. Possible Etsy overlay inside product photo.,draft_needs_review,YES,,,,Bathrobe,,FALSE,,
88,fw88thset_batch_32,fw88thset_batch_32,02_All_Listings_By_Set/fw88thset_batch_32,"3XL plush and gorgeous ""Morning Peacock"" vintage chenille bathrobe upcycled from hand tufted vintage chenille bedspread","This is a gorgeous teal-tailed peacock, one of the most popular colors of the era. Plush
and densely tufted the lines of chenille are very thick; this is a heavy bathrobe. So much
to look at all over this amazing bathrobe, that spectacular peacock on the back is just the
beginning. Above the peacock, there is a whole white lattice holding up an arbor of
flowers that spills over the shoulders. On the front, are the amazing cathedral windows
that are so iconic of the era. Each of the cathedral windows has a giant flower too!
Sleeves are a pretty sea glass green, to highlight that color in the tail of the peacock.
Deep pockets on each side provide functionality and comfort, machine washable too!
3XL can fit up to a woman's size 28-30; make sure to watch the Melissa McCarthy movie
'Genie' during the holidays; she is wearing a gorgeous 2XL peacock in a hilarious
bathroom scene.
Chenille bedspreads were created and manufactured in the US during the 1930s to the
1950s; much of it was hand tufted. The hand tufting process was often a series of knots
tied in a pre-printed design onto cotton (muslin) fabric. These one-of-a-kind bedspreads","This is a gorgeous teal-tailed peacock, one of the most popular colors of the era. Plush and densely tufted the lines of chenille are very thick; this is a heavy bathrobe. So much to look at all over this amazing bathrobe, that spectacul...",3xl-plush-and-gorgeous-morning-peacock-vintage-chenille-bathrobe-upcycled-from-h,FW-088-B32,"vintage, chenille, bathrobe, robe, upcycled, bedspread, peacock, flower, cotton, hand tufted, plush, heavy","chenille, cotton, bedspread, hand tufted, vintage",10,fw88thset_batch_32_3xl-plush-and-gorgeous-morning-peacock-vintage-chenille-bath_img01_2026-05-27_112855.png,fw88thset_batch_32_3xl-plush-and-gorgeous-morning-peacock-vintage-chenille-bath_img01_2026-05-27_112855.png | fw88thset_batch_32_3xl-plush-and-gorgeous-morning-peacock-vintage-chenille-bath_img02_2026-05-27_112900.png | fw88thset_batch_32_3xl-plush-and-gorgeous-morning-peacock-vintage-chenille-bath_img03_2026-05-27_112904.png | fw88thset_batch_32_3xl-plush-and-gorgeous-morning-peacock-vintage-chenille-bath_img04_2026-05-27_112909.png | fw88thset_batch_32_3xl-plush-and-gorgeous-morning-peacock-vintage-chenille-bath_img05_2026-05-27_112914.png | fw88thset_batch_32_3xl-plush-and-gorgeous-morning-peacock-vintage-chenille-bath_img06_2026-05-27_112918.png | fw88thset_batch_32_3xl-plush-and-gorgeous-morning-peacock-vintage-chenille-bath_img07_2026-05-27_112922.png | fw88thset_batch_32_3xl-plush-and-gorgeous-morning-peacock-vintage-chenille-bath_img08_2026-05-27_112932.png | fw88thset_batch_32_3xl-plush-and-gorgeous-morning-peacock-vintage-chenille-bath_img09_2026-05-27_112937.png | fw88thset_batch_32_3xl-plush-and-gorgeous-morning-peacock-vintage-chenille-bath_img10_2026-05-27_112943.png,02_All_Listings_By_Set/fw88thset_batch_32/Cropped_Images,02_All_Listings_By_Set/fw88thset_batch_32/Listing_Info/listing_info.txt,02_All_Listings_By_Set/fw88thset_batch_32/Original_Screenshots_Backup,listing_text_extracted,needs_review,needs_review,YES,Screenshot 2026-05-27 at 11.28.55 AM.png: needs_review - Automatic crop passed layout checks. Possible Etsy overlay inside product photo.,draft_needs_review,YES,,,,Bathrobe,,FALSE,,
89,fw89thset_batch_33,fw89thset_batch_33,02_All_Listings_By_Set/fw89thset_batch_33,"Small plushly tufted and heavy ""Lollipop Flower Garden"" vintage chenille bathrobe upcycled from hand tufted chenille bedspreads","Very heavy chenille, not a summer robe for sure! Thickly tufted and heavy, you tiny gals
will love this one...keep you toasty warm in vintage style.
Most vintage chenille flowers take the shape of the 'daisy', but not this one! A much
more rare 'lollipop' flower design, and tufted so thick and heavy its more like the chenille
in a letter sweaters (if you're old enough to remember those!). The original bedspread
had those beautiful scallops across the design, and I was able to capture the waves AND
match them closely at the side seams too! This bathrobe looks like it was originally
intended to be a bathrobe, not an upcycled bedspread...zoom in to those side seam pics
to see.
The sea of scallops that I was able to match across the design is matched by the pink in
the sleeves, a perfect match. Small can fit up to a woman's size 8, with pockets; machine
washable too.
Chenille bedspreads were created and manufactured in the US during the 1930s to the
1950s; much of it was hand tufted. The hand tufting process was often a series of knots","Very heavy chenille, not a summer robe for sure! Thickly tufted and heavy, you tiny gals will love this one...keep you toasty warm in vintage style. Most vintage chenille flowers take the shape of the 'daisy', but not this one! A much mo...",small-plushly-tufted-and-heavy-lollipop-flower-garden-vintage-chenille-bathrobe,FW-089-B33,"vintage, chenille, bathrobe, robe, upcycled, bedspread, flower, hand tufted, plush, heavy","chenille, bedspread, hand tufted, vintage",9,fw89thset_batch_33_small-plushly-tufted-and-heavy-lollipop-flower-garden-vintag_img01_2026-05-27_112746.png,fw89thset_batch_33_small-plushly-tufted-and-heavy-lollipop-flower-garden-vintag_img01_2026-05-27_112746.png | fw89thset_batch_33_small-plushly-tufted-and-heavy-lollipop-flower-garden-vintag_img02_2026-05-27_112751.png | fw89thset_batch_33_small-plushly-tufted-and-heavy-lollipop-flower-garden-vintag_img03_2026-05-27_112756.png | fw89thset_batch_33_small-plushly-tufted-and-heavy-lollipop-flower-garden-vintag_img04_2026-05-27_112800.png | fw89thset_batch_33_small-plushly-tufted-and-heavy-lollipop-flower-garden-vintag_img05_2026-05-27_112805.png | fw89thset_batch_33_small-plushly-tufted-and-heavy-lollipop-flower-garden-vintag_img06_2026-05-27_112809.png | fw89thset_batch_33_small-plushly-tufted-and-heavy-lollipop-flower-garden-vintag_img07_2026-05-27_112813.png | fw89thset_batch_33_small-plushly-tufted-and-heavy-lollipop-flower-garden-vintag_img08_2026-05-27_112818.png | fw89thset_batch_33_small-plushly-tufted-and-heavy-lollipop-flower-garden-vintag_img09_2026-05-27_112822.png,02_All_Listings_By_Set/fw89thset_batch_33/Cropped_Images,02_All_Listings_By_Set/fw89thset_batch_33/Listing_Info/listing_info.txt,02_All_Listings_By_Set/fw89thset_batch_33/Original_Screenshots_Backup,listing_text_extracted,needs_review,needs_review,YES,Screenshot 2026-05-27 at 11.27.46 AM.png: needs_review - Automatic crop passed layout checks. Possible Etsy overlay inside product photo.,draft_needs_review,YES,,,,Bathrobe,,FALSE,,
90,fw90thset_batch_34,fw90thset_batch_34,02_All_Listings_By_Set/fw90thset_batch_34,"large super soft ""canary yellow"" vintage chenille bathrobe upcycled from hand tufted chenille bedspread","chenille bedspread
More later",chenille bedspread More later,large-super-soft-canary-yellow-vintage-chenille-bathrobe-upcycled-from-hand-tuft,FW-090-B34,"vintage, chenille, bathrobe, robe, upcycled, bedspread, hand tufted","chenille, bedspread, hand tufted, vintage",8,fw90thset_batch_34_large-super-soft-canary-yellow-vintage-chenille-bathrobe-upc_img01_2026-05-27_145333.png,fw90thset_batch_34_large-super-soft-canary-yellow-vintage-chenille-bathrobe-upc_img01_2026-05-27_145333.png | fw90thset_batch_34_large-super-soft-canary-yellow-vintage-chenille-bathrobe-upc_img02_2026-05-27_145339.png | fw90thset_batch_34_large-super-soft-canary-yellow-vintage-chenille-bathrobe-upc_img03_2026-05-27_145344.png | fw90thset_batch_34_large-super-soft-canary-yellow-vintage-chenille-bathrobe-upc_img04_2026-05-27_145349.png | fw90thset_batch_34_large-super-soft-canary-yellow-vintage-chenille-bathrobe-upc_img05_2026-05-27_145353.png | fw90thset_batch_34_large-super-soft-canary-yellow-vintage-chenille-bathrobe-upc_img06_2026-05-27_145358.png | fw90thset_batch_34_large-super-soft-canary-yellow-vintage-chenille-bathrobe-upc_img07_2026-05-27_145403.png | fw90thset_batch_34_large-super-soft-canary-yellow-vintage-chenille-bathrobe-upc_img08_2026-05-27_145407.png,02_All_Listings_By_Set/fw90thset_batch_34/Cropped_Images,02_All_Listings_By_Set/fw90thset_batch_34/Listing_Info/listing_info.txt,02_All_Listings_By_Set/fw90thset_batch_34/Original_Screenshots_Backup,listing_text_extracted,needs_review,needs_review,YES,Screenshot 2026-05-27 at 2.53.33 PM.png: needs_review - Automatic crop passed layout checks. Possible Etsy overlay inside product photo.,draft_needs_review,YES,,,,Bathrobe,,FALSE,,
92,fw92ndset_batch_35,fw92ndset_batch_35,02_All_Listings_By_Set/fw92ndset_batch_35,"Small and plush ""Colorful Nanny"" vintage chenille bathrobe upcycled from hand tufted chenille bedspreads Unusual Mattern of chenille the vintade chenille bedsnread l used to create this bathrobe","Unusual pattern of chenille, the vintage chenille bedspread I used to create this bathrobe
was nicely tufted with blue, pink, purple and yellow flowers. These flowers spill over the
shoulders, and appear again at the back of the knees. On the front, lots of flowers
between lines of pink curly cues! Sleeves pick up the unusual royal blue I the body of the
robe.
Small can fit up to a woman's size 8, with pockets; machine washable too!
Chenille bedspreads were created and manufactured in the US during the 1930s to the
1950s; much of it was hand tufted. The hand tufting process was often a series of knots
tied in a pre-printed design onto cotton (muslin) fabric. These one-of-a-kind bedspreads
varied by the tufter, as well as by materials used.
The production of chenille stopped in the United States after about 1960, and much of it
is being up cycled and given new life. Since the supply of vintage chenille is limited and
finite, it has become more difficult to find! Although chenille is durable, it can suffer
wear over time that may take the form of thinning lines of chenille, skipped spots where","Unusual pattern of chenille, the vintage chenille bedspread I used to create this bathrobe was nicely tufted with blue, pink, purple and yellow flowers. These flowers spill over the shoulders, and appear again at the back of the knees. O...",small-and-plush-colorful-nanny-vintage-chenille-bathrobe-upcycled-from-hand-tuft,FW-092-B35,"vintage, chenille, bathrobe, robe, upcycled, bedspread, flower, cotton, hand tufted, plush","chenille, cotton, bedspread, hand tufted, vintage",9,fw92ndset_batch_35_small-and-plush-colorful-nanny-vintage-chenille-bathrobe-upc_img01_2026-05-27_145052.png,fw92ndset_batch_35_small-and-plush-colorful-nanny-vintage-chenille-bathrobe-upc_img01_2026-05-27_145052.png | fw92ndset_batch_35_small-and-plush-colorful-nanny-vintage-chenille-bathrobe-upc_img02_2026-05-27_145057.png | fw92ndset_batch_35_small-and-plush-colorful-nanny-vintage-chenille-bathrobe-upc_img03_2026-05-27_145101.png | fw92ndset_batch_35_small-and-plush-colorful-nanny-vintage-chenille-bathrobe-upc_img04_2026-05-27_145109.png | fw92ndset_batch_35_small-and-plush-colorful-nanny-vintage-chenille-bathrobe-upc_img05_2026-05-27_145114.png | fw92ndset_batch_35_small-and-plush-colorful-nanny-vintage-chenille-bathrobe-upc_img06_2026-05-27_145118.png | fw92ndset_batch_35_small-and-plush-colorful-nanny-vintage-chenille-bathrobe-upc_img07_2026-05-27_145122.png | fw92ndset_batch_35_small-and-plush-colorful-nanny-vintage-chenille-bathrobe-upc_img08_2026-05-27_145127.png | fw92ndset_batch_35_small-and-plush-colorful-nanny-vintage-chenille-bathrobe-upc_img09_2026-05-27_145131.png,02_All_Listings_By_Set/fw92ndset_batch_35/Cropped_Images,02_All_Listings_By_Set/fw92ndset_batch_35/Listing_Info/listing_info.txt,02_All_Listings_By_Set/fw92ndset_batch_35/Original_Screenshots_Backup,listing_text_extracted,needs_review,needs_review,YES,Screenshot 2026-05-27 at 2.50.52 PM.png: needs_review - Automatic crop passed layout checks. Possible Etsy overlay inside product photo.,draft_needs_review,YES,,,,Bathrobe,,FALSE,,
94,fw94thset_batch_36,fw94thset_batch_36,02_All_Listings_By_Set/fw94thset_batch_36,"Large, heavy and plush ""Peacock Under Arbor at Midnight"" vintage chenille bathrobe upcycled from hand tufted peacock chenille bedspread","Very rare color of chenille, this maroon is so pretty, but I think it may have been difficult
to produce or maintain, since it is rare to find this color. Check out that tufting in the
peacocks' tail! So plush you literally cannot see through the lines of chenille to see that
gorgeous maroon backing. That gorgeous peacock is resting under a beautiful arbor
with yellow and pink roses; which are carried over onto the front of the robe in the trellis
on both sides. Sleeves are a soft butter yellow backing, with more flowers and bright
yellow arbor.
Large can fit up to a woman's size 18, with pockets; machine washable too.
Chenille bedspreads were created and manufactured in the US during the 1930s to the
1950s; much of it was hand tufted. The hand tufting process was often a series of knots
tied in a pre-printed design onto cotton (muslin) fabric. These one-of-a-kind bedspreads
varied by the tufter, as well as by materials used.
The production of chenille stopped in the United States after about 1960, and much of it
is being up cycled and given new life. Since the supply of vintage chenille is limited and","Very rare color of chenille, this maroon is so pretty, but I think it may have been difficult to produce or maintain, since it is rare to find this color. Check out that tufting in the peacocks' tail! So plush you literally cannot see th...",large-heavy-and-plush-peacock-under-arbor-at-midnight-vintage-chenille-bathrobe,FW-094-B36,"vintage, chenille, bathrobe, robe, upcycled, bedspread, peacock, rose, flower, cotton, hand tufted, plush","chenille, cotton, bedspread, hand tufted, vintage",9,fw94thset_batch_36_large-heavy-and-plush-peacock-under-arbor-at-midnight-vintag_img01_2026-05-27_153315.png,fw94thset_batch_36_large-heavy-and-plush-peacock-under-arbor-at-midnight-vintag_img01_2026-05-27_153315.png | fw94thset_batch_36_large-heavy-and-plush-peacock-under-arbor-at-midnight-vintag_img02_2026-05-27_153321.png | fw94thset_batch_36_large-heavy-and-plush-peacock-under-arbor-at-midnight-vintag_img03_2026-05-27_153326.png | fw94thset_batch_36_large-heavy-and-plush-peacock-under-arbor-at-midnight-vintag_img04_2026-05-27_153331.png | fw94thset_batch_36_large-heavy-and-plush-peacock-under-arbor-at-midnight-vintag_img05_2026-05-27_153345.png | fw94thset_batch_36_large-heavy-and-plush-peacock-under-arbor-at-midnight-vintag_img06_2026-05-27_153352.png | fw94thset_batch_36_large-heavy-and-plush-peacock-under-arbor-at-midnight-vintag_img07_2026-05-27_153357.png | fw94thset_batch_36_large-heavy-and-plush-peacock-under-arbor-at-midnight-vintag_img08_2026-05-27_153402.png | fw94thset_batch_36_large-heavy-and-plush-peacock-under-arbor-at-midnight-vintag_img09_2026-05-27_153407.png,02_All_Listings_By_Set/fw94thset_batch_36/Cropped_Images,02_All_Listings_By_Set/fw94thset_batch_36/Listing_Info/listing_info.txt,02_All_Listings_By_Set/fw94thset_batch_36/Original_Screenshots_Backup,listing_text_extracted,needs_review,needs_review,YES,Screenshot 2026-05-27 at 3.33.15 PM.png: needs_review - Automatic crop passed layout checks. Possible Etsy overlay inside product photo.,draft_needs_review,YES,,,,Bathrobe,,FALSE,,
95,fw95thset_batch_37,fw95thset_batch_37,02_All_Listings_By_Set/fw95thset_batch_37,"Medium soft ""Peacock in Cathedral Window"" vintage chenille bathrobe upcycled from hand tufted peacock chenille bedspread Verv nice auality chenille in this bathrobe, the purple peacock is very plush and the","Very nice quality chenille in this bathrobe, the purple peacock is very plush and the
colors are vibrant. Purple peacock with cathedral windows too...classic design, and lots
of flowers to boot.
Medium can fit up to a woman's size 12, with pockets; machine washable too.
Chenille bedspreads were created and manufactured in the US during the 1930s to the
1950s; much of it was hand tufted. The hand tufting process was often a series of knots
tied in a pre-printed design onto cotton (muslin) fabric. These one-of-a-kind bedspreads
varied by the tufter, as well as by materials used.
The production of chenille stopped in the United States after about 1960, and much of it
is being up cycled and given new life. Since the supply of vintage chenille is limited and
finite, it has become more difficult to find! Although chenille is durable, it can suffer
wear over time that may take the form of thinning lines of chenille, skipped spots where
chenille has come out; small pinholes, or variations in color. If any of these
imperfections are notable, I will mention them in the description below, but because the","Very nice quality chenille in this bathrobe, the purple peacock is very plush and the colors are vibrant. Purple peacock with cathedral windows too...classic design, and lots of flowers to boot. Medium can fit up to a woman's size 12, wi...",medium-soft-peacock-in-cathedral-window-vintage-chenille-bathrobe-upcycled-from,FW-095-B37,"vintage, chenille, bathrobe, robe, upcycled, bedspread, peacock, flower, cotton, hand tufted, plush","chenille, cotton, bedspread, hand tufted, vintage",8,fw95thset_batch_37_medium-soft-peacock-in-cathedral-window-vintage-chenille-bat_img01_2026-05-27_154726.png,fw95thset_batch_37_medium-soft-peacock-in-cathedral-window-vintage-chenille-bat_img01_2026-05-27_154726.png | fw95thset_batch_37_medium-soft-peacock-in-cathedral-window-vintage-chenille-bat_img02_2026-05-27_154731.png | fw95thset_batch_37_medium-soft-peacock-in-cathedral-window-vintage-chenille-bat_img03_2026-05-27_154735.png | fw95thset_batch_37_medium-soft-peacock-in-cathedral-window-vintage-chenille-bat_img04_2026-05-27_154741.png | fw95thset_batch_37_medium-soft-peacock-in-cathedral-window-vintage-chenille-bat_img05_2026-05-27_154745.png | fw95thset_batch_37_medium-soft-peacock-in-cathedral-window-vintage-chenille-bat_img06_2026-05-27_154749.png | fw95thset_batch_37_medium-soft-peacock-in-cathedral-window-vintage-chenille-bat_img07_2026-05-27_154754.png | fw95thset_batch_37_medium-soft-peacock-in-cathedral-window-vintage-chenille-bat_img08_2026-05-27_154758.png,02_All_Listings_By_Set/fw95thset_batch_37/Cropped_Images,02_All_Listings_By_Set/fw95thset_batch_37/Listing_Info/listing_info.txt,02_All_Listings_By_Set/fw95thset_batch_37/Original_Screenshots_Backup,listing_text_extracted,needs_review,needs_review,YES,Screenshot 2026-05-27 at 3.47.26 PM.png: needs_review - Automatic crop passed layout checks. Possible Etsy overlay inside product photo.,draft_needs_review,YES,,,,Bathrobe,,FALSE,,
96,fw96thset_batch_38,fw96thset_batch_38,02_All_Listings_By_Set/fw96thset_batch_38,"Medium heavy and plush ""Pretty Purple Peacock"" chenille bathrobe upcycled from vintage chenille bedspreads Heavy, with the classic cathedral windows on the front, and that glorious peacock on the","leso they apara
Heavy, with the classic cathedral windows on the front, and that glorious peacock on the
back. Sleeves have more cathedral windows, and there are bits of flowers everywhere.
So many interesting parts of this glorious robe.
Medium can fit up to a woman's size 12, with pockets. Machine washable too
Chenille bedspreads were created and manufactured in the US during the 1930s to the
1950s; much of it was hand tufted. The hand tufting process was often a series of knots
tied in a pre-printed design onto cotton (muslin) fabric. These one-of-a-kind bedspreads
varied by the tufter, as well as by materials used.
The production of chenille stopped in the United States after about 1960, and much of it
is being up cycled and given new life. Since the supply of vintage chenille is limited and
finite, it has become more difficult to find! Although chenille is durable, it can suffer
wear over time that may take the form of thinning lines of chenille, skipped spots where
chenille has come out; small pinholes, or variations in color. If any of these
imperfections are notable, I will mention them in the description below, but because the","leso they apara Heavy, with the classic cathedral windows on the front, and that glorious peacock on the back. Sleeves have more cathedral windows, and there are bits of flowers everywhere. So many interesting parts of this glorious robe...",medium-heavy-and-plush-pretty-purple-peacock-chenille-bathrobe-upcycled-from-vin,FW-096-B38,"vintage, chenille, bathrobe, robe, upcycled, bedspread, peacock, flower, cotton, hand tufted, plush, heavy","chenille, cotton, bedspread, hand tufted, vintage",9,fw96thset_batch_38_medium-heavy-and-plush-pretty-purple-peacock-chenille-bathro_img01_2026-05-27_154610.png,fw96thset_batch_38_medium-heavy-and-plush-pretty-purple-peacock-chenille-bathro_img01_2026-05-27_154610.png | fw96thset_batch_38_medium-heavy-and-plush-pretty-purple-peacock-chenille-bathro_img02_2026-05-27_154615.png | fw96thset_batch_38_medium-heavy-and-plush-pretty-purple-peacock-chenille-bathro_img03_2026-05-27_154619.png | fw96thset_batch_38_medium-heavy-and-plush-pretty-purple-peacock-chenille-bathro_img04_2026-05-27_154624.png | fw96thset_batch_38_medium-heavy-and-plush-pretty-purple-peacock-chenille-bathro_img05_2026-05-27_154628.png | fw96thset_batch_38_medium-heavy-and-plush-pretty-purple-peacock-chenille-bathro_img06_2026-05-27_154632.png | fw96thset_batch_38_medium-heavy-and-plush-pretty-purple-peacock-chenille-bathro_img07_2026-05-27_154637.png | fw96thset_batch_38_medium-heavy-and-plush-pretty-purple-peacock-chenille-bathro_img08_2026-05-27_154642.png | fw96thset_batch_38_medium-heavy-and-plush-pretty-purple-peacock-chenille-bathro_img09_2026-05-27_154646.png,02_All_Listings_By_Set/fw96thset_batch_38/Cropped_Images,02_All_Listings_By_Set/fw96thset_batch_38/Listing_Info/listing_info.txt,02_All_Listings_By_Set/fw96thset_batch_38/Original_Screenshots_Backup,listing_text_extracted,needs_review,needs_review,YES,Screenshot 2026-05-27 at 3.46.10 PM.png: needs_review - Automatic crop passed layout checks. Possible Etsy overlay inside product photo.,draft_needs_review,YES,,,,Bathrobe,,FALSE,,
97,fw97thset_batch_39,fw97thset_batch_39,02_All_Listings_By_Set/fw97thset_batch_39,"Medium heavy and plush ""Triple Peacock Flower Garden"" chenille bathrobe upcycled from vintage hand tufted chenille bedspreads Heavy chenille and very plushly tufted, the colors on this one are still very bright and full.","Heavy chenille and very plushly tufted, the colors on this one are still very bright and full.
Lots of pink, and the sleeves each have their own little flower garden! Giant peacock on
the back with lots of flowers, and on the front two more very plush baby peacocks.
Oodles of flowers all over this baby.
Medium can fit up to a woman's size 12, with pockets. Machine washable too!
Chenille bedspreads were created and manufactured in the US during the 1930s to the
1950s; much of it was hand tufted. The hand tufting process was often a series of knots
tied in a pre-printed design onto cotton (muslin) fabric. These one-of-a-kind bedspreads
varied by the tufter, as well as by materials used.
The production of chenille stopped in the United States after about 1960, and much of it
is being up cycled and given new life. Since the supply of vintage chenille is limited and
finite, it has become more difficult to find! Although chenille is durable, it can suffer
wear over time that may take the form of thinning lines of chenille, skipped spots where
chenille has come out; small pinholes, or variations in color. If any of these","Heavy chenille and very plushly tufted, the colors on this one are still very bright and full. Lots of pink, and the sleeves each have their own little flower garden! Giant peacock on the back with lots of flowers, and on the front two m...",medium-heavy-and-plush-triple-peacock-flower-garden-chenille-bathrobe-upcycled-f,FW-097-B39,"vintage, chenille, bathrobe, robe, upcycled, bedspread, peacock, flower, cotton, hand tufted, plush, heavy","chenille, cotton, bedspread, hand tufted, vintage",9,fw97thset_batch_39_medium-heavy-and-plush-triple-peacock-flower-garden-chenille_img01_2026-05-27_154337.png,fw97thset_batch_39_medium-heavy-and-plush-triple-peacock-flower-garden-chenille_img01_2026-05-27_154337.png | fw97thset_batch_39_medium-heavy-and-plush-triple-peacock-flower-garden-chenille_img02_2026-05-27_154341.png | fw97thset_batch_39_medium-heavy-and-plush-triple-peacock-flower-garden-chenille_img03_2026-05-27_154346.png | fw97thset_batch_39_medium-heavy-and-plush-triple-peacock-flower-garden-chenille_img04_2026-05-27_154350.png | fw97thset_batch_39_medium-heavy-and-plush-triple-peacock-flower-garden-chenille_img05_2026-05-27_154354.png | fw97thset_batch_39_medium-heavy-and-plush-triple-peacock-flower-garden-chenille_img06_2026-05-27_154359.png | fw97thset_batch_39_medium-heavy-and-plush-triple-peacock-flower-garden-chenille_img07_2026-05-27_154404.png | fw97thset_batch_39_medium-heavy-and-plush-triple-peacock-flower-garden-chenille_img08_2026-05-27_154408.png | fw97thset_batch_39_medium-heavy-and-plush-triple-peacock-flower-garden-chenille_img09_2026-05-27_154413.png,02_All_Listings_By_Set/fw97thset_batch_39/Cropped_Images,02_All_Listings_By_Set/fw97thset_batch_39/Listing_Info/listing_info.txt,02_All_Listings_By_Set/fw97thset_batch_39/Original_Screenshots_Backup,listing_text_extracted,needs_review,needs_review,YES,Screenshot 2026-05-27 at 3.43.37 PM.png: needs_review - Automatic crop passed layout checks. Possible Etsy overlay inside product photo.,draft_needs_review,YES,,,,Bathrobe,,FALSE,,
98,fw98thset_batch_40,fw98thset_batch_40,02_All_Listings_By_Set/fw98thset_batch_40,"Medium soft ""Butter and Lilac Triple Peacock"" vintage chenille bathrobe upcycled from hand tufted peacock chenille bedspread hat makes your item special? Buyers will only see the first few lines unless they expand the description.","The backing on this chenille is a soft butter yellow, makes a very pretty backdrop to the
purple peacock feathers and this flowers. Giant peacock on the back of the robe, two
smaller baby peacocks on the front. Sleeves are a plush purple chenille that picks up the
purple in the body of the robe perfectly.
Medium can fit up to a woman's size 12, with pockets; machine washable too.
Chenille bedspreads were created and manufactured in the US during the 1930s to the
1950s; much of it was hand tufted. The hand tufting process was often a series of knots
tied in a pre-printed design onto cotton (muslin) fabric. These one-of-a-kind bedspreads
varied by the tufter, as well as by materials used.
The production of chenille stopped in the United States after about 1960, and much of it
is being up cycled and given new life. Since the supply of vintage chenille is limited and
finite, it has become more difficult to find! Although chenille is durable, it can suffer
wear over time that may take the form of thinning lines of chenille, skipped spots where
chenille has come out; small pinholes, or variations in color. If any of these","The backing on this chenille is a soft butter yellow, makes a very pretty backdrop to the purple peacock feathers and this flowers. Giant peacock on the back of the robe, two smaller baby peacocks on the front. Sleeves are a plush purple...",medium-soft-butter-and-lilac-triple-peacock-vintage-chenille-bathrobe-upcycled-f,FW-098-B40,"vintage, chenille, bathrobe, robe, upcycled, bedspread, peacock, flower, cotton, hand tufted, plush","chenille, cotton, bedspread, hand tufted, vintage",9,fw98thset_batch_40_medium-soft-butter-and-lilac-triple-peacock-vintage-chenille_img01_2026-05-27_155745.png,fw98thset_batch_40_medium-soft-butter-and-lilac-triple-peacock-vintage-chenille_img01_2026-05-27_155745.png | fw98thset_batch_40_medium-soft-butter-and-lilac-triple-peacock-vintage-chenille_img02_2026-05-27_155750.png | fw98thset_batch_40_medium-soft-butter-and-lilac-triple-peacock-vintage-chenille_img03_2026-05-27_155754.png | fw98thset_batch_40_medium-soft-butter-and-lilac-triple-peacock-vintage-chenille_img04_2026-05-27_155758.png | fw98thset_batch_40_medium-soft-butter-and-lilac-triple-peacock-vintage-chenille_img05_2026-05-27_155803.png | fw98thset_batch_40_medium-soft-butter-and-lilac-triple-peacock-vintage-chenille_img06_2026-05-27_155807.png | fw98thset_batch_40_medium-soft-butter-and-lilac-triple-peacock-vintage-chenille_img07_2026-05-27_155812.png | fw98thset_batch_40_medium-soft-butter-and-lilac-triple-peacock-vintage-chenille_img08_2026-05-27_155816.png | fw98thset_batch_40_medium-soft-butter-and-lilac-triple-peacock-vintage-chenille_img09_2026-05-27_155821.png,02_All_Listings_By_Set/fw98thset_batch_40/Cropped_Images,02_All_Listings_By_Set/fw98thset_batch_40/Listing_Info/listing_info.txt,02_All_Listings_By_Set/fw98thset_batch_40/Original_Screenshots_Backup,listing_text_extracted,needs_review,needs_review,YES,Screenshot 2026-05-27 at 3.57.45 PM.png: needs_review - Automatic crop passed layout checks. Possible Etsy overlay inside product photo.,draft_needs_review,YES,,,,Bathrobe,,FALSE,,
99,fw99thset_batch_41,fw99thset_batch_41,02_All_Listings_By_Set/fw99thset_batch_41,"Large long and heavy ""Irish Flower Basket"" chenille bathrobe upcycled from vintage chenille bedspreads","Heavy chenille; that Kelly green is so pretty as the flower basket and ribbon that runs
throughout. Big, bright flowers overflowing in the basket, with yellow and peach flowers
that match those peach sleeves perfectly. This robe is heavy and longer than most of
mine, most that I make are 48-51"" from shoulder seam to hem, this one is 53"" from
shoulder seam to hem.
Large can fit up to a woman's size 18, with pockets. Machine washable too.
Chenille bedspreads were created and manufactured in the US during the 1930s to the
1950s; much of it was hand tufted. The hand tufting process was often a series of knots
tied in a pre-printed design onto cotton (muslin) fabric. These one-of-a-kind bedspreads
varied by the tufter, as well as by materials used.
The production of chenille stopped in the United States after about 1960, and much of it
is being up cycled and given new life. Since the supply of vintage chenille is limited and
finite, it has become more difficult to find! Although chenille is durable, it can suffer
wear over time that may take the form of thinning lines of chenille, skipped spots where","Heavy chenille; that Kelly green is so pretty as the flower basket and ribbon that runs throughout. Big, bright flowers overflowing in the basket, with yellow and peach flowers that match those peach sleeves perfectly. This robe is heavy...",large-long-and-heavy-irish-flower-basket-chenille-bathrobe-upcycled-from-vintage,FW-099-B41,"vintage, chenille, bathrobe, robe, upcycled, bedspread, flower, cotton, hand tufted, heavy","chenille, cotton, bedspread, hand tufted, vintage",7,fw99thset_batch_41_large-long-and-heavy-irish-flower-basket-chenille-bathrobe-u_img01_2026-05-27_155644.png,fw99thset_batch_41_large-long-and-heavy-irish-flower-basket-chenille-bathrobe-u_img01_2026-05-27_155644.png | fw99thset_batch_41_large-long-and-heavy-irish-flower-basket-chenille-bathrobe-u_img02_2026-05-27_155648.png | fw99thset_batch_41_large-long-and-heavy-irish-flower-basket-chenille-bathrobe-u_img03_2026-05-27_155652.png | fw99thset_batch_41_large-long-and-heavy-irish-flower-basket-chenille-bathrobe-u_img04_2026-05-27_155656.png | fw99thset_batch_41_large-long-and-heavy-irish-flower-basket-chenille-bathrobe-u_img05_2026-05-27_155701.png | fw99thset_batch_41_large-long-and-heavy-irish-flower-basket-chenille-bathrobe-u_img06_2026-05-27_155705.png | fw99thset_batch_41_large-long-and-heavy-irish-flower-basket-chenille-bathrobe-u_img07_2026-05-27_155710.png,02_All_Listings_By_Set/fw99thset_batch_41/Cropped_Images,02_All_Listings_By_Set/fw99thset_batch_41/Listing_Info/listing_info.txt,02_All_Listings_By_Set/fw99thset_batch_41/Original_Screenshots_Backup,listing_text_extracted,needs_review,needs_review,YES,Screenshot 2026-05-27 at 3.56.48 PM.png: needs_review - Crop width is outside expected product-photo range.,draft_needs_review,YES,,,,Bathrobe,,FALSE,,
100,fw100thset_batch_11,fw100thset_batch_11,02_All_Listings_By_Set/fw100thset_batch_11,"2XL long plush and heavy ""Peppermint Peacock"" vintage chenille bathrobe upcycled from hand tufted chenille bedspreads","Might be the biggest peacock in my collection; that's why he ended up being a size 2XL;
so that I could capture as much of the tail as possible, so big that the tail extends from
the back over the sides to the front. And the flowers! Holy smokes there's a lot of
flowers...purple and yellow roses over the peacocks head, and extending onto the front
of the bathrobe. Sleeves a banded chenille with some fun pink lines, used the same
fabric to make that matching belt.
Size 2X can fit up to a woman's size 28, with pockets; machine washable too. Mannequin
in this photo is a size 18 as reference.
Chenille bedspreads were created and manufactured in the US during the 1930s to the
1950s; much of it was hand tufted. The hand tufting process was often a series of knots
tied in a pre-printed design onto cotton (muslin) fabric. These one-of-a-kind bedspreads
varied by the tufter, as well as by materials used.
The production of chenille stopped in the United States after about 1960, and much of it
is being up cycled and given new life. Since the supply of vintage chenille is limited and","Might be the biggest peacock in my collection; that's why he ended up being a size 2XL; so that I could capture as much of the tail as possible, so big that the tail extends from the back over the sides to the front. And the flowers! Hol...",2xl-long-plush-and-heavy-peppermint-peacock-vintage-chenille-bathrobe-upcycled-f,FW-100-B11,"vintage, chenille, bathrobe, robe, upcycled, bedspread, peacock, rose, flower, cotton, hand tufted, plush","chenille, cotton, bedspread, hand tufted, vintage",9,fw100thset_batch_11_2xl-long-plush-and-heavy-peppermint-peacock-vintage-chenille_img01_2026-05-27_155524.png,fw100thset_batch_11_2xl-long-plush-and-heavy-peppermint-peacock-vintage-chenille_img01_2026-05-27_155524.png | fw100thset_batch_11_2xl-long-plush-and-heavy-peppermint-peacock-vintage-chenille_img02_2026-05-27_155529.png | fw100thset_batch_11_2xl-long-plush-and-heavy-peppermint-peacock-vintage-chenille_img03_2026-05-27_155534.png | fw100thset_batch_11_2xl-long-plush-and-heavy-peppermint-peacock-vintage-chenille_img04_2026-05-27_155539.png | fw100thset_batch_11_2xl-long-plush-and-heavy-peppermint-peacock-vintage-chenille_img05_2026-05-27_155544.png | fw100thset_batch_11_2xl-long-plush-and-heavy-peppermint-peacock-vintage-chenille_img06_2026-05-27_155549.png | fw100thset_batch_11_2xl-long-plush-and-heavy-peppermint-peacock-vintage-chenille_img07_2026-05-27_155554.png | fw100thset_batch_11_2xl-long-plush-and-heavy-peppermint-peacock-vintage-chenille_img08_2026-05-27_155558.png | fw100thset_batch_11_2xl-long-plush-and-heavy-peppermint-peacock-vintage-chenille_img09_2026-05-27_155603.png,02_All_Listings_By_Set/fw100thset_batch_11/Cropped_Images,02_All_Listings_By_Set/fw100thset_batch_11/Listing_Info/listing_info.txt,02_All_Listings_By_Set/fw100thset_batch_11/Original_Screenshots_Backup,listing_text_extracted,needs_review,needs_review,YES,Screenshot 2026-05-27 at 3.55.24 PM.png: needs_review - Automatic crop passed layout checks. Possible Etsy overlay inside product photo.,draft_needs_review,YES,,,,Bathrobe,,FALSE,,
101,fw101stset_batch_12,fw101stset_batch_12,02_All_Listings_By_Set/fw101stset_batch_12,"Robes (Change Physical item • 2020 - 2026 Item details Help buyers understand your item better, and share any special options you offer.","Help buyers understand your item better, and share any special options you offer.
Title*
Make sure your title is easy to understand and clearly describes what you're selling.
Medium heavy and plush ""Flower Garden and Bouquet"" vintage chenille bathrobe upcycled
from hand tufted chenille bedspreads
More later","Help buyers understand your item better, and share any special options you offer. Title* Make sure your title is easy to understand and clearly describes what you're selling. Medium heavy and plush ""Flower Garden and Bouquet"" vintage che...",robes-change-physical-item-2020-2026-item-details-help-buyers-understand-your-it,FW-101-B12,"vintage, chenille, bathrobe, robe, upcycled, bedspread, flower, hand tufted, plush, heavy","chenille, bedspread, hand tufted, vintage",10,fw101stset_batch_12_robes-change-physical-item-2020-2026-item-details-help-buyer_img01_2026-05-27_160958.png,fw101stset_batch_12_robes-change-physical-item-2020-2026-item-details-help-buyer_img01_2026-05-27_160958.png | fw101stset_batch_12_robes-change-physical-item-2020-2026-item-details-help-buyer_img02_2026-05-27_161003.png | fw101stset_batch_12_robes-change-physical-item-2020-2026-item-details-help-buyer_img03_2026-05-27_161008.png | fw101stset_batch_12_robes-change-physical-item-2020-2026-item-details-help-buyer_img04_2026-05-27_161014.png | fw101stset_batch_12_robes-change-physical-item-2020-2026-item-details-help-buyer_img05_2026-05-27_161018.png | fw101stset_batch_12_robes-change-physical-item-2020-2026-item-details-help-buyer_img06_2026-05-27_161025.png | fw101stset_batch_12_robes-change-physical-item-2020-2026-item-details-help-buyer_img07_2026-05-27_161029.png | fw101stset_batch_12_robes-change-physical-item-2020-2026-item-details-help-buyer_img08_2026-05-27_161034.png | fw101stset_batch_12_robes-change-physical-item-2020-2026-item-details-help-buyer_img09_2026-05-27_161038.png | fw101stset_batch_12_robes-change-physical-item-2020-2026-item-details-help-buyer_img10_2026-05-27_161038.png,02_All_Listings_By_Set/fw101stset_batch_12/Cropped_Images,02_All_Listings_By_Set/fw101stset_batch_12/Listing_Info/listing_info.txt,02_All_Listings_By_Set/fw101stset_batch_12/Original_Screenshots_Backup,listing_text_extracted,needs_review,needs_review,YES,Screenshot 2026-05-27 at 4.09.58 PM.png: needs_review - Automatic crop passed layout checks. Possible Etsy overlay inside product photo.,draft_needs_review,YES,,,,Bathrobe,,FALSE,,
102,fw102ndset_batch_13,fw102ndset_batch_13,02_All_Listings_By_Set/fw102ndset_batch_13,"Large heavy and plush ""Pretty Pink Peacock"" vintage chenille bathrobe upcycled from hand tufted chenille bedspreads","Lots and lots of pink chenille in this beauty...Barbie would have loved this bathrobe! That
ginormous tail is very thickly tufted, so much so it is difficult to see between the lines of
chenille. Gorgeous arbor of flowers over that peacocks head, and extending onto the
arbor on the front of the bathrobe. Sleeves are a 'popcorn' pink chenille for added
texture.
Large can fit up to a woman's size 18, with pockets; machine washable too.
Chenille bedspreads were created and manufactured in the US during the 1930s to the
1950s; much of it was hand tufted. The hand tufting process was often a series of knots
tied in a pre-printed design onto cotton (muslin) fabric. These one-of-a-kind bedspreads
varied by the tufter, as well as by materials used.
The production of chenille stopped in the United States after about 1960, and much of it
is being up cycled and given new life. Since the supply of vintage chenille is limited and
finite, it has become more difficult to find! Although chenille is durable, it can suffer
wear over time that may take the form of thinning lines of chenille, skipped spots where","Lots and lots of pink chenille in this beauty...Barbie would have loved this bathrobe! That ginormous tail is very thickly tufted, so much so it is difficult to see between the lines of chenille. Gorgeous arbor of flowers over that peaco...",large-heavy-and-plush-pretty-pink-peacock-vintage-chenille-bathrobe-upcycled-fro,FW-102-B13,"vintage, chenille, bathrobe, robe, upcycled, bedspread, peacock, flower, cotton, hand tufted, plush, heavy","chenille, cotton, bedspread, hand tufted, vintage",9,fw102ndset_batch_13_large-heavy-and-plush-pretty-pink-peacock-vintage-chenille-b_img01_2026-05-27_160834.png,fw102ndset_batch_13_large-heavy-and-plush-pretty-pink-peacock-vintage-chenille-b_img01_2026-05-27_160834.png | fw102ndset_batch_13_large-heavy-and-plush-pretty-pink-peacock-vintage-chenille-b_img02_2026-05-27_160839.png | fw102ndset_batch_13_large-heavy-and-plush-pretty-pink-peacock-vintage-chenille-b_img03_2026-05-27_160844.png | fw102ndset_batch_13_large-heavy-and-plush-pretty-pink-peacock-vintage-chenille-b_img04_2026-05-27_160849.png | fw102ndset_batch_13_large-heavy-and-plush-pretty-pink-peacock-vintage-chenille-b_img05_2026-05-27_160853.png | fw102ndset_batch_13_large-heavy-and-plush-pretty-pink-peacock-vintage-chenille-b_img06_2026-05-27_160859.png | fw102ndset_batch_13_large-heavy-and-plush-pretty-pink-peacock-vintage-chenille-b_img07_2026-05-27_160904.png | fw102ndset_batch_13_large-heavy-and-plush-pretty-pink-peacock-vintage-chenille-b_img08_2026-05-27_160909.png | fw102ndset_batch_13_large-heavy-and-plush-pretty-pink-peacock-vintage-chenille-b_img09_2026-05-27_160914.png,02_All_Listings_By_Set/fw102ndset_batch_13/Cropped_Images,02_All_Listings_By_Set/fw102ndset_batch_13/Listing_Info/listing_info.txt,02_All_Listings_By_Set/fw102ndset_batch_13/Original_Screenshots_Backup,listing_text_extracted,needs_review,needs_review,YES,Screenshot 2026-05-27 at 4.08.34 PM.png: needs_review - Automatic crop passed layout checks. Possible Etsy overlay inside product photo.,draft_needs_review,YES,,,,Bathrobe,,FALSE,,
103,fw103rdset_batch_14,fw103rdset_batch_14,02_All_Listings_By_Set/fw103rdset_batch_14,"Medium heavy ""Two Giant Peacocks"" vintage chenille bathrobe upcycled from hand tufted chenille bedspreads","Plushly tufted 'double chenille'; which means that there is 'background' chenille created
by a manufacturer, and the design (in this case the peacock and other colorful designs)
were hand tufted on top of the manufactured chenille. Not just one, but two gorgeous
giant peacocks. One peacock on the front, and another on the back of this robe.
Throughout the design, there is a beautiful sea glass green ribbon running through the
design, so I use that same color for the sleeves to pick up that color.
Medium can fit up to a woman's size 12, with pockets; machine washable too.
Chenille bedspreads were created and manufactured in the US during the 1930s to the
1950s; much of it was hand tufted. The hand tufting process was often a series of knots
tied in a pre-printed design onto cotton (muslin) fabric. These one-of-a-kind bedspreads
varied by the tufter, as well as by materials used.
The production of chenille stopped in the United States after about 1960, and much of it
is being up cycled and given new life. Since the supply of vintage chenille is limited and","Plushly tufted 'double chenille'; which means that there is 'background' chenille created by a manufacturer, and the design (in this case the peacock and other colorful designs) were hand tufted on top of the manufactured chenille. Not j...",medium-heavy-two-giant-peacocks-vintage-chenille-bathrobe-upcycled-from-hand-tuf,FW-103-B14,"vintage, chenille, bathrobe, robe, upcycled, bedspread, peacock, cotton, hand tufted, plush, heavy","chenille, cotton, bedspread, hand tufted, vintage",8,fw103rdset_batch_14_medium-heavy-two-giant-peacocks-vintage-chenille-bathrobe-up_img01_2026-05-27_162549.png,fw103rdset_batch_14_medium-heavy-two-giant-peacocks-vintage-chenille-bathrobe-up_img01_2026-05-27_162549.png | fw103rdset_batch_14_medium-heavy-two-giant-peacocks-vintage-chenille-bathrobe-up_img02_2026-05-27_162554.png | fw103rdset_batch_14_medium-heavy-two-giant-peacocks-vintage-chenille-bathrobe-up_img03_2026-05-27_162559.png | fw103rdset_batch_14_medium-heavy-two-giant-peacocks-vintage-chenille-bathrobe-up_img04_2026-05-27_162604.png | fw103rdset_batch_14_medium-heavy-two-giant-peacocks-vintage-chenille-bathrobe-up_img05_2026-05-27_162608.png | fw103rdset_batch_14_medium-heavy-two-giant-peacocks-vintage-chenille-bathrobe-up_img06_2026-05-27_162613.png | fw103rdset_batch_14_medium-heavy-two-giant-peacocks-vintage-chenille-bathrobe-up_img07_2026-05-27_162618.png | fw103rdset_batch_14_medium-heavy-two-giant-peacocks-vintage-chenille-bathrobe-up_img08_2026-05-27_162622.png,02_All_Listings_By_Set/fw103rdset_batch_14/Cropped_Images,02_All_Listings_By_Set/fw103rdset_batch_14/Listing_Info/listing_info.txt,02_All_Listings_By_Set/fw103rdset_batch_14/Original_Screenshots_Backup,listing_text_extracted,needs_review,needs_review,YES,Screenshot 2026-05-27 at 4.25.49 PM.png: needs_review - Automatic crop passed layout checks. Possible Etsy overlay inside product photo. | Screenshot 2026-05-27 at 4.26.22 PM.png: needs_review - Crop width is outside expected product-photo range.,draft_needs_review,YES,,,,Bathrobe,,FALSE,,
104,fw104thset_batch_15,fw104thset_batch_15,02_All_Listings_By_Set/fw104thset_batch_15,"Medium plush and heavy ""Green Goddess"" vintage chenille bathrobe upcycled from hand tufted chenille bedspreads","Vintage beige chenille, soft colors. Pretty bouquet of flowers behind the knees; with
more on each sleeve. Sleeves, belt and band collar are that gorgeous sea glass green
chenille.
Medium can fit up to a woman's size 12, with pockets; machine washable too.
Chenille bedspreads were created and manufactured in the US during the 1930s to the
1950s; much of it was hand tufted. The hand tufting process was often a series of knots
tied in a pre-printed design onto cotton (muslin) fabric. These one-of-a-kind bedspreads
varied by the tufter, as well as by materials used.
The production of chenille stopped in the United States after about 1960, and much of it
is being up cycled and given new life. Since the supply of vintage chenille is limited and
finite, it has become more difficult to find! Although chenille is durable, it can suffer
wear over time that may take the form of thinning lines of chenille, skipped spots where
chenille has come out; small pinholes, or variations in color. If any of these
imperfections are notable, I will mention them in the description below, but because the","Vintage beige chenille, soft colors. Pretty bouquet of flowers behind the knees; with more on each sleeve. Sleeves, belt and band collar are that gorgeous sea glass green chenille. Medium can fit up to a woman's size 12, with pockets; ma...",medium-plush-and-heavy-green-goddess-vintage-chenille-bathrobe-upcycled-from-han,FW-104-B15,"vintage, chenille, bathrobe, robe, upcycled, bedspread, flower, cotton, hand tufted, plush, heavy","chenille, cotton, bedspread, hand tufted, vintage",9,fw104thset_batch_15_medium-plush-and-heavy-green-goddess-vintage-chenille-bathro_img01_2026-05-27_162428.png,fw104thset_batch_15_medium-plush-and-heavy-green-goddess-vintage-chenille-bathro_img01_2026-05-27_162428.png | fw104thset_batch_15_medium-plush-and-heavy-green-goddess-vintage-chenille-bathro_img02_2026-05-27_162434.png | fw104thset_batch_15_medium-plush-and-heavy-green-goddess-vintage-chenille-bathro_img03_2026-05-27_162439.png | fw104thset_batch_15_medium-plush-and-heavy-green-goddess-vintage-chenille-bathro_img04_2026-05-27_162444.png | fw104thset_batch_15_medium-plush-and-heavy-green-goddess-vintage-chenille-bathro_img05_2026-05-27_162449.png | fw104thset_batch_15_medium-plush-and-heavy-green-goddess-vintage-chenille-bathro_img06_2026-05-27_162454.png | fw104thset_batch_15_medium-plush-and-heavy-green-goddess-vintage-chenille-bathro_img07_2026-05-27_162459.png | fw104thset_batch_15_medium-plush-and-heavy-green-goddess-vintage-chenille-bathro_img08_2026-05-27_162504.png | fw104thset_batch_15_medium-plush-and-heavy-green-goddess-vintage-chenille-bathro_img09_2026-05-27_162509.png,02_All_Listings_By_Set/fw104thset_batch_15/Cropped_Images,02_All_Listings_By_Set/fw104thset_batch_15/Listing_Info/listing_info.txt,02_All_Listings_By_Set/fw104thset_batch_15/Original_Screenshots_Backup,listing_text_extracted,needs_review,needs_review,YES,Screenshot 2026-05-27 at 4.24.28 PM.png: needs_review - Automatic crop passed layout checks. Possible Etsy overlay inside product photo.,draft_needs_review,YES,,,,Bathrobe,,FALSE,,
105,fw105thset_batch_16,fw105thset_batch_16,02_All_Listings_By_Set/fw105thset_batch_16,"XL VERY heavy snd plush ""English Rose"" vintage chenille bathrobe upcycled from hand tufted chenille bedspreads Super duper plush lines of chenille, very thick and dense. Colors are very vibrants as","Super duper plush lines of chenille, very thick and dense. Colors are very vibrants as
well, I don't think the bedspread I used to create this bathrobe was ever used as bed
linens; the fabric is in excellent shape. The colors are classic, very MCM for sure. I used
a pretty and complimentary soft coffee/blush colored chenille, matches that color I the
body of the robe perfectly; and the sleeves even have some soft flour de le flowers on
them as well.
XL can fit up to a woman's size 24, with pockets. Machine washable too.
Chenille bedspreads were created and manufactured in the US during the 1930s to the
1950s; much of it was hand tufted. The hand tufting process was often a series of knots
tied in a pre-printed design onto cotton (muslin) fabric. These one-of-a-kind bedspreads
varied by the tufter, as well as by materials used.
The production of chenille stopped in the United States after about 1960, and much of it
is being up cycled and given new life. Since the supply of vintage chenille is limited and
finite, it has become more difficult to find! Although chenille is durable, it can suffer","Super duper plush lines of chenille, very thick and dense. Colors are very vibrants as well, I don't think the bedspread I used to create this bathrobe was ever used as bed linens; the fabric is in excellent shape. The colors are classic...",xl-very-heavy-snd-plush-english-rose-vintage-chenille-bathrobe-upcycled-from-han,FW-105-B16,"vintage, chenille, bathrobe, robe, upcycled, bedspread, rose, flower, cotton, hand tufted, plush, heavy","chenille, cotton, bedspread, hand tufted, vintage",9,fw105thset_batch_16_xl-very-heavy-snd-plush-english-rose-vintage-chenille-bathro_img01_2026-05-27_162251.png,fw105thset_batch_16_xl-very-heavy-snd-plush-english-rose-vintage-chenille-bathro_img01_2026-05-27_162251.png | fw105thset_batch_16_xl-very-heavy-snd-plush-english-rose-vintage-chenille-bathro_img02_2026-05-27_162256.png | fw105thset_batch_16_xl-very-heavy-snd-plush-english-rose-vintage-chenille-bathro_img03_2026-05-27_162301.png | fw105thset_batch_16_xl-very-heavy-snd-plush-english-rose-vintage-chenille-bathro_img04_2026-05-27_162306.png | fw105thset_batch_16_xl-very-heavy-snd-plush-english-rose-vintage-chenille-bathro_img05_2026-05-27_162310.png | fw105thset_batch_16_xl-very-heavy-snd-plush-english-rose-vintage-chenille-bathro_img06_2026-05-27_162320.png | fw105thset_batch_16_xl-very-heavy-snd-plush-english-rose-vintage-chenille-bathro_img07_2026-05-27_162325.png | fw105thset_batch_16_xl-very-heavy-snd-plush-english-rose-vintage-chenille-bathro_img08_2026-05-27_162331.png | fw105thset_batch_16_xl-very-heavy-snd-plush-english-rose-vintage-chenille-bathro_img09_2026-05-27_162336.png,02_All_Listings_By_Set/fw105thset_batch_16/Cropped_Images,02_All_Listings_By_Set/fw105thset_batch_16/Listing_Info/listing_info.txt,02_All_Listings_By_Set/fw105thset_batch_16/Original_Screenshots_Backup,listing_text_extracted,needs_review,needs_review,YES,Screenshot 2026-05-27 at 4.22.51 PM.png: needs_review - Automatic crop passed layout checks. Possible Etsy overlay inside product photo.,draft_needs_review,YES,,,,Bathrobe,,FALSE,,
106,fw106thset_batch_17,fw106thset_batch_17,02_All_Listings_By_Set/fw106thset_batch_17,"Mecium soft and lightweight ""Love You to the Moon and Back"" vintage chenille bathrobe upcycled from hand tufted chenille bedspreads What makes vour item special? Buvers will only see the first few lines unless they expand the descrintion.","Holy smokes...this is one of the most unusual chenille bedspreads I have ever upcycled.
a rocket ship and planets/stars/galaxies! Originally a 'youth' bedspread, it is a summer
weight chenille. Vintage, but in great shape for its age, no holes or imperfections that I
could see! Such a cute design, appropriate for your stargazer, astronomer,
astrophysicist, or rocket scientist! the list is endless..
Sleeves are special as well, each has a tiny peacock and some red flowers too, colors
match the body of the robe perfectly.
My medium can fit up to a woman's size 12, with pockets; machine washable too! this is
OOAK bedspread and the robe is now OOAK as well.","Holy smokes...this is one of the most unusual chenille bedspreads I have ever upcycled. a rocket ship and planets/stars/galaxies! Originally a 'youth' bedspread, it is a summer weight chenille. Vintage, but in great shape for its age, no...",mecium-soft-and-lightweight-love-you-to-the-moon-and-back-vintage-chenille-bathr,FW-106-B17,"vintage, chenille, bathrobe, robe, upcycled, bedspread, peacock, flower, hand tufted","chenille, bedspread, hand tufted, vintage",9,fw106thset_batch_17_mecium-soft-and-lightweight-love-you-to-the-moon-and-back-vi_img01_2026-05-27_163826.png,fw106thset_batch_17_mecium-soft-and-lightweight-love-you-to-the-moon-and-back-vi_img01_2026-05-27_163826.png | fw106thset_batch_17_mecium-soft-and-lightweight-love-you-to-the-moon-and-back-vi_img02_2026-05-27_163832.png | fw106thset_batch_17_mecium-soft-and-lightweight-love-you-to-the-moon-and-back-vi_img03_2026-05-27_163838.png | fw106thset_batch_17_mecium-soft-and-lightweight-love-you-to-the-moon-and-back-vi_img04_2026-05-27_163842.png | fw106thset_batch_17_mecium-soft-and-lightweight-love-you-to-the-moon-and-back-vi_img05_2026-05-27_163847.png | fw106thset_batch_17_mecium-soft-and-lightweight-love-you-to-the-moon-and-back-vi_img06_2026-05-27_163853.png | fw106thset_batch_17_mecium-soft-and-lightweight-love-you-to-the-moon-and-back-vi_img07_2026-05-27_163858.png | fw106thset_batch_17_mecium-soft-and-lightweight-love-you-to-the-moon-and-back-vi_img08_2026-05-27_163902.png | fw106thset_batch_17_mecium-soft-and-lightweight-love-you-to-the-moon-and-back-vi_img09_2026-05-27_163907.png,02_All_Listings_By_Set/fw106thset_batch_17/Cropped_Images,02_All_Listings_By_Set/fw106thset_batch_17/Listing_Info/listing_info.txt,02_All_Listings_By_Set/fw106thset_batch_17/Original_Screenshots_Backup,listing_text_extracted,needs_review,needs_review,YES,Screenshot 2026-05-27 at 4.38.26 PM.png: needs_review - Automatic crop passed layout checks. Possible Etsy overlay inside product photo. | Screenshot 2026-05-27 at 4.38.32 PM.png: needs_review - Automatic crop passed layout checks. Possible Etsy overlay inside product photo.,draft_needs_review,YES,,,,Bathrobe,,FALSE,,
107,fw107thset_batch_18,fw107thset_batch_18,02_All_Listings_By_Set/fw107thset_batch_18,"Small plush and heavy ""Sunrise in the Garden"" vintage chenille bathrobe upcycled from hand tufted chenille bedspreads","This chenille is very plushly tufted, pretty close to 'pristine' condition overall. The flowers
are especially wonderful, so make sure to zoom in. The colors of the flowers are also
very pretty, they are enormous!
Small can fit up to a woman's size 8, with pockets. Machine washable too
Chenille bedspreads were created and manufactured in the US during the 1930s to the
1950s; much of it was hand tufted. The hand tufting process was often a series of knots
tied in a pre-printed design onto cotton (muslin) fabric. These one-of-a-kind bedspreads
varied by the tufter, as well as by materials used.
The production of chenille stopped in the United States after about 1960, and much of it
is being up cycled and given new life. Since the supply of vintage chenille is limited and
finite, it has become more difficult to find! Although chenille is durable, it can suffer
wear over time that may take the form of thinning lines of chenille, skipped spots where
chenille has come out; small pinholes, or variations in color. If any of these
imperfections are notable, I will mention them in the description below, but because the","This chenille is very plushly tufted, pretty close to 'pristine' condition overall. The flowers are especially wonderful, so make sure to zoom in. The colors of the flowers are also very pretty, they are enormous! Small can fit up to a w...",small-plush-and-heavy-sunrise-in-the-garden-vintage-chenille-bathrobe-upcycled-f,FW-107-B18,"vintage, chenille, bathrobe, robe, upcycled, bedspread, flower, cotton, hand tufted, plush, heavy","chenille, cotton, bedspread, hand tufted, vintage",10,fw107thset_batch_18_small-plush-and-heavy-sunrise-in-the-garden-vintage-chenille_img01_2026-05-27_163651.png,fw107thset_batch_18_small-plush-and-heavy-sunrise-in-the-garden-vintage-chenille_img01_2026-05-27_163651.png | fw107thset_batch_18_small-plush-and-heavy-sunrise-in-the-garden-vintage-chenille_img02_2026-05-27_163656.png | fw107thset_batch_18_small-plush-and-heavy-sunrise-in-the-garden-vintage-chenille_img03_2026-05-27_163701.png | fw107thset_batch_18_small-plush-and-heavy-sunrise-in-the-garden-vintage-chenille_img04_2026-05-27_163706.png | fw107thset_batch_18_small-plush-and-heavy-sunrise-in-the-garden-vintage-chenille_img05_2026-05-27_163710.png | fw107thset_batch_18_small-plush-and-heavy-sunrise-in-the-garden-vintage-chenille_img06_2026-05-27_163715.png | fw107thset_batch_18_small-plush-and-heavy-sunrise-in-the-garden-vintage-chenille_img07_2026-05-27_163720.png | fw107thset_batch_18_small-plush-and-heavy-sunrise-in-the-garden-vintage-chenille_img08_2026-05-27_163720.png | fw107thset_batch_18_small-plush-and-heavy-sunrise-in-the-garden-vintage-chenille_img09_2026-05-27_163726.png | fw107thset_batch_18_small-plush-and-heavy-sunrise-in-the-garden-vintage-chenille_img10_2026-05-27_163731.png,02_All_Listings_By_Set/fw107thset_batch_18/Cropped_Images,02_All_Listings_By_Set/fw107thset_batch_18/Listing_Info/listing_info.txt,02_All_Listings_By_Set/fw107thset_batch_18/Original_Screenshots_Backup,listing_text_extracted,needs_review,needs_review,YES,Screenshot 2026-05-27 at 4.36.51 PM.png: needs_review - Automatic crop passed layout checks. Possible Etsy overlay inside product photo.,draft_needs_review,YES,,,,Bathrobe,,FALSE,,
108,fw108thset_batch_19,fw108thset_batch_19,02_All_Listings_By_Set/fw108thset_batch_19,"Large plush and heavy ""Barbie's Flower Basket"" vintage chenille bathrobe upcycled from hand tufted chenille bedspread","Super plush chenille, those lines of chenille (which means 'caterpillar' in French) are very
chubby caterpillars! Chenille is tufted in many different ways/styles, this one is very
thick. Ginormous flower basket in the middle of the back, with waves of pink chenille
under and all over the front of the robe. Sleeves are white, with pink lines of chenille at
the end of each; very symmetrical.
Large can fit up to a woman's size 18, with pockets; machine washable too.
Chenille bedspreads were created and manufactured in the US during the 1930s to the
1950s; much of it was hand tufted. The hand tufting process was often a series of knots
tied in a pre-printed design onto cotton (muslin) fabric. These one-of-a-kind bedspreads
varied by the tufter, as well as by materials used.
The production of chenille stopped in the United States after about 1960, and much of it
is being up cycled and given new life. Since the supply of vintage chenille is limited and
finite, it has become more difficult to find! Although chenille is durable, it can suffer
wear over time that may take the form of thinning lines of chenille, skipped spots where
abanilla bar sama
aut amall ninbalas are
enristians in salar If anuaftbass","Super plush chenille, those lines of chenille (which means 'caterpillar' in French) are very chubby caterpillars! Chenille is tufted in many different ways/styles, this one is very thick. Ginormous flower basket in the middle of the back...",large-plush-and-heavy-barbie-s-flower-basket-vintage-chenille-bathrobe-upcycled,FW-108-B19,"vintage, chenille, bathrobe, robe, upcycled, bedspread, flower, cotton, hand tufted, plush, heavy","chenille, cotton, bedspread, hand tufted, vintage",8,fw108thset_batch_19_large-plush-and-heavy-barbie-s-flower-basket-vintage-chenill_img01_2026-05-27_163542.png,fw108thset_batch_19_large-plush-and-heavy-barbie-s-flower-basket-vintage-chenill_img01_2026-05-27_163542.png | fw108thset_batch_19_large-plush-and-heavy-barbie-s-flower-basket-vintage-chenill_img02_2026-05-27_163547.png | fw108thset_batch_19_large-plush-and-heavy-barbie-s-flower-basket-vintage-chenill_img03_2026-05-27_163552.png | fw108thset_batch_19_large-plush-and-heavy-barbie-s-flower-basket-vintage-chenill_img04_2026-05-27_163557.png | fw108thset_batch_19_large-plush-and-heavy-barbie-s-flower-basket-vintage-chenill_img05_2026-05-27_163601.png | fw108thset_batch_19_large-plush-and-heavy-barbie-s-flower-basket-vintage-chenill_img06_2026-05-27_163605.png | fw108thset_batch_19_large-plush-and-heavy-barbie-s-flower-basket-vintage-chenill_img07_2026-05-27_163610.png | fw108thset_batch_19_large-plush-and-heavy-barbie-s-flower-basket-vintage-chenill_img08_2026-05-27_163615.png,02_All_Listings_By_Set/fw108thset_batch_19/Cropped_Images,02_All_Listings_By_Set/fw108thset_batch_19/Listing_Info/listing_info.txt,02_All_Listings_By_Set/fw108thset_batch_19/Original_Screenshots_Backup,listing_text_extracted,needs_review,needs_review,YES,Screenshot 2026-05-27 at 4.35.42 PM.png: needs_review - Automatic crop passed layout checks. Possible Etsy overlay inside product photo.,draft_needs_review,YES,,,,Bathrobe,,FALSE,,
109,fw109thset_batch_20,fw109thset_batch_20,02_All_Listings_By_Set/fw109thset_batch_20,"Small mid-length ""Wrapped up in a Bow"" vintage chenille bathrobe upcycled from chenille bedspread Heavy chenille, lots of flowers and even a giant bow on the back. This bathrobe is a bit","Heavy chenille, lots of flowers and even a giant bow on the back. This bathrobe is a bit
shorter than most of mine, most likely will hit just below the knees, not the ankles like
most of the robe I created.
Small can fit up to a woman's size 8 with pockets. Machine washable too.
Chenille bedspreads were created and manufactured in the US during the 1930s to the
1950s; much of it was hand tufted. The hand tufting process was often a series of knots
tied in a pre-printed design onto cotton (muslin) fabric. These one-of-a-kind bedspreads
varied by the tufter, as well as by materials used.
The production of chenille stopped in the United States after about 1960, and much of it
is being up cycled and given new life. Since the supply of vintage chenille is limited and
finite, it has become more difficult to find! Although chenille is durable, it can suffer
wear over time that may take the form of thinning lines of chenille, skipped spots where
chenille has come out; small pinholes, or variations in color. If any of these
imperfections are notable, I will mention them in the description below, but because the","Heavy chenille, lots of flowers and even a giant bow on the back. This bathrobe is a bit shorter than most of mine, most likely will hit just below the knees, not the ankles like most of the robe I created. Small can fit up to a woman's...",small-mid-length-wrapped-up-in-a-bow-vintage-chenille-bathrobe-upcycled-from-che,FW-109-B20,"vintage, chenille, bathrobe, robe, upcycled, bedspread, flower, cotton, hand tufted, heavy","chenille, cotton, bedspread, hand tufted, vintage",9,fw109thset_batch_20_small-mid-length-wrapped-up-in-a-bow-vintage-chenille-bathro_img01_2026-05-27_165031.png,fw109thset_batch_20_small-mid-length-wrapped-up-in-a-bow-vintage-chenille-bathro_img01_2026-05-27_165031.png | fw109thset_batch_20_small-mid-length-wrapped-up-in-a-bow-vintage-chenille-bathro_img02_2026-05-27_165037.png | fw109thset_batch_20_small-mid-length-wrapped-up-in-a-bow-vintage-chenille-bathro_img03_2026-05-27_165041.png | fw109thset_batch_20_small-mid-length-wrapped-up-in-a-bow-vintage-chenille-bathro_img04_2026-05-27_165047.png | fw109thset_batch_20_small-mid-length-wrapped-up-in-a-bow-vintage-chenille-bathro_img05_2026-05-27_165051.png | fw109thset_batch_20_small-mid-length-wrapped-up-in-a-bow-vintage-chenille-bathro_img06_2026-05-27_165056.png | fw109thset_batch_20_small-mid-length-wrapped-up-in-a-bow-vintage-chenille-bathro_img07_2026-05-27_165101.png | fw109thset_batch_20_small-mid-length-wrapped-up-in-a-bow-vintage-chenille-bathro_img08_2026-05-27_165106.png | fw109thset_batch_20_small-mid-length-wrapped-up-in-a-bow-vintage-chenille-bathro_img09_2026-05-27_165114.png,02_All_Listings_By_Set/fw109thset_batch_20/Cropped_Images,02_All_Listings_By_Set/fw109thset_batch_20/Listing_Info/listing_info.txt,02_All_Listings_By_Set/fw109thset_batch_20/Original_Screenshots_Backup,listing_text_extracted,needs_review,needs_review,YES,Screenshot 2026-05-27 at 4.50.31 PM.png: needs_review - Automatic crop passed layout checks. Possible Etsy overlay inside product photo.,draft_needs_review,YES,,,,Bathrobe,,FALSE,,
110,fw110thset_batch_21,fw110thset_batch_21,02_All_Listings_By_Set/fw110thset_batch_21,"Large super plush ""Red Hot Pinwheels"" chenille bathrobe upcycled from vintage chenille bedspreads","Super duper plush the pink and red pinwheels are a classic vintage design. Bright white
backing and chenille make that red really pop! Heavy chenille, very thick lines of chenille
were used in the tufting.
Size large can fit up to a woman's size 18, with pockets. Mannequin is a size 10. Machine
washable
Chenille bedspreads were created and manufactured in the US during the 1930s to the
1950s; much of it was hand tufted. The hand tufting process was often a series of knots
tied in a pre-printed design onto cotton (muslin) fabric. These one-of-a-kind bedspreads
varied by the tufter, as well as by materials used.
The production of chenille stopped in the United States after about 1960, and much of it
is being up cycled and given new life. Since the supply of vintage chenille is limited and
finite, it has become more difficult to find! Although chenille is durable, it can suffer
wear over time that may take the form of thinning lines of chenille, skipped spots where
chenille has come out; small pinholes, or variations in color. If any of these","Super duper plush the pink and red pinwheels are a classic vintage design. Bright white backing and chenille make that red really pop! Heavy chenille, very thick lines of chenille were used in the tufting. Size large can fit up to a woma...",large-super-plush-red-hot-pinwheels-chenille-bathrobe-upcycled-from-vintage-chen,FW-110-B21,"vintage, chenille, bathrobe, robe, upcycled, bedspread, cotton, hand tufted, plush, heavy","chenille, cotton, bedspread, hand tufted, vintage",10,fw110thset_batch_21_large-super-plush-red-hot-pinwheels-chenille-bathrobe-upcycl_img01_2026-05-27_164602.png,fw110thset_batch_21_large-super-plush-red-hot-pinwheels-chenille-bathrobe-upcycl_img01_2026-05-27_164602.png | fw110thset_batch_21_large-super-plush-red-hot-pinwheels-chenille-bathrobe-upcycl_img02_2026-05-27_164607.png | fw110thset_batch_21_large-super-plush-red-hot-pinwheels-chenille-bathrobe-upcycl_img03_2026-05-27_164613.png | fw110thset_batch_21_large-super-plush-red-hot-pinwheels-chenille-bathrobe-upcycl_img04_2026-05-27_164617.png | fw110thset_batch_21_large-super-plush-red-hot-pinwheels-chenille-bathrobe-upcycl_img05_2026-05-27_164622.png | fw110thset_batch_21_large-super-plush-red-hot-pinwheels-chenille-bathrobe-upcycl_img06_2026-05-27_164626.png | fw110thset_batch_21_large-super-plush-red-hot-pinwheels-chenille-bathrobe-upcycl_img07_2026-05-27_164631.png | fw110thset_batch_21_large-super-plush-red-hot-pinwheels-chenille-bathrobe-upcycl_img08_2026-05-27_164635.png | fw110thset_batch_21_large-super-plush-red-hot-pinwheels-chenille-bathrobe-upcycl_img09_2026-05-27_164641.png | fw110thset_batch_21_large-super-plush-red-hot-pinwheels-chenille-bathrobe-upcycl_img10_2026-05-27_164646.png,02_All_Listings_By_Set/fw110thset_batch_21/Cropped_Images,02_All_Listings_By_Set/fw110thset_batch_21/Listing_Info/listing_info.txt,02_All_Listings_By_Set/fw110thset_batch_21/Original_Screenshots_Backup,listing_text_extracted,needs_review,needs_review,YES,Screenshot 2026-05-27 at 4.46.02 PM.png: needs_review - Automatic crop passed layout checks. Possible Etsy overlay inside product photo. | Screenshot 2026-05-27 at 4.46.26 PM.png: needs_review - Automatic crop passed layout checks. Possible Etsy overlay inside product photo.,draft_needs_review,YES,,,,Bathrobe,,FALSE,,
111,fw111thset_batch_02,fw111thset_batch_02,02_All_Listings_By_Set/fw111thset_batch_02,"XL soft and plush ""Sherbert Peavock"" vintage chenille bathrobe upcycled from hand tufted chenille bedspreads The colors in this bathrobe remind me of rainbow sherbet, so pretty and pastel. The","Vy o
The colors in this bathrobe remind me of rainbow sherbet, so pretty and pastel. The
peacock on the back is simply gorgeous, very thickly tufted; and so thick you cannot see
the backing in between the lines of chenille. The peacock is surrounded by a peach
trellis and purple roses on the trellis. I chose purple for the sleeves to pick up those rose
colors.
XL can fit up to a woman's size 24. with pockets; machine washable too.
Chenille bedspreads were created and manufactured in the US during the 1930s to the
1950s; much of it was hand tufted. The hand tufting process was often a series of knots
tied in a pre-printed design onto cotton (muslin) fabric. These one-of-a-kind bedspreads
varied by the tufter, as well as by materials used.
The production of chenille stopped in the United States after about 1960, and much of it
is being up cycled and given new life. Since the supply of vintage chenille is limited and
finite, it has become more difficult to find! Although chenille is durable, it can suffer
wear over time that may take the form of thinning lines of chenille, skipped spots where","Vy o The colors in this bathrobe remind me of rainbow sherbet, so pretty and pastel. The peacock on the back is simply gorgeous, very thickly tufted; and so thick you cannot see the backing in between the lines of chenille. The peacock i...",xl-soft-and-plush-sherbert-peavock-vintage-chenille-bathrobe-upcycled-from-hand,FW-111-B02,"vintage, chenille, bathrobe, robe, upcycled, bedspread, peacock, rose, cotton, hand tufted, plush","chenille, cotton, bedspread, hand tufted, vintage",9,fw111thset_batch_02_xl-soft-and-plush-sherbert-peavock-vintage-chenille-bathrobe_img01_2026-05-27_164908.png,fw111thset_batch_02_xl-soft-and-plush-sherbert-peavock-vintage-chenille-bathrobe_img01_2026-05-27_164908.png | fw111thset_batch_02_xl-soft-and-plush-sherbert-peavock-vintage-chenille-bathrobe_img02_2026-05-27_164908.png | fw111thset_batch_02_xl-soft-and-plush-sherbert-peavock-vintage-chenille-bathrobe_img03_2026-05-27_164914.png | fw111thset_batch_02_xl-soft-and-plush-sherbert-peavock-vintage-chenille-bathrobe_img04_2026-05-27_164925.png | fw111thset_batch_02_xl-soft-and-plush-sherbert-peavock-vintage-chenille-bathrobe_img05_2026-05-27_164931.png | fw111thset_batch_02_xl-soft-and-plush-sherbert-peavock-vintage-chenille-bathrobe_img06_2026-05-27_164935.png | fw111thset_batch_02_xl-soft-and-plush-sherbert-peavock-vintage-chenille-bathrobe_img07_2026-05-27_164940.png | fw111thset_batch_02_xl-soft-and-plush-sherbert-peavock-vintage-chenille-bathrobe_img08_2026-05-27_164945.png | fw111thset_batch_02_xl-soft-and-plush-sherbert-peavock-vintage-chenille-bathrobe_img09_2026-05-27_164951.png,02_All_Listings_By_Set/fw111thset_batch_02/Cropped_Images,02_All_Listings_By_Set/fw111thset_batch_02/Listing_Info/listing_info.txt,02_All_Listings_By_Set/fw111thset_batch_02/Original_Screenshots_Backup,listing_text_extracted,needs_review,needs_review,YES,Screenshot 2026-05-27 at 4.49.08 PM.png: needs_review - Automatic crop passed layout checks. Possible Etsy overlay inside product photo. | Screenshot 2026-05-27 at 4.49.08 PM_1.png: needs_review - Automatic crop passed layout checks. Possible Etsy overlay inside product photo.,draft_needs_review,YES,,,,Bathrobe,,FALSE,,
111,fw111thset_batch_22,fw111thset_batch_22,02_All_Listings_By_Set/fw111thset_batch_22,"XL soft and plush ""Sherbert Peavock"" vintage chenille bathrobe upcycled from hand tufted chenille bedspreads The colors in this bathrobe remind me of rainbow sherbet, so pretty and pastel. The","Vy o
The colors in this bathrobe remind me of rainbow sherbet, so pretty and pastel. The
peacock on the back is simply gorgeous, very thickly tufted; and so thick you cannot see
the backing in between the lines of chenille. The peacock is surrounded by a peach
trellis and purple roses on the trellis. I chose purple for the sleeves to pick up those rose
colors.
XL can fit up to a woman's size 24. with pockets; machine washable too.
Chenille bedspreads were created and manufactured in the US during the 1930s to the
1950s; much of it was hand tufted. The hand tufting process was often a series of knots
tied in a pre-printed design onto cotton (muslin) fabric. These one-of-a-kind bedspreads
varied by the tufter, as well as by materials used.
The production of chenille stopped in the United States after about 1960, and much of it
is being up cycled and given new life. Since the supply of vintage chenille is limited and
finite, it has become more difficult to find! Although chenille is durable, it can suffer
wear over time that may take the form of thinning lines of chenille, skipped spots where","Vy o The colors in this bathrobe remind me of rainbow sherbet, so pretty and pastel. The peacock on the back is simply gorgeous, very thickly tufted; and so thick you cannot see the backing in between the lines of chenille. The peacock i...",xl-soft-and-plush-sherbert-peavock-vintage-chenille-bathrobe-upcycled-from-hand,FW-111-B22,"vintage, chenille, bathrobe, robe, upcycled, bedspread, peacock, rose, cotton, hand tufted, plush","chenille, cotton, bedspread, hand tufted, vintage",9,fw111thset_batch_22_xl-soft-and-plush-sherbert-peavock-vintage-chenille-bathrobe_img01_2026-05-27_164908.png,fw111thset_batch_22_xl-soft-and-plush-sherbert-peavock-vintage-chenille-bathrobe_img01_2026-05-27_164908.png | fw111thset_batch_22_xl-soft-and-plush-sherbert-peavock-vintage-chenille-bathrobe_img02_2026-05-27_164908.png | fw111thset_batch_22_xl-soft-and-plush-sherbert-peavock-vintage-chenille-bathrobe_img03_2026-05-27_164914.png | fw111thset_batch_22_xl-soft-and-plush-sherbert-peavock-vintage-chenille-bathrobe_img04_2026-05-27_164925.png | fw111thset_batch_22_xl-soft-and-plush-sherbert-peavock-vintage-chenille-bathrobe_img05_2026-05-27_164931.png | fw111thset_batch_22_xl-soft-and-plush-sherbert-peavock-vintage-chenille-bathrobe_img06_2026-05-27_164935.png | fw111thset_batch_22_xl-soft-and-plush-sherbert-peavock-vintage-chenille-bathrobe_img07_2026-05-27_164940.png | fw111thset_batch_22_xl-soft-and-plush-sherbert-peavock-vintage-chenille-bathrobe_img08_2026-05-27_164945.png | fw111thset_batch_22_xl-soft-and-plush-sherbert-peavock-vintage-chenille-bathrobe_img09_2026-05-27_164951.png,02_All_Listings_By_Set/fw111thset_batch_22/Cropped_Images,02_All_Listings_By_Set/fw111thset_batch_22/Listing_Info/listing_info.txt,02_All_Listings_By_Set/fw111thset_batch_22/Original_Screenshots_Backup,listing_text_extracted,needs_review,needs_review,YES,Screenshot 2026-05-27 at 4.49.08 PM.png: needs_review - Automatic crop passed layout checks. Possible Etsy overlay inside product photo. | Screenshot 2026-05-27 at 4.49.08 PM_1.png: needs_review - Automatic crop passed layout checks. Possible Etsy overlay inside product photo.,draft_needs_review,YES,,,,Bathrobe,,FALSE,,
112,fw112thset_batch_03,fw112thset_batch_03,02_All_Listings_By_Set/fw112thset_batch_03,"Medium heavy and plush ""Peachy Triple Peacock"" vintage chenille bathrobe upcycled from hand tufted 'double' chenille bedspread Heavy 'double' chenille; which has the background chenille created by the manufacturer,","Heavy 'double' chenille; which has the background chenille created by the manufacturer,
and the hand tufted design on top of the manufactured chenille tufting. Gorgeous
Peavock with lots of colors, including peachy pink tail feathers. Two more smaller
peacocks are in the front of the robe, along with some scallops and more flowers.
Sleeves are blue 'double wedding ring' design, very traditional. Size medium can fit up
to a woman's size 12, with pockets. Machine washable too!
Chenille bedspreads were created and manufactured in the US during the 1930s to the
1950s; much of it was hand tufted. The hand tufting process was often a series of knots
tied in a pre-printed design onto cotton (muslin) fabric. These one-of-a-kind bedspreads
varied by the tufter, as well as by materials used.
The production of chenille stopped in the United States after about 1960, and much of it
is being up cycled and given new life. Since the supply of vintage chenille is limited and
finite, it has become more difficult to find! Although chenille is durable, it can suffer
wear over time that may take the form of thinning lines of chenille, skipped spots where","Heavy 'double' chenille; which has the background chenille created by the manufacturer, and the hand tufted design on top of the manufactured chenille tufting. Gorgeous Peavock with lots of colors, including peachy pink tail feathers. Tw...",medium-heavy-and-plush-peachy-triple-peacock-vintage-chenille-bathrobe-upcycled,FW-112-B03,"vintage, chenille, bathrobe, robe, upcycled, bedspread, peacock, flower, cotton, hand tufted, plush, heavy","chenille, cotton, bedspread, hand tufted, vintage",9,fw112thset_batch_03_medium-heavy-and-plush-peachy-triple-peacock-vintage-chenill_img01_2026-05-27_164740.png,fw112thset_batch_03_medium-heavy-and-plush-peachy-triple-peacock-vintage-chenill_img01_2026-05-27_164740.png | fw112thset_batch_03_medium-heavy-and-plush-peachy-triple-peacock-vintage-chenill_img02_2026-05-27_164747.png | fw112thset_batch_03_medium-heavy-and-plush-peachy-triple-peacock-vintage-chenill_img03_2026-05-27_164752.png | fw112thset_batch_03_medium-heavy-and-plush-peachy-triple-peacock-vintage-chenill_img04_2026-05-27_164756.png | fw112thset_batch_03_medium-heavy-and-plush-peachy-triple-peacock-vintage-chenill_img05_2026-05-27_164801.png | fw112thset_batch_03_medium-heavy-and-plush-peachy-triple-peacock-vintage-chenill_img06_2026-05-27_164806.png | fw112thset_batch_03_medium-heavy-and-plush-peachy-triple-peacock-vintage-chenill_img07_2026-05-27_164811.png | fw112thset_batch_03_medium-heavy-and-plush-peachy-triple-peacock-vintage-chenill_img08_2026-05-27_164817.png | fw112thset_batch_03_medium-heavy-and-plush-peachy-triple-peacock-vintage-chenill_img09_2026-05-27_164822.png,02_All_Listings_By_Set/fw112thset_batch_03/Cropped_Images,02_All_Listings_By_Set/fw112thset_batch_03/Listing_Info/listing_info.txt,02_All_Listings_By_Set/fw112thset_batch_03/Original_Screenshots_Backup,listing_text_extracted,needs_review,needs_review,YES,Screenshot 2026-05-27 at 4.47.40 PM.png: needs_review - Automatic crop passed layout checks. Possible Etsy overlay inside product photo.,draft_needs_review,YES,,,,Bathrobe,,FALSE,,
114,fw114thset_batch_04,fw114thset_batch_04,02_All_Listings_By_Set/fw114thset_batch_04,"Small heavy ""Dusty Rose Quadruple Peacock"" chenille bathrobe upcycled from vintage hand tufted chenille bedspreads","This small can fit up to a woman's size 8, with pockets. Four (!) peacocks...large one in
the back, another large one AND two more tiny ones in the front! The chenille used in
this robe is sturdy and heavier than most, keep you nice and toasty! Each of the FOUR
peacocks is in beautiful colors of peach, blue, red and green. The sleeves match the
peach in the peacocks, and the green leaves match too! Peacocks coming and going...
All vintage fabrics have a history prior to being upcycled, some were more loved than
others. The majority of my creations are made from vintage fabrics, and I wash/dry them
prior to upcycling. I check each linen carefully, and work around any stains, pinholes
and/or missing chenille. I am human, however; and sometimes miss things. I document
the issues and relay them in the description. I did not notice any problems in this
garment.","This small can fit up to a woman's size 8, with pockets. Four (!) peacocks...large one in the back, another large one AND two more tiny ones in the front! The chenille used in this robe is sturdy and heavier than most, keep you nice and...",small-heavy-dusty-rose-quadruple-peacock-chenille-bathrobe-upcycled-from-vintage,FW-114-B04,"vintage, chenille, bathrobe, robe, upcycled, bedspread, peacock, rose, hand tufted, heavy","chenille, bedspread, hand tufted, vintage",9,fw114thset_batch_04_small-heavy-dusty-rose-quadruple-peacock-chenille-bathrobe-u_img01_2026-05-27_195349.png,fw114thset_batch_04_small-heavy-dusty-rose-quadruple-peacock-chenille-bathrobe-u_img01_2026-05-27_195349.png | fw114thset_batch_04_small-heavy-dusty-rose-quadruple-peacock-chenille-bathrobe-u_img02_2026-05-27_195355.png | fw114thset_batch_04_small-heavy-dusty-rose-quadruple-peacock-chenille-bathrobe-u_img03_2026-05-27_195359.png | fw114thset_batch_04_small-heavy-dusty-rose-quadruple-peacock-chenille-bathrobe-u_img04_2026-05-27_195404.png | fw114thset_batch_04_small-heavy-dusty-rose-quadruple-peacock-chenille-bathrobe-u_img05_2026-05-27_195410.png | fw114thset_batch_04_small-heavy-dusty-rose-quadruple-peacock-chenille-bathrobe-u_img06_2026-05-27_195416.png | fw114thset_batch_04_small-heavy-dusty-rose-quadruple-peacock-chenille-bathrobe-u_img07_2026-05-27_195421.png | fw114thset_batch_04_small-heavy-dusty-rose-quadruple-peacock-chenille-bathrobe-u_img08_2026-05-27_195426.png | fw114thset_batch_04_small-heavy-dusty-rose-quadruple-peacock-chenille-bathrobe-u_img09_2026-05-27_195431.png,02_All_Listings_By_Set/fw114thset_batch_04/Cropped_Images,02_All_Listings_By_Set/fw114thset_batch_04/Listing_Info/listing_info.txt,02_All_Listings_By_Set/fw114thset_batch_04/Original_Screenshots_Backup,listing_text_extracted,needs_review,needs_review,YES,Screenshot 2026-05-27 at 7.53.49 PM.png: needs_review - Automatic crop passed layout checks. Possible Etsy overlay inside product photo. | Screenshot 2026-05-27 at 7.54.04 PM.png: needs_review - Crop width is outside expected product-photo range. | Screenshot 2026-05-27 at 7.54.10 PM.png: needs_review - Crop width is outside expected product-photo range.,draft_needs_review,YES,,,,Bathrobe,,FALSE,,
115,fw115thset_batch_05,fw115thset_batch_05,02_All_Listings_By_Set/fw115thset_batch_05,"Large lightweight ""All American"" vintage chenille bathrobe upcycled from'youth' hand tufted chenille bedspread Football moms/wives, this is your bathrobe! Looks like a football player kicking the","Football moms/wives, this is your bathrobe! Looks like a football player kicking the
football over the goal line. The bedspread is a 'youth' chenille, in the 1950s this was a
popular type of bedspread to put on your child's bed...most likely in this case a young
boy. The sleeves are made of a bright blue chenille, with stars on it (for the 'star' football
player), and the image on the back of the robe is of a football player kicking a field goal.
Large can fit up to a woman's size 18, with pockets; machine washable too.
Chenille bedspreads were created and manufactured in the US during the 1930s to the
1950s; much of it was hand tufted. The hand tufting process was often a series of knots
tied in a pre-printed design onto cotton (muslin) fabric. These one-of-a-kind bedspreads
varied by the tufter, as well as by materials used.
The production of chenille stopped in the United States after about 1960, and much of it
is being up cycled and given new life. Since the supply of vintage chenille is limited and
finite, it has become more difficult to find! Although chenille is durable, it can suffer
wear over time that may take the form of thinning lines of chenille, skipped spots where","Football moms/wives, this is your bathrobe! Looks like a football player kicking the football over the goal line. The bedspread is a 'youth' chenille, in the 1950s this was a popular type of bedspread to put on your child's bed...most li...",large-lightweight-all-american-vintage-chenille-bathrobe-upcycled-from-youth-han,FW-115-B05,"vintage, chenille, bathrobe, robe, upcycled, bedspread, cotton, hand tufted","chenille, cotton, bedspread, hand tufted, vintage",9,fw115thset_batch_05_large-lightweight-all-american-vintage-chenille-bathrobe-upc_img01_2026-05-27_195157.png,fw115thset_batch_05_large-lightweight-all-american-vintage-chenille-bathrobe-upc_img01_2026-05-27_195157.png | fw115thset_batch_05_large-lightweight-all-american-vintage-chenille-bathrobe-upc_img02_2026-05-27_195204.png | fw115thset_batch_05_large-lightweight-all-american-vintage-chenille-bathrobe-upc_img03_2026-05-27_195210.png | fw115thset_batch_05_large-lightweight-all-american-vintage-chenille-bathrobe-upc_img04_2026-05-27_195220.png | fw115thset_batch_05_large-lightweight-all-american-vintage-chenille-bathrobe-upc_img05_2026-05-27_195225.png | fw115thset_batch_05_large-lightweight-all-american-vintage-chenille-bathrobe-upc_img06_2026-05-27_195229.png | fw115thset_batch_05_large-lightweight-all-american-vintage-chenille-bathrobe-upc_img07_2026-05-27_195235.png | fw115thset_batch_05_large-lightweight-all-american-vintage-chenille-bathrobe-upc_img08_2026-05-27_195241.png | fw115thset_batch_05_large-lightweight-all-american-vintage-chenille-bathrobe-upc_img09_2026-05-27_195246.png,02_All_Listings_By_Set/fw115thset_batch_05/Cropped_Images,02_All_Listings_By_Set/fw115thset_batch_05/Listing_Info/listing_info.txt,02_All_Listings_By_Set/fw115thset_batch_05/Original_Screenshots_Backup,listing_text_extracted,needs_review,needs_review,YES,Screenshot 2026-05-27 at 7.51.57 PM.png: needs_review - Automatic crop passed layout checks. Possible Etsy overlay inside product photo.,draft_needs_review,YES,,,,Bathrobe,,FALSE,,
116,fw116thset_batch_06,fw116thset_batch_06,02_All_Listings_By_Set/fw116thset_batch_06,"Medium plush and heavy ""Dawn in the Forest"" peacock chenille bathrobe Upcycled from vintage hand tufted vintage chenille bedspreads","Heavy chenille, plush tufting! Check out the tail, you cannot even see the3 backing
under the tail it is so plush. Pretty colors, that forest green in the tail of the peacock
along with yellow cranberry and peach, so pretty! Plush peach sleeves match the peach
in the peacock's tail perfectly.
Medium can fit up to a woman's size 12, with pockets. Machine washable.
Chenille bedspreads were created and manufactured in the US during the 1930s to the
1950s; much of it was hand tufted. The hand tufting process was often a series of knots
tied in a pre-printed design onto cotton (muslin) fabric. These one-of-a-kind bedspreads
varied by the tufter, as well as by materials used.
The production of chenille stopped in the United States after about 1960, and much of it
is being up cycled and given new life. Since the supply of vintage chenille is limited and
finite, it has become more difficult to find! Although chenille is durable, it can suffer
wear over time that may take the form of thinning lines of chenille, skipped spots where
chenille has come out; small pinholes, or variations in color. If any of these","Heavy chenille, plush tufting! Check out the tail, you cannot even see the3 backing under the tail it is so plush. Pretty colors, that forest green in the tail of the peacock along with yellow cranberry and peach, so pretty! Plush peach...",medium-plush-and-heavy-dawn-in-the-forest-peacock-chenille-bathrobe-upcycled-fro,FW-116-B06,"vintage, chenille, bathrobe, robe, upcycled, bedspread, peacock, cotton, hand tufted, plush, heavy","chenille, cotton, bedspread, hand tufted, vintage",12,fw116thset_batch_06_medium-plush-and-heavy-dawn-in-the-forest-peacock-chenille-b_img01_2026-05-27_200629.png,fw116thset_batch_06_medium-plush-and-heavy-dawn-in-the-forest-peacock-chenille-b_img01_2026-05-27_200629.png | fw116thset_batch_06_medium-plush-and-heavy-dawn-in-the-forest-peacock-chenille-b_img02_2026-05-27_200634.png | fw116thset_batch_06_medium-plush-and-heavy-dawn-in-the-forest-peacock-chenille-b_img03_2026-05-27_200639.png | fw116thset_batch_06_medium-plush-and-heavy-dawn-in-the-forest-peacock-chenille-b_img04_2026-05-27_200643.png | fw116thset_batch_06_medium-plush-and-heavy-dawn-in-the-forest-peacock-chenille-b_img05_2026-05-27_200723.png | fw116thset_batch_06_medium-plush-and-heavy-dawn-in-the-forest-peacock-chenille-b_img06_2026-05-27_200730.png | fw116thset_batch_06_medium-plush-and-heavy-dawn-in-the-forest-peacock-chenille-b_img07_2026-05-27_200742.png | fw116thset_batch_06_medium-plush-and-heavy-dawn-in-the-forest-peacock-chenille-b_img08_2026-05-27_200751.png | fw116thset_batch_06_medium-plush-and-heavy-dawn-in-the-forest-peacock-chenille-b_img09_2026-05-27_200804.png | fw116thset_batch_06_medium-plush-and-heavy-dawn-in-the-forest-peacock-chenille-b_img10_2026-05-27_200815.png | fw116thset_batch_06_medium-plush-and-heavy-dawn-in-the-forest-peacock-chenille-b_img11_2026-05-27_200823.png | fw116thset_batch_06_medium-plush-and-heavy-dawn-in-the-forest-peacock-chenille-b_img12_2026-05-27_200829.png,02_All_Listings_By_Set/fw116thset_batch_06/Cropped_Images,02_All_Listings_By_Set/fw116thset_batch_06/Listing_Info/listing_info.txt,02_All_Listings_By_Set/fw116thset_batch_06/Original_Screenshots_Backup,listing_text_extracted,cropped,completed,NO,,draft_ready_for_review,YES,,,,Bathrobe,,FALSE,,
117,fw117thset_batch_07,fw117thset_batch_07,02_All_Listings_By_Set/fw117thset_batch_07,"Medium plush and soft ""Daisies at Sunset"" vintage chenille bathrobe upcycled from rare purple hand tufted chenille bedspreads","The chenille this bathrobe was created from is soft and plush; in excellent vintage shape.
Purple on purple, very rare; not many of this color combo in my shop or in existance,
especially in this great shape. Fran Drescher of 'The Nanny' would have loved this robe,
just her style. Lots of purple and white curly cues all over, and yellow daisies to boot!
The front of the robe is a bit 'high/low' since that end of the bedspread was curved, I
captured the curve at the front of the robe panels.
White sleeves with more curly cues, AND some green leaves and vines as well. Deep
pockets on both sides make it functional and warm. Medium can fit up to a woman's size
12, machine washable too.
Chenille bedspreads were created and manufactured in the US during the 1930s to the
1950s; much of it was hand tufted. The hand tufting process was often a series of knots
tied in a pre-printed design onto cotton (muslin) fabric. These one-of-a-kind bedspreads
varied by the tufter, as well as by materials used.
The nraduntion of chenille conned in the Ilnited Statec after ahnut 10kN and much of it","The chenille this bathrobe was created from is soft and plush; in excellent vintage shape. Purple on purple, very rare; not many of this color combo in my shop or in existance, especially in this great shape. Fran Drescher of 'The Nanny'...",medium-plush-and-soft-daisies-at-sunset-vintage-chenille-bathrobe-upcycled-from,FW-117-B07,"vintage, chenille, bathrobe, robe, upcycled, bedspread, cotton, hand tufted, plush","chenille, cotton, bedspread, hand tufted, vintage",8,fw117thset_batch_07_medium-plush-and-soft-daisies-at-sunset-vintage-chenille-bat_img01_2026-05-28_074639.png,fw117thset_batch_07_medium-plush-and-soft-daisies-at-sunset-vintage-chenille-bat_img01_2026-05-28_074639.png | fw117thset_batch_07_medium-plush-and-soft-daisies-at-sunset-vintage-chenille-bat_img02_2026-05-28_074644.png | fw117thset_batch_07_medium-plush-and-soft-daisies-at-sunset-vintage-chenille-bat_img03_2026-05-28_074649.png | fw117thset_batch_07_medium-plush-and-soft-daisies-at-sunset-vintage-chenille-bat_img04_2026-05-28_074654.png | fw117thset_batch_07_medium-plush-and-soft-daisies-at-sunset-vintage-chenille-bat_img05_2026-05-28_074659.png | fw117thset_batch_07_medium-plush-and-soft-daisies-at-sunset-vintage-chenille-bat_img06_2026-05-28_074703.png | fw117thset_batch_07_medium-plush-and-soft-daisies-at-sunset-vintage-chenille-bat_img07_2026-05-28_074708.png | fw117thset_batch_07_medium-plush-and-soft-daisies-at-sunset-vintage-chenille-bat_img08_2026-05-28_074713.png,02_All_Listings_By_Set/fw117thset_batch_07/Cropped_Images,02_All_Listings_By_Set/fw117thset_batch_07/Listing_Info/listing_info.txt,02_All_Listings_By_Set/fw117thset_batch_07/Original_Screenshots_Backup,listing_text_extracted,needs_review,needs_review,YES,Screenshot 2026-05-28 at 7.46.39 AM.png: needs_review - Automatic crop passed layout checks. Possible Etsy overlay inside product photo.,draft_needs_review,YES,,,,Bathrobe,,FALSE,,
119,fw119thset_batch_08,fw119thset_batch_08,02_All_Listings_By_Set/fw119thset_batch_08,"Large Uber plush and heavy ""Midnight Blooms"" chenille bathrobe upcycled from vintage hand tufted chenille bedspreads Thio roudl hluo id poro in chanilla, doronidlya0₺hathad eotniu0d$t0 ünh ddd aur timo!","This royal blue is rare in chenille; especially one that has retained its rich color over time!
The chenille in this robe is so plush, I broke 3 machine needles sewing it! Absolutely
gorgeous quality, very unusual to find one this color and in such excellent vintage shape.
Those big orange flowers on the robe match the orange of the plush sleeves perfectly.
Colors in the video are not true, photograph colors are accurate
This large will fit up to a woman's size 18, with pockets. Machine washable too!
Chenille bedspreads were created and manufactured in the US during the 1930s to the
1950s; much of it was hand tufted. The hand tufting process was often a series of knots
tied in a pre-printed design onto cotton (muslin) fabric. These one-of-a-kind bedspreads
varied by the tufter, as well as by materials used.
The production of chenille stopped in the United States after about 1960, and much of it
is being up cycled and given new life. Since the supply of vintage chenille is limited and
finite, it has become more difficult to find! Although chenille is durable, it can suffer","This royal blue is rare in chenille; especially one that has retained its rich color over time! The chenille in this robe is so plush, I broke 3 machine needles sewing it! Absolutely gorgeous quality, very unusual to find one this color...",large-uber-plush-and-heavy-midnight-blooms-chenille-bathrobe-upcycled-from-vinta,FW-119-B08,"vintage, chenille, bathrobe, robe, upcycled, bedspread, flower, cotton, hand tufted, plush, heavy","chenille, cotton, bedspread, hand tufted, vintage",9,fw119thset_batch_08_large-uber-plush-and-heavy-midnight-blooms-chenille-bathrobe_img01_2026-05-28_074436.png,fw119thset_batch_08_large-uber-plush-and-heavy-midnight-blooms-chenille-bathrobe_img01_2026-05-28_074436.png | fw119thset_batch_08_large-uber-plush-and-heavy-midnight-blooms-chenille-bathrobe_img02_2026-05-28_074441.png | fw119thset_batch_08_large-uber-plush-and-heavy-midnight-blooms-chenille-bathrobe_img03_2026-05-28_074445.png | fw119thset_batch_08_large-uber-plush-and-heavy-midnight-blooms-chenille-bathrobe_img04_2026-05-28_074450.png | fw119thset_batch_08_large-uber-plush-and-heavy-midnight-blooms-chenille-bathrobe_img05_2026-05-28_074454.png | fw119thset_batch_08_large-uber-plush-and-heavy-midnight-blooms-chenille-bathrobe_img06_2026-05-28_074458.png | fw119thset_batch_08_large-uber-plush-and-heavy-midnight-blooms-chenille-bathrobe_img07_2026-05-28_074503.png | fw119thset_batch_08_large-uber-plush-and-heavy-midnight-blooms-chenille-bathrobe_img08_2026-05-28_074508.png | fw119thset_batch_08_large-uber-plush-and-heavy-midnight-blooms-chenille-bathrobe_img09_2026-05-28_074512.png,02_All_Listings_By_Set/fw119thset_batch_08/Cropped_Images,02_All_Listings_By_Set/fw119thset_batch_08/Listing_Info/listing_info.txt,02_All_Listings_By_Set/fw119thset_batch_08/Original_Screenshots_Backup,listing_text_extracted,needs_review,needs_review,YES,Screenshot 2026-05-28 at 7.44.36 AM.png: needs_review - Automatic crop passed layout checks. Possible Etsy overlay inside product photo.,draft_needs_review,YES,,,,Bathrobe,,FALSE,,
120,fw120thset_batch_01,fw120thset_batch_01,02_All_Listings_By_Set/fw120thset_batch_01,Large heavy “Border Flowers” vintage chenille bathrobe upcycled from combo hobnail and chenille bedspread,More later,More later,large-heavy-border-flowers-vintage-chenille-bathrobe-upcycled-from-combo-hobnail,FW-120-B01,"vintage, chenille, bathrobe, robe, upcycled, bedspread, hobnail, flower, heavy","chenille, bedspread, hobnail, vintage",8,fw120thset_batch_01_large-heavy-border-flowers-vintage-chenille-bathrobe-upcycle_img01_2026-05-28_075529.png,fw120thset_batch_01_large-heavy-border-flowers-vintage-chenille-bathrobe-upcycle_img01_2026-05-28_075529.png | fw120thset_batch_01_large-heavy-border-flowers-vintage-chenille-bathrobe-upcycle_img02_2026-05-28_075534.png | fw120thset_batch_01_large-heavy-border-flowers-vintage-chenille-bathrobe-upcycle_img03_2026-05-28_075539.png | fw120thset_batch_01_large-heavy-border-flowers-vintage-chenille-bathrobe-upcycle_img04_2026-05-28_075544.png | fw120thset_batch_01_large-heavy-border-flowers-vintage-chenille-bathrobe-upcycle_img05_2026-05-28_075549.png | fw120thset_batch_01_large-heavy-border-flowers-vintage-chenille-bathrobe-upcycle_img06_2026-05-28_075553.png | fw120thset_batch_01_large-heavy-border-flowers-vintage-chenille-bathrobe-upcycle_img07_2026-05-28_075558.png | fw120thset_batch_01_large-heavy-border-flowers-vintage-chenille-bathrobe-upcycle_img08_2026-05-28_075603.png,02_All_Listings_By_Set/fw120thset_batch_01/Cropped_Images,02_All_Listings_By_Set/fw120thset_batch_01/Listing_Info/listing_info.txt,02_All_Listings_By_Set/fw120thset_batch_01/Original_Screenshots_Backup,listing_text_extracted,needs_review,needs_review,YES,Screenshot 2026-05-28 at 7.55.29 AM.png: needs_review - Automatic crop passed layout checks. Possible Etsy overlay inside product photo.,draft_needs_review,YES,,,,Bathrobe,,FALSE,,
121,fw121stset_batch_09,fw121stset_batch_09,02_All_Listings_By_Set/fw121stset_batch_09,"Large heavy ""Border Flowers"" vintage chenille bathrobe upcycled from combo hobnail and chenille bedspread",More later,More later,large-heavy-border-flowers-vintage-chenille-bathrobe-upcycled-from-combo-hobnail,FW-121-B09,"vintage, chenille, bathrobe, robe, upcycled, bedspread, hobnail, flower, heavy","chenille, bedspread, hobnail, vintage",8,fw121stset_batch_09_large-heavy-border-flowers-vintage-chenille-bathrobe-upcycle_img01_2026-05-28_075422.png,fw121stset_batch_09_large-heavy-border-flowers-vintage-chenille-bathrobe-upcycle_img01_2026-05-28_075422.png | fw121stset_batch_09_large-heavy-border-flowers-vintage-chenille-bathrobe-upcycle_img02_2026-05-28_075427.png | fw121stset_batch_09_large-heavy-border-flowers-vintage-chenille-bathrobe-upcycle_img03_2026-05-28_075432.png | fw121stset_batch_09_large-heavy-border-flowers-vintage-chenille-bathrobe-upcycle_img04_2026-05-28_075436.png | fw121stset_batch_09_large-heavy-border-flowers-vintage-chenille-bathrobe-upcycle_img05_2026-05-28_075440.png | fw121stset_batch_09_large-heavy-border-flowers-vintage-chenille-bathrobe-upcycle_img06_2026-05-28_075444.png | fw121stset_batch_09_large-heavy-border-flowers-vintage-chenille-bathrobe-upcycle_img07_2026-05-28_075449.png | fw121stset_batch_09_large-heavy-border-flowers-vintage-chenille-bathrobe-upcycle_img08_2026-05-28_075453.png,02_All_Listings_By_Set/fw121stset_batch_09/Cropped_Images,02_All_Listings_By_Set/fw121stset_batch_09/Listing_Info/listing_info.txt,02_All_Listings_By_Set/fw121stset_batch_09/Original_Screenshots_Backup,listing_text_extracted,needs_review,needs_review,YES,Screenshot 2026-05-28 at 7.54.22 AM.png: needs_review - Automatic crop passed layout checks. Possible Etsy overlay inside product photo.,draft_needs_review,YES,,,,Bathrobe,,FALSE,,
122,fw122ndset_batch_10,fw122ndset_batch_10,02_All_Listings_By_Set/fw122ndset_batch_10,"L midlength soft ""Sassy Fringed"" vintage chenille bathrobe upcycled from handtufted hobnail and regular hand tufted chenille bedspreads","The vintage chenille I used to create this unusual bathrobe is a classic design, I cut it a
bit shorter (should fall just below the knees) so that I could capture and incorporate
those awesome fringes at the bottom. The hand tufting on this chenille was both
'regular' tufted chenille as well as 'hobnail' tufting. Hobnail is a closed loop tuft, where
the regular tufting has loose open ends. Very sturdy backing, thick for a chenille
bedspread. Those khaki green sleeves match the hobnail tufting perfectly.
XL can fit up to a woman's size 24, with pockets. Machine washable too.
Chenille bedspreads were created and manufactured in the US during the 1930s to the
1950s; much of it was hand tufted. The hand tufting process was often a series of knots
tied in a pre-printed design onto cotton (muslin) fabric. These one-of-a-kind bedspreads
varied by the tufter, as well as by materials used.
The production of chenille stopped in the United States after about 1960, and much of it
is being up cycled and given new life. Since the supply of vintage chenille is limited and
finite, it has become more difficult to find! Although chenille is durable, it can suffer
11)","The vintage chenille I used to create this unusual bathrobe is a classic design, I cut it a bit shorter (should fall just below the knees) so that I could capture and incorporate those awesome fringes at the bottom. The hand tufting on t...",l-midlength-soft-sassy-fringed-vintage-chenille-bathrobe-upcycled-from-handtufte,FW-122-B10,"vintage, chenille, bathrobe, robe, upcycled, bedspread, hobnail, cotton, hand tufted","chenille, cotton, bedspread, hobnail, hand tufted, vintage",9,fw122ndset_batch_10_l-midlength-soft-sassy-fringed-vintage-chenille-bathrobe-upc_img01_2026-05-28_075252.png,fw122ndset_batch_10_l-midlength-soft-sassy-fringed-vintage-chenille-bathrobe-upc_img01_2026-05-28_075252.png | fw122ndset_batch_10_l-midlength-soft-sassy-fringed-vintage-chenille-bathrobe-upc_img02_2026-05-28_075300.png | fw122ndset_batch_10_l-midlength-soft-sassy-fringed-vintage-chenille-bathrobe-upc_img03_2026-05-28_075305.png | fw122ndset_batch_10_l-midlength-soft-sassy-fringed-vintage-chenille-bathrobe-upc_img04_2026-05-28_075309.png | fw122ndset_batch_10_l-midlength-soft-sassy-fringed-vintage-chenille-bathrobe-upc_img05_2026-05-28_075313.png | fw122ndset_batch_10_l-midlength-soft-sassy-fringed-vintage-chenille-bathrobe-upc_img06_2026-05-28_075320.png | fw122ndset_batch_10_l-midlength-soft-sassy-fringed-vintage-chenille-bathrobe-upc_img07_2026-05-28_075325.png | fw122ndset_batch_10_l-midlength-soft-sassy-fringed-vintage-chenille-bathrobe-upc_img08_2026-05-28_075330.png | fw122ndset_batch_10_l-midlength-soft-sassy-fringed-vintage-chenille-bathrobe-upc_img09_2026-05-28_075335.png,02_All_Listings_By_Set/fw122ndset_batch_10/Cropped_Images,02_All_Listings_By_Set/fw122ndset_batch_10/Listing_Info/listing_info.txt,02_All_Listings_By_Set/fw122ndset_batch_10/Original_Screenshots_Backup,listing_text_extracted,needs_review,needs_review,YES,Screenshot 2026-05-28 at 7.52.52 AM.png: needs_review - Automatic crop passed layout checks. Possible Etsy overlay inside product photo. | Screenshot 2026-05-28 at 7.53.20 AM.png: needs_review - Crop width is outside expected product-photo range.,draft_needs_review,YES,,,,Bathrobe,,FALSE,,
