Handle,Title,Body (HTML),Vendor,Product Category,Type,Tags,Published,Option1 Name,Option1 Value,Variant SKU,Variant Price,Variant Requires Shipping,Variant Taxable,Image Src,Image Position,Image Alt Text,Status
manual-transcription-needed,[Manual transcription needed],<p>[Manual transcription needed]</p>,,,,,FALSE,Title,Default Title,FW-037-B23,,TRUE,TRUE,https://jonathankhobson.github.io/shareables/assets/etsy-image-rescue-2026-05-29/images/fw37thset-batch-23_01_fw37thset-batch-23-untitled-listing-img01-2026-05-26-083416.jpg,1,[Manual transcription needed],draft
manual-transcription-needed,,,,,,,,,,,,,,https://jonathankhobson.github.io/shareables/assets/etsy-image-rescue-2026-05-29/images/fw37thset-batch-23_02_fw37thset-batch-23-untitled-listing-img02-2026-05-26-083425.jpg,2,[Manual transcription needed],
manual-transcription-needed,,,,,,,,,,,,,,https://jonathankhobson.github.io/shareables/assets/etsy-image-rescue-2026-05-29/images/fw37thset-batch-23_03_fw37thset-batch-23-untitled-listing-img03-2026-05-26-083431.jpg,3,[Manual transcription needed],
manual-transcription-needed,,,,,,,,,,,,,,https://jonathankhobson.github.io/shareables/assets/etsy-image-rescue-2026-05-29/images/fw37thset-batch-23_04_fw37thset-batch-23-untitled-listing-img04-2026-05-26-083437.jpg,4,[Manual transcription needed],
manual-transcription-needed,,,,,,,,,,,,,,https://jonathankhobson.github.io/shareables/assets/etsy-image-rescue-2026-05-29/images/fw37thset-batch-23_05_fw37thset-batch-23-untitled-listing-img05-2026-05-26-083442.jpg,5,[Manual transcription needed],
large-lightweight-shortie-blues-vintage-chenille-bathrobe-upcycled-from-hand-tuf,"Large lightweight ""Shortie Blues"" vintage chenille bathrobe upcycled from hand tufted chenille bedspreads","<p>Requests for shorter (than ankle length) bathrobes...another! This one is a large (can fit
up to a woman&#x27;s size 16) and is full of fun flowers; front and back, even the cuffs.
Lightweight and soft, sleeves are an hombre style of blue tufting.
Large can fit up to a woman&#x27;s size 16, with pockets; machine washable too.
Chenille bedspreads were created and manufactured in the US during the 1930s to the
1950s; much of it was hand tufted. The hand tufting process was often a series of knots
tied in a pre-printed design onto cotton (muslin) fabric. These one-of-a-kind bedspreads
varied by the tufter, as well as by materials used.
The production of chenille stopped in the United States after about 1960, and much of it
is being up cycled and given new life. Since the supply of vintage chenille is limited and
finite, it has become more difficult to find! Although chenille is durable, it can suffer
wear over time that may take the form of thinning lines of chenille, skipped spots where
chenille has come out; small pinholes, or variations in color. If any of these
imnarfantione ara natal luill mantian tham in tha danarintion halaur
hut hamalien tha</p>",,,Bathrobe,"vintage, chenille, bathrobe, robe, upcycled, bedspread, flower, cotton, hand tufted",FALSE,Title,Default Title,FW-073-B24,,TRUE,TRUE,https://jonathankhobson.github.io/shareables/assets/etsy-image-rescue-2026-05-29/images/fw73rdset-batch-24_01_fw73rdset-batch-24-large-lightweight-shortie-blues-vintage-chenille-ba.jpg,1,"Large lightweight ""Shortie Blues"" vintage chenille bathrobe upcycled from hand tufted chenille bedspreads",draft
large-lightweight-shortie-blues-vintage-chenille-bathrobe-upcycled-from-hand-tuf,,,,,Bathrobe,"vintage, chenille, bathrobe, robe, upcycled, bedspread, flower, cotton, hand tufted",,,,,,,,https://jonathankhobson.github.io/shareables/assets/etsy-image-rescue-2026-05-29/images/fw73rdset-batch-24_02_fw73rdset-batch-24-large-lightweight-shortie-blues-vintage-chenille-ba.jpg,2,"Large lightweight ""Shortie Blues"" vintage chenille bathrobe upcycled from hand tufted chenille bedspreads",
large-lightweight-shortie-blues-vintage-chenille-bathrobe-upcycled-from-hand-tuf,,,,,Bathrobe,"vintage, chenille, bathrobe, robe, upcycled, bedspread, flower, cotton, hand tufted",,,,,,,,https://jonathankhobson.github.io/shareables/assets/etsy-image-rescue-2026-05-29/images/fw73rdset-batch-24_03_fw73rdset-batch-24-large-lightweight-shortie-blues-vintage-chenille-ba.jpg,3,"Large lightweight ""Shortie Blues"" vintage chenille bathrobe upcycled from hand tufted chenille bedspreads",
large-lightweight-shortie-blues-vintage-chenille-bathrobe-upcycled-from-hand-tuf,,,,,Bathrobe,"vintage, chenille, bathrobe, robe, upcycled, bedspread, flower, cotton, hand tufted",,,,,,,,https://jonathankhobson.github.io/shareables/assets/etsy-image-rescue-2026-05-29/images/fw73rdset-batch-24_04_fw73rdset-batch-24-large-lightweight-shortie-blues-vintage-chenille-ba.jpg,4,"Large lightweight ""Shortie Blues"" vintage chenille bathrobe upcycled from hand tufted chenille bedspreads",
large-lightweight-shortie-blues-vintage-chenille-bathrobe-upcycled-from-hand-tuf,,,,,Bathrobe,"vintage, chenille, bathrobe, robe, upcycled, bedspread, flower, cotton, hand tufted",,,,,,,,https://jonathankhobson.github.io/shareables/assets/etsy-image-rescue-2026-05-29/images/fw73rdset-batch-24_05_fw73rdset-batch-24-large-lightweight-shortie-blues-vintage-chenille-ba.jpg,5,"Large lightweight ""Shortie Blues"" vintage chenille bathrobe upcycled from hand tufted chenille bedspreads",
large-lightweight-shortie-blues-vintage-chenille-bathrobe-upcycled-from-hand-tuf,,,,,Bathrobe,"vintage, chenille, bathrobe, robe, upcycled, bedspread, flower, cotton, hand tufted",,,,,,,,https://jonathankhobson.github.io/shareables/assets/etsy-image-rescue-2026-05-29/images/fw73rdset-batch-24_06_fw73rdset-batch-24-large-lightweight-shortie-blues-vintage-chenille-ba.jpg,6,"Large lightweight ""Shortie Blues"" vintage chenille bathrobe upcycled from hand tufted chenille bedspreads",
large-lightweight-shortie-blues-vintage-chenille-bathrobe-upcycled-from-hand-tuf,,,,,Bathrobe,"vintage, chenille, bathrobe, robe, upcycled, bedspread, flower, cotton, hand tufted",,,,,,,,https://jonathankhobson.github.io/shareables/assets/etsy-image-rescue-2026-05-29/images/fw73rdset-batch-24_07_fw73rdset-batch-24-large-lightweight-shortie-blues-vintage-chenille-ba.jpg,7,"Large lightweight ""Shortie Blues"" vintage chenille bathrobe upcycled from hand tufted chenille bedspreads",
large-lightweight-shortie-blues-vintage-chenille-bathrobe-upcycled-from-hand-tuf,,,,,Bathrobe,"vintage, chenille, bathrobe, robe, upcycled, bedspread, flower, cotton, hand tufted",,,,,,,,https://jonathankhobson.github.io/shareables/assets/etsy-image-rescue-2026-05-29/images/fw73rdset-batch-24_08_fw73rdset-batch-24-large-lightweight-shortie-blues-vintage-chenille-ba.jpg,8,"Large lightweight ""Shortie Blues"" vintage chenille bathrobe upcycled from hand tufted chenille bedspreads",
large-lightweight-shortie-blues-vintage-chenille-bathrobe-upcycled-from-hand-tuf,,,,,Bathrobe,"vintage, chenille, bathrobe, robe, upcycled, bedspread, flower, cotton, hand tufted",,,,,,,,https://jonathankhobson.github.io/shareables/assets/etsy-image-rescue-2026-05-29/images/fw73rdset-batch-24_09_fw73rdset-batch-24-large-lightweight-shortie-blues-vintage-chenille-ba.jpg,9,"Large lightweight ""Shortie Blues"" vintage chenille bathrobe upcycled from hand tufted chenille bedspreads",
medium-plush-waffles-in-the-garden-vintage-chenille-bathrobe-upcycled-from-hand,"Medium plush ""Waffles in the Garden"" vintage chenille bathrobe upcycled from hand tufted chenille bedspreads","<p>The vintage chenille bedspread used to create this bathrobe is a &#x27;double&#x27; chenille, where
the background chenille (usually white) is matching generated, and the designs are
tufted on top. The background chenille in this bathrobe is a &#x27;waffle&#x27; chenille, if you zoom
in you can see it is square. The hand tufting takes the form of the pretty flowers and
bows on top of the background chenille.
This bathrobe is very symmetrical, as that is how the bedspread was designed. I love to
create bathrobes out of this design, as it is easier to match the connecting parts. A
medium can fit up to a woman&#x27;s size 12, with pockets; machine washable too!
Chenille bedspreads were created and manufactured in the US during the 1930s to the
1950s; much of it was hand tufted. The hand tufting process was often a series of knots
tied in a pre-printed design onto cotton (muslin) fabric. These one-of-a-kind bedspreads
varied by the tufter, as well as by materials used.
The production of chenille stopped in the United States after about 1960, and much of it
is being up cycled and given new life. Since the supply of vintage chenille is limited and</p>",,,Bathrobe,"vintage, chenille, bathrobe, robe, upcycled, bedspread, flower, cotton, hand tufted, plush",FALSE,Title,Default Title,FW-074-B25,,TRUE,TRUE,https://jonathankhobson.github.io/shareables/assets/etsy-image-rescue-2026-05-29/images/fw74thset-batch-25_01_fw74thset-batch-25-medium-plush-waffles-in-the-garden-vintage-chenille.jpg,1,"Medium plush ""Waffles in the Garden"" vintage chenille bathrobe upcycled from hand tufted chenille bedspreads",draft
medium-plush-waffles-in-the-garden-vintage-chenille-bathrobe-upcycled-from-hand,,,,,Bathrobe,"vintage, chenille, bathrobe, robe, upcycled, bedspread, flower, cotton, hand tufted, plush",,,,,,,,https://jonathankhobson.github.io/shareables/assets/etsy-image-rescue-2026-05-29/images/fw74thset-batch-25_02_fw74thset-batch-25-medium-plush-waffles-in-the-garden-vintage-chenille.jpg,2,"Medium plush ""Waffles in the Garden"" vintage chenille bathrobe upcycled from hand tufted chenille bedspreads",
medium-plush-waffles-in-the-garden-vintage-chenille-bathrobe-upcycled-from-hand,,,,,Bathrobe,"vintage, chenille, bathrobe, robe, upcycled, bedspread, flower, cotton, hand tufted, plush",,,,,,,,https://jonathankhobson.github.io/shareables/assets/etsy-image-rescue-2026-05-29/images/fw74thset-batch-25_03_fw74thset-batch-25-medium-plush-waffles-in-the-garden-vintage-chenille.jpg,3,"Medium plush ""Waffles in the Garden"" vintage chenille bathrobe upcycled from hand tufted chenille bedspreads",
medium-plush-waffles-in-the-garden-vintage-chenille-bathrobe-upcycled-from-hand,,,,,Bathrobe,"vintage, chenille, bathrobe, robe, upcycled, bedspread, flower, cotton, hand tufted, plush",,,,,,,,https://jonathankhobson.github.io/shareables/assets/etsy-image-rescue-2026-05-29/images/fw74thset-batch-25_04_fw74thset-batch-25-medium-plush-waffles-in-the-garden-vintage-chenille.jpg,4,"Medium plush ""Waffles in the Garden"" vintage chenille bathrobe upcycled from hand tufted chenille bedspreads",
medium-plush-waffles-in-the-garden-vintage-chenille-bathrobe-upcycled-from-hand,,,,,Bathrobe,"vintage, chenille, bathrobe, robe, upcycled, bedspread, flower, cotton, hand tufted, plush",,,,,,,,https://jonathankhobson.github.io/shareables/assets/etsy-image-rescue-2026-05-29/images/fw74thset-batch-25_05_fw74thset-batch-25-medium-plush-waffles-in-the-garden-vintage-chenille.jpg,5,"Medium plush ""Waffles in the Garden"" vintage chenille bathrobe upcycled from hand tufted chenille bedspreads",
medium-plush-waffles-in-the-garden-vintage-chenille-bathrobe-upcycled-from-hand,,,,,Bathrobe,"vintage, chenille, bathrobe, robe, upcycled, bedspread, flower, cotton, hand tufted, plush",,,,,,,,https://jonathankhobson.github.io/shareables/assets/etsy-image-rescue-2026-05-29/images/fw74thset-batch-25_06_fw74thset-batch-25-medium-plush-waffles-in-the-garden-vintage-chenille.jpg,6,"Medium plush ""Waffles in the Garden"" vintage chenille bathrobe upcycled from hand tufted chenille bedspreads",
medium-plush-waffles-in-the-garden-vintage-chenille-bathrobe-upcycled-from-hand,,,,,Bathrobe,"vintage, chenille, bathrobe, robe, upcycled, bedspread, flower, cotton, hand tufted, plush",,,,,,,,https://jonathankhobson.github.io/shareables/assets/etsy-image-rescue-2026-05-29/images/fw74thset-batch-25_07_fw74thset-batch-25-medium-plush-waffles-in-the-garden-vintage-chenille.jpg,7,"Medium plush ""Waffles in the Garden"" vintage chenille bathrobe upcycled from hand tufted chenille bedspreads",
medium-plush-waffles-in-the-garden-vintage-chenille-bathrobe-upcycled-from-hand,,,,,Bathrobe,"vintage, chenille, bathrobe, robe, upcycled, bedspread, flower, cotton, hand tufted, plush",,,,,,,,https://jonathankhobson.github.io/shareables/assets/etsy-image-rescue-2026-05-29/images/fw74thset-batch-25_08_fw74thset-batch-25-medium-plush-waffles-in-the-garden-vintage-chenille.jpg,8,"Medium plush ""Waffles in the Garden"" vintage chenille bathrobe upcycled from hand tufted chenille bedspreads",
medium-plush-waffles-in-the-garden-vintage-chenille-bathrobe-upcycled-from-hand,,,,,Bathrobe,"vintage, chenille, bathrobe, robe, upcycled, bedspread, flower, cotton, hand tufted, plush",,,,,,,,https://jonathankhobson.github.io/shareables/assets/etsy-image-rescue-2026-05-29/images/fw74thset-batch-25_09_fw74thset-batch-25-medium-plush-waffles-in-the-garden-vintage-chenille.jpg,9,"Medium plush ""Waffles in the Garden"" vintage chenille bathrobe upcycled from hand tufted chenille bedspreads",
2x-long-and-plush-plum-perfect-vintage-chenille-bathrobe-upcycled-from-hand-tuft,"2X long and plush ""Plum Perfect"" vintage chenille bathrobe upcycled from hand tufted peacock chenille bedspread","<p>The king of purple peacocks, so big that the tail goes across the entire back panel and
laps over onto each side as well. I cut this as a 2X due to the size of the tail, so that I
could capture the whole thing! Very plush and such vibrant colors against that tan
background; and the front has those amazing cathedral windows and oodles of flowers.
Sleeves are loaded with more purple daisies, that matches that fabulous peacock tail.
2X can fit up to a woman&#x27;s size 26, with pockets. Melissa Mccarthy wore one of my
gorgeous peacock robes in her recent movie &#x27;Genie&#x27;, her was a 3X for reference. The
mannequin in the photos is a size 18 for reference as well.
Chenille bedspreads were created and manufactured in the US during the 1930s to the
1950s; much of it was hand tufted. The hand tufting process was often a series of knots
tied in a pre-printed design onto cotton (muslin) fabric. These one-of-a-kind bedspreads
varied by the tufter, as well as by materials used.
The production of chenille stopped in the United States after about 1960, and much of it
is being up cycled and given new life. Since the supply of vintage chenille is limited and</p>",,,Bathrobe,"vintage, chenille, bathrobe, robe, upcycled, bedspread, peacock, flower, cotton, hand tufted, plush",FALSE,Title,Default Title,FW-075-B26,,TRUE,TRUE,https://jonathankhobson.github.io/shareables/assets/etsy-image-rescue-2026-05-29/images/fw75thset-batch-26_01_fw75thset-batch-26-2x-long-and-plush-plum-perfect-vintage-chenille-bat.jpg,1,"2X long and plush ""Plum Perfect"" vintage chenille bathrobe upcycled from hand tufted peacock chenille bedspread",draft
2x-long-and-plush-plum-perfect-vintage-chenille-bathrobe-upcycled-from-hand-tuft,,,,,Bathrobe,"vintage, chenille, bathrobe, robe, upcycled, bedspread, peacock, flower, cotton, hand tufted, plush",,,,,,,,https://jonathankhobson.github.io/shareables/assets/etsy-image-rescue-2026-05-29/images/fw75thset-batch-26_02_fw75thset-batch-26-2x-long-and-plush-plum-perfect-vintage-chenille-bat.jpg,2,"2X long and plush ""Plum Perfect"" vintage chenille bathrobe upcycled from hand tufted peacock chenille bedspread",
2x-long-and-plush-plum-perfect-vintage-chenille-bathrobe-upcycled-from-hand-tuft,,,,,Bathrobe,"vintage, chenille, bathrobe, robe, upcycled, bedspread, peacock, flower, cotton, hand tufted, plush",,,,,,,,https://jonathankhobson.github.io/shareables/assets/etsy-image-rescue-2026-05-29/images/fw75thset-batch-26_03_fw75thset-batch-26-2x-long-and-plush-plum-perfect-vintage-chenille-bat.jpg,3,"2X long and plush ""Plum Perfect"" vintage chenille bathrobe upcycled from hand tufted peacock chenille bedspread",
2x-long-and-plush-plum-perfect-vintage-chenille-bathrobe-upcycled-from-hand-tuft,,,,,Bathrobe,"vintage, chenille, bathrobe, robe, upcycled, bedspread, peacock, flower, cotton, hand tufted, plush",,,,,,,,https://jonathankhobson.github.io/shareables/assets/etsy-image-rescue-2026-05-29/images/fw75thset-batch-26_04_fw75thset-batch-26-2x-long-and-plush-plum-perfect-vintage-chenille-bat.jpg,4,"2X long and plush ""Plum Perfect"" vintage chenille bathrobe upcycled from hand tufted peacock chenille bedspread",
2x-long-and-plush-plum-perfect-vintage-chenille-bathrobe-upcycled-from-hand-tuft,,,,,Bathrobe,"vintage, chenille, bathrobe, robe, upcycled, bedspread, peacock, flower, cotton, hand tufted, plush",,,,,,,,https://jonathankhobson.github.io/shareables/assets/etsy-image-rescue-2026-05-29/images/fw75thset-batch-26_05_fw75thset-batch-26-2x-long-and-plush-plum-perfect-vintage-chenille-bat.jpg,5,"2X long and plush ""Plum Perfect"" vintage chenille bathrobe upcycled from hand tufted peacock chenille bedspread",
2x-long-and-plush-plum-perfect-vintage-chenille-bathrobe-upcycled-from-hand-tuft,,,,,Bathrobe,"vintage, chenille, bathrobe, robe, upcycled, bedspread, peacock, flower, cotton, hand tufted, plush",,,,,,,,https://jonathankhobson.github.io/shareables/assets/etsy-image-rescue-2026-05-29/images/fw75thset-batch-26_06_fw75thset-batch-26-2x-long-and-plush-plum-perfect-vintage-chenille-bat.jpg,6,"2X long and plush ""Plum Perfect"" vintage chenille bathrobe upcycled from hand tufted peacock chenille bedspread",
2x-long-and-plush-plum-perfect-vintage-chenille-bathrobe-upcycled-from-hand-tuft,,,,,Bathrobe,"vintage, chenille, bathrobe, robe, upcycled, bedspread, peacock, flower, cotton, hand tufted, plush",,,,,,,,https://jonathankhobson.github.io/shareables/assets/etsy-image-rescue-2026-05-29/images/fw75thset-batch-26_07_fw75thset-batch-26-2x-long-and-plush-plum-perfect-vintage-chenille-bat.jpg,7,"2X long and plush ""Plum Perfect"" vintage chenille bathrobe upcycled from hand tufted peacock chenille bedspread",
2x-long-and-plush-plum-perfect-vintage-chenille-bathrobe-upcycled-from-hand-tuft,,,,,Bathrobe,"vintage, chenille, bathrobe, robe, upcycled, bedspread, peacock, flower, cotton, hand tufted, plush",,,,,,,,https://jonathankhobson.github.io/shareables/assets/etsy-image-rescue-2026-05-29/images/fw75thset-batch-26_08_fw75thset-batch-26-2x-long-and-plush-plum-perfect-vintage-chenille-bat.jpg,8,"2X long and plush ""Plum Perfect"" vintage chenille bathrobe upcycled from hand tufted peacock chenille bedspread",
2x-long-and-plush-plum-perfect-vintage-chenille-bathrobe-upcycled-from-hand-tuft,,,,,Bathrobe,"vintage, chenille, bathrobe, robe, upcycled, bedspread, peacock, flower, cotton, hand tufted, plush",,,,,,,,https://jonathankhobson.github.io/shareables/assets/etsy-image-rescue-2026-05-29/images/fw75thset-batch-26_09_fw75thset-batch-26-2x-long-and-plush-plum-perfect-vintage-chenille-bat.jpg,9,"2X long and plush ""Plum Perfect"" vintage chenille bathrobe upcycled from hand tufted peacock chenille bedspread",
small-lightweight-touch-of-purple-vintage-chenille-bathrobe-upcycled-from-hand-t,Small lightweight 'Touch of Purple' vintage chenille bathrobe upcycled from hand tufted chenille bedspread,"<p>Lightweight and soft, this beauty is a purple lovers dream...Lots of purple in the body of
the robe; and those sleeves!
Small can fit up to a woman&#x27;s size 8, with pockets; machine washable too.
Chenille bedspreads were created and manufactured in the US during the 1930s to the
1950s; much of it was hand tufted. The hand tufting process was often a series of knots
tied in a pre-printed design onto cotton (muslin) fabric. These one-of-a-kind bedspreads
varied by the tufter, as well as by materials used.
The production of chenille stopped in the United States after about 1960, and much of it
is being up cycled and given new life. Since the supply of vintage chenille is limited and
finite, it has become more difficult to find! Although chenille is durable, it can suffer
wear over time that may take the form of thinning lines of chenille, skipped spots where
chenille has come out; small pinholes, or variations in color. If any of these
imperfections are notable, I will mention them in the description below, but because the
chenille is true vintage or antique, the journey it has made prior to becoming this</p>",,,Bathrobe,"vintage, chenille, bathrobe, robe, upcycled, bedspread, cotton, hand tufted",FALSE,Title,Default Title,FW-076-B27,,TRUE,TRUE,https://jonathankhobson.github.io/shareables/assets/etsy-image-rescue-2026-05-29/images/fw76thset-batch-27_01_fw76thset-batch-27-small-lightweight-touch-of-purple-vintage-chenille.jpg,1,Small lightweight 'Touch of Purple' vintage chenille bathrobe upcycled from hand tufted chenille bedspread,draft
small-lightweight-touch-of-purple-vintage-chenille-bathrobe-upcycled-from-hand-t,,,,,Bathrobe,"vintage, chenille, bathrobe, robe, upcycled, bedspread, cotton, hand tufted",,,,,,,,https://jonathankhobson.github.io/shareables/assets/etsy-image-rescue-2026-05-29/images/fw76thset-batch-27_02_fw76thset-batch-27-small-lightweight-touch-of-purple-vintage-chenille.jpg,2,Small lightweight 'Touch of Purple' vintage chenille bathrobe upcycled from hand tufted chenille bedspread,
small-lightweight-touch-of-purple-vintage-chenille-bathrobe-upcycled-from-hand-t,,,,,Bathrobe,"vintage, chenille, bathrobe, robe, upcycled, bedspread, cotton, hand tufted",,,,,,,,https://jonathankhobson.github.io/shareables/assets/etsy-image-rescue-2026-05-29/images/fw76thset-batch-27_03_fw76thset-batch-27-small-lightweight-touch-of-purple-vintage-chenille.jpg,3,Small lightweight 'Touch of Purple' vintage chenille bathrobe upcycled from hand tufted chenille bedspread,
small-lightweight-touch-of-purple-vintage-chenille-bathrobe-upcycled-from-hand-t,,,,,Bathrobe,"vintage, chenille, bathrobe, robe, upcycled, bedspread, cotton, hand tufted",,,,,,,,https://jonathankhobson.github.io/shareables/assets/etsy-image-rescue-2026-05-29/images/fw76thset-batch-27_04_fw76thset-batch-27-small-lightweight-touch-of-purple-vintage-chenille.jpg,4,Small lightweight 'Touch of Purple' vintage chenille bathrobe upcycled from hand tufted chenille bedspread,
small-lightweight-touch-of-purple-vintage-chenille-bathrobe-upcycled-from-hand-t,,,,,Bathrobe,"vintage, chenille, bathrobe, robe, upcycled, bedspread, cotton, hand tufted",,,,,,,,https://jonathankhobson.github.io/shareables/assets/etsy-image-rescue-2026-05-29/images/fw76thset-batch-27_05_fw76thset-batch-27-small-lightweight-touch-of-purple-vintage-chenille.jpg,5,Small lightweight 'Touch of Purple' vintage chenille bathrobe upcycled from hand tufted chenille bedspread,
small-lightweight-touch-of-purple-vintage-chenille-bathrobe-upcycled-from-hand-t,,,,,Bathrobe,"vintage, chenille, bathrobe, robe, upcycled, bedspread, cotton, hand tufted",,,,,,,,https://jonathankhobson.github.io/shareables/assets/etsy-image-rescue-2026-05-29/images/fw76thset-batch-27_06_fw76thset-batch-27-small-lightweight-touch-of-purple-vintage-chenille.jpg,6,Small lightweight 'Touch of Purple' vintage chenille bathrobe upcycled from hand tufted chenille bedspread,
small-lightweight-touch-of-purple-vintage-chenille-bathrobe-upcycled-from-hand-t,,,,,Bathrobe,"vintage, chenille, bathrobe, robe, upcycled, bedspread, cotton, hand tufted",,,,,,,,https://jonathankhobson.github.io/shareables/assets/etsy-image-rescue-2026-05-29/images/fw76thset-batch-27_07_fw76thset-batch-27-small-lightweight-touch-of-purple-vintage-chenille.jpg,7,Small lightweight 'Touch of Purple' vintage chenille bathrobe upcycled from hand tufted chenille bedspread,
small-lightweight-touch-of-purple-vintage-chenille-bathrobe-upcycled-from-hand-t,,,,,Bathrobe,"vintage, chenille, bathrobe, robe, upcycled, bedspread, cotton, hand tufted",,,,,,,,https://jonathankhobson.github.io/shareables/assets/etsy-image-rescue-2026-05-29/images/fw76thset-batch-27_08_fw76thset-batch-27-small-lightweight-touch-of-purple-vintage-chenille.jpg,8,Small lightweight 'Touch of Purple' vintage chenille bathrobe upcycled from hand tufted chenille bedspread,
large-long-bluebirds-of-happiness-vintage-chenille-bathrobe-upcycled-from-hand-t,"Large long ""Bluebirds of Happiness"" vintage chenille bathrobe upcycled from hand tufted chenille bedspreads","<p>This bathrobe was made from a &#x27;double&#x27; chenille vintage chenille bedspread. I have had
this particular bedspread before, the bathrobe I created from this one is extra long, the
new owner should be at least 5&#x27;4&quot; or taller.
The body of this robe is a butter yellow chenille with those awesome bluebirds soaring
overhead. There were a couple stains that i covered with additional purple daisies, you
can see them randomly sprinkled in the robe.
A large can fit up to a woman&#x27;s size 18, with pockets. This robe is lightweight, a summer
robe for sure. Chenille bedspreads were created and manufactured in the US during the
1930s to the 1950s; much of it was hand tufted. The hand tufting process was often a
series of knots tied in a pre-printed design onto cotton (muslin) fabric. These one-of-a-
kind bedspreads varied by the tufter, as well as by materials used.
The production of chenille stopped in the United States after about 1960, and much of it
is being up cycled and given new life. Since the supply of vintage chenille is limited and
finite, it has become more difficult to find! Although chenille is durable, it can suffer</p>",,,Bathrobe,"vintage, chenille, bathrobe, robe, upcycled, bedspread, cotton, hand tufted",FALSE,Title,Default Title,FW-079-B28,,TRUE,TRUE,https://jonathankhobson.github.io/shareables/assets/etsy-image-rescue-2026-05-29/images/fw79thset-batch-28_01_fw79thset-batch-28-large-long-bluebirds-of-happiness-vintage-chenille.jpg,1,"Large long ""Bluebirds of Happiness"" vintage chenille bathrobe upcycled from hand tufted chenille bedspreads",draft
large-long-bluebirds-of-happiness-vintage-chenille-bathrobe-upcycled-from-hand-t,,,,,Bathrobe,"vintage, chenille, bathrobe, robe, upcycled, bedspread, cotton, hand tufted",,,,,,,,https://jonathankhobson.github.io/shareables/assets/etsy-image-rescue-2026-05-29/images/fw79thset-batch-28_02_fw79thset-batch-28-large-long-bluebirds-of-happiness-vintage-chenille.jpg,2,"Large long ""Bluebirds of Happiness"" vintage chenille bathrobe upcycled from hand tufted chenille bedspreads",
large-long-bluebirds-of-happiness-vintage-chenille-bathrobe-upcycled-from-hand-t,,,,,Bathrobe,"vintage, chenille, bathrobe, robe, upcycled, bedspread, cotton, hand tufted",,,,,,,,https://jonathankhobson.github.io/shareables/assets/etsy-image-rescue-2026-05-29/images/fw79thset-batch-28_03_fw79thset-batch-28-large-long-bluebirds-of-happiness-vintage-chenille.jpg,3,"Large long ""Bluebirds of Happiness"" vintage chenille bathrobe upcycled from hand tufted chenille bedspreads",
large-long-bluebirds-of-happiness-vintage-chenille-bathrobe-upcycled-from-hand-t,,,,,Bathrobe,"vintage, chenille, bathrobe, robe, upcycled, bedspread, cotton, hand tufted",,,,,,,,https://jonathankhobson.github.io/shareables/assets/etsy-image-rescue-2026-05-29/images/fw79thset-batch-28_04_fw79thset-batch-28-large-long-bluebirds-of-happiness-vintage-chenille.jpg,4,"Large long ""Bluebirds of Happiness"" vintage chenille bathrobe upcycled from hand tufted chenille bedspreads",
large-long-bluebirds-of-happiness-vintage-chenille-bathrobe-upcycled-from-hand-t,,,,,Bathrobe,"vintage, chenille, bathrobe, robe, upcycled, bedspread, cotton, hand tufted",,,,,,,,https://jonathankhobson.github.io/shareables/assets/etsy-image-rescue-2026-05-29/images/fw79thset-batch-28_05_fw79thset-batch-28-large-long-bluebirds-of-happiness-vintage-chenille.jpg,5,"Large long ""Bluebirds of Happiness"" vintage chenille bathrobe upcycled from hand tufted chenille bedspreads",
large-long-bluebirds-of-happiness-vintage-chenille-bathrobe-upcycled-from-hand-t,,,,,Bathrobe,"vintage, chenille, bathrobe, robe, upcycled, bedspread, cotton, hand tufted",,,,,,,,https://jonathankhobson.github.io/shareables/assets/etsy-image-rescue-2026-05-29/images/fw79thset-batch-28_06_fw79thset-batch-28-large-long-bluebirds-of-happiness-vintage-chenille.jpg,6,"Large long ""Bluebirds of Happiness"" vintage chenille bathrobe upcycled from hand tufted chenille bedspreads",
large-long-bluebirds-of-happiness-vintage-chenille-bathrobe-upcycled-from-hand-t,,,,,Bathrobe,"vintage, chenille, bathrobe, robe, upcycled, bedspread, cotton, hand tufted",,,,,,,,https://jonathankhobson.github.io/shareables/assets/etsy-image-rescue-2026-05-29/images/fw79thset-batch-28_07_fw79thset-batch-28-large-long-bluebirds-of-happiness-vintage-chenille.jpg,7,"Large long ""Bluebirds of Happiness"" vintage chenille bathrobe upcycled from hand tufted chenille bedspreads",
large-long-bluebirds-of-happiness-vintage-chenille-bathrobe-upcycled-from-hand-t,,,,,Bathrobe,"vintage, chenille, bathrobe, robe, upcycled, bedspread, cotton, hand tufted",,,,,,,,https://jonathankhobson.github.io/shareables/assets/etsy-image-rescue-2026-05-29/images/fw79thset-batch-28_08_fw79thset-batch-28-large-long-bluebirds-of-happiness-vintage-chenille.jpg,8,"Large long ""Bluebirds of Happiness"" vintage chenille bathrobe upcycled from hand tufted chenille bedspreads",
large-long-bluebirds-of-happiness-vintage-chenille-bathrobe-upcycled-from-hand-t,,,,,Bathrobe,"vintage, chenille, bathrobe, robe, upcycled, bedspread, cotton, hand tufted",,,,,,,,https://jonathankhobson.github.io/shareables/assets/etsy-image-rescue-2026-05-29/images/fw79thset-batch-28_09_fw79thset-batch-28-large-long-bluebirds-of-happiness-vintage-chenille.jpg,9,"Large long ""Bluebirds of Happiness"" vintage chenille bathrobe upcycled from hand tufted chenille bedspreads",
xl-soft-and-lightweight-barbies-easter-basket-chenille-bathrobe-upcycled-from-vi,"XL soft and lightweight ""Barbies Easter Basket"" chenille bathrobe upcycled from vintage handtufted chenille bedspreads badtaaltarYl autofthic doriold bodenrood to ancuro that I anild not tha antiro","<p>I had to cut an XL out of this glorious bedspread, to ensure that I could get the entire
flower basket on the back! So full of those gorgeous daisies, and they are even spilling
over to land on the ground. Front of the robe is full of daisies too, and I used the curly
cue ending for the band collar, to wrap it all together. And those sleeves! Super plush
pink chenille, that adds more interest to this already very busy robe...l think Fran
Drescher (the Nanny) would have loved this robe.
XL can fit up to a woman&#x27;s size 24, with pockets; machine washable too.
Chenille bedspreads were created and manufactured in the US during the 1930s to the
1950s; much of it was hand tufted. The hand tufting process was often a series of knots
tied in a pre-printed design onto cotton (muslin) fabric. These one-of-a-kind bedspreads
varied by the tufter, as well as by materials used.
The production of chenille stopped in the United States after about 1960, and much of it
is being up cycled and given new life. Since the supply of vintage chenille is limited and
finite, it has become more difficult to find! Although chenille is durable, it can suffer
1)</p>",,,Bathrobe,"vintage, chenille, bathrobe, robe, upcycled, bedspread, flower, cotton, hand tufted, plush",FALSE,Title,Default Title,FW-085-B29,,TRUE,TRUE,https://jonathankhobson.github.io/shareables/assets/etsy-image-rescue-2026-05-29/images/fw85thset-batch-29_01_fw85thset-batch-29-xl-soft-and-lightweight-barbies-easter-basket-cheni.jpg,1,"XL soft and lightweight ""Barbies Easter Basket"" chenille bathrobe upcycled from vintage handtufted chenille bedspreads badtaaltarYl autofthic doriold bodenrood to ancuro that I anild not tha antiro",draft
xl-soft-and-lightweight-barbies-easter-basket-chenille-bathrobe-upcycled-from-vi,,,,,Bathrobe,"vintage, chenille, bathrobe, robe, upcycled, bedspread, flower, cotton, hand tufted, plush",,,,,,,,https://jonathankhobson.github.io/shareables/assets/etsy-image-rescue-2026-05-29/images/fw85thset-batch-29_02_fw85thset-batch-29-xl-soft-and-lightweight-barbies-easter-basket-cheni.jpg,2,"XL soft and lightweight ""Barbies Easter Basket"" chenille bathrobe upcycled from vintage handtufted chenille bedspreads badtaaltarYl autofthic doriold bodenrood to ancuro that I anild not tha antiro",
xl-soft-and-lightweight-barbies-easter-basket-chenille-bathrobe-upcycled-from-vi,,,,,Bathrobe,"vintage, chenille, bathrobe, robe, upcycled, bedspread, flower, cotton, hand tufted, plush",,,,,,,,https://jonathankhobson.github.io/shareables/assets/etsy-image-rescue-2026-05-29/images/fw85thset-batch-29_03_fw85thset-batch-29-xl-soft-and-lightweight-barbies-easter-basket-cheni.jpg,3,"XL soft and lightweight ""Barbies Easter Basket"" chenille bathrobe upcycled from vintage handtufted chenille bedspreads badtaaltarYl autofthic doriold bodenrood to ancuro that I anild not tha antiro",
xl-soft-and-lightweight-barbies-easter-basket-chenille-bathrobe-upcycled-from-vi,,,,,Bathrobe,"vintage, chenille, bathrobe, robe, upcycled, bedspread, flower, cotton, hand tufted, plush",,,,,,,,https://jonathankhobson.github.io/shareables/assets/etsy-image-rescue-2026-05-29/images/fw85thset-batch-29_04_fw85thset-batch-29-xl-soft-and-lightweight-barbies-easter-basket-cheni.jpg,4,"XL soft and lightweight ""Barbies Easter Basket"" chenille bathrobe upcycled from vintage handtufted chenille bedspreads badtaaltarYl autofthic doriold bodenrood to ancuro that I anild not tha antiro",
xl-soft-and-lightweight-barbies-easter-basket-chenille-bathrobe-upcycled-from-vi,,,,,Bathrobe,"vintage, chenille, bathrobe, robe, upcycled, bedspread, flower, cotton, hand tufted, plush",,,,,,,,https://jonathankhobson.github.io/shareables/assets/etsy-image-rescue-2026-05-29/images/fw85thset-batch-29_05_fw85thset-batch-29-xl-soft-and-lightweight-barbies-easter-basket-cheni.jpg,5,"XL soft and lightweight ""Barbies Easter Basket"" chenille bathrobe upcycled from vintage handtufted chenille bedspreads badtaaltarYl autofthic doriold bodenrood to ancuro that I anild not tha antiro",
xl-soft-and-lightweight-barbies-easter-basket-chenille-bathrobe-upcycled-from-vi,,,,,Bathrobe,"vintage, chenille, bathrobe, robe, upcycled, bedspread, flower, cotton, hand tufted, plush",,,,,,,,https://jonathankhobson.github.io/shareables/assets/etsy-image-rescue-2026-05-29/images/fw85thset-batch-29_06_fw85thset-batch-29-xl-soft-and-lightweight-barbies-easter-basket-cheni.jpg,6,"XL soft and lightweight ""Barbies Easter Basket"" chenille bathrobe upcycled from vintage handtufted chenille bedspreads badtaaltarYl autofthic doriold bodenrood to ancuro that I anild not tha antiro",
xl-soft-and-lightweight-barbies-easter-basket-chenille-bathrobe-upcycled-from-vi,,,,,Bathrobe,"vintage, chenille, bathrobe, robe, upcycled, bedspread, flower, cotton, hand tufted, plush",,,,,,,,https://jonathankhobson.github.io/shareables/assets/etsy-image-rescue-2026-05-29/images/fw85thset-batch-29_07_fw85thset-batch-29-xl-soft-and-lightweight-barbies-easter-basket-cheni.jpg,7,"XL soft and lightweight ""Barbies Easter Basket"" chenille bathrobe upcycled from vintage handtufted chenille bedspreads badtaaltarYl autofthic doriold bodenrood to ancuro that I anild not tha antiro",
xl-soft-and-lightweight-barbies-easter-basket-chenille-bathrobe-upcycled-from-vi,,,,,Bathrobe,"vintage, chenille, bathrobe, robe, upcycled, bedspread, flower, cotton, hand tufted, plush",,,,,,,,https://jonathankhobson.github.io/shareables/assets/etsy-image-rescue-2026-05-29/images/fw85thset-batch-29_08_fw85thset-batch-29-xl-soft-and-lightweight-barbies-easter-basket-cheni.jpg,8,"XL soft and lightweight ""Barbies Easter Basket"" chenille bathrobe upcycled from vintage handtufted chenille bedspreads badtaaltarYl autofthic doriold bodenrood to ancuro that I anild not tha antiro",
small-soft-and-pretty-tiny-angel-vintage-chenille-bathrobe-upcycled-from-hand-tu,"Small, soft and pretty ""Tiny Angel"" vintage chenille bathrobe upcycled from hand tufted chenille bedspreads","<p>Simple yet beautiful, this robe I used the &#x27;angel&#x27; label due to the tiny wings at the back of
the shoulder...looked like tiny angel wings! Pretty peach and blue flowers at the knees in
back, and sleeves that match the peach flowers. Pretty ribbon running down the front of
both panels.
Medium can fit up to a woman&#x27;s size 12, with pockets. Machine washable.
Chenille bedspreads were created and manufactured in the US during the 1930s to the
1950s; much of it was hand tufted. The hand tufting process was often a series of knots
tied in a pre-printed design onto cotton (muslin) fabric. These one-of-a-kind bedspreads
varied by the tufter, as well as by materials used.
The production of chenille stopped in the United States after about 1960, and much of it
is being up cycled and given new life. Since the supply of vintage chenille is limited and
finite, it has become more difficult to find! Although chenille is durable, it can suffer
wear over time that may take the form of thinning lines of chenille, skipped spots where
chenille has come out; small pinholes, or variations in color. If any of these</p>",,,Bathrobe,"vintage, chenille, bathrobe, robe, upcycled, bedspread, flower, cotton, hand tufted",FALSE,Title,Default Title,FW-086-B30,,TRUE,TRUE,https://jonathankhobson.github.io/shareables/assets/etsy-image-rescue-2026-05-29/images/fw86thset-batch-30_01_fw86thset-batch-30-small-soft-and-pretty-tiny-angel-vintage-chenille-b.jpg,1,"Small, soft and pretty ""Tiny Angel"" vintage chenille bathrobe upcycled from hand tufted chenille bedspreads",draft
small-soft-and-pretty-tiny-angel-vintage-chenille-bathrobe-upcycled-from-hand-tu,,,,,Bathrobe,"vintage, chenille, bathrobe, robe, upcycled, bedspread, flower, cotton, hand tufted",,,,,,,,https://jonathankhobson.github.io/shareables/assets/etsy-image-rescue-2026-05-29/images/fw86thset-batch-30_02_fw86thset-batch-30-small-soft-and-pretty-tiny-angel-vintage-chenille-b.jpg,2,"Small, soft and pretty ""Tiny Angel"" vintage chenille bathrobe upcycled from hand tufted chenille bedspreads",
small-soft-and-pretty-tiny-angel-vintage-chenille-bathrobe-upcycled-from-hand-tu,,,,,Bathrobe,"vintage, chenille, bathrobe, robe, upcycled, bedspread, flower, cotton, hand tufted",,,,,,,,https://jonathankhobson.github.io/shareables/assets/etsy-image-rescue-2026-05-29/images/fw86thset-batch-30_03_fw86thset-batch-30-small-soft-and-pretty-tiny-angel-vintage-chenille-b.jpg,3,"Small, soft and pretty ""Tiny Angel"" vintage chenille bathrobe upcycled from hand tufted chenille bedspreads",
small-soft-and-pretty-tiny-angel-vintage-chenille-bathrobe-upcycled-from-hand-tu,,,,,Bathrobe,"vintage, chenille, bathrobe, robe, upcycled, bedspread, flower, cotton, hand tufted",,,,,,,,https://jonathankhobson.github.io/shareables/assets/etsy-image-rescue-2026-05-29/images/fw86thset-batch-30_04_fw86thset-batch-30-small-soft-and-pretty-tiny-angel-vintage-chenille-b.jpg,4,"Small, soft and pretty ""Tiny Angel"" vintage chenille bathrobe upcycled from hand tufted chenille bedspreads",
small-soft-and-pretty-tiny-angel-vintage-chenille-bathrobe-upcycled-from-hand-tu,,,,,Bathrobe,"vintage, chenille, bathrobe, robe, upcycled, bedspread, flower, cotton, hand tufted",,,,,,,,https://jonathankhobson.github.io/shareables/assets/etsy-image-rescue-2026-05-29/images/fw86thset-batch-30_05_fw86thset-batch-30-small-soft-and-pretty-tiny-angel-vintage-chenille-b.jpg,5,"Small, soft and pretty ""Tiny Angel"" vintage chenille bathrobe upcycled from hand tufted chenille bedspreads",
small-soft-and-pretty-tiny-angel-vintage-chenille-bathrobe-upcycled-from-hand-tu,,,,,Bathrobe,"vintage, chenille, bathrobe, robe, upcycled, bedspread, flower, cotton, hand tufted",,,,,,,,https://jonathankhobson.github.io/shareables/assets/etsy-image-rescue-2026-05-29/images/fw86thset-batch-30_06_fw86thset-batch-30-small-soft-and-pretty-tiny-angel-vintage-chenille-b.jpg,6,"Small, soft and pretty ""Tiny Angel"" vintage chenille bathrobe upcycled from hand tufted chenille bedspreads",
small-soft-and-pretty-tiny-angel-vintage-chenille-bathrobe-upcycled-from-hand-tu,,,,,Bathrobe,"vintage, chenille, bathrobe, robe, upcycled, bedspread, flower, cotton, hand tufted",,,,,,,,https://jonathankhobson.github.io/shareables/assets/etsy-image-rescue-2026-05-29/images/fw86thset-batch-30_07_fw86thset-batch-30-small-soft-and-pretty-tiny-angel-vintage-chenille-b.jpg,7,"Small, soft and pretty ""Tiny Angel"" vintage chenille bathrobe upcycled from hand tufted chenille bedspreads",
small-soft-and-pretty-tiny-angel-vintage-chenille-bathrobe-upcycled-from-hand-tu,,,,,Bathrobe,"vintage, chenille, bathrobe, robe, upcycled, bedspread, flower, cotton, hand tufted",,,,,,,,https://jonathankhobson.github.io/shareables/assets/etsy-image-rescue-2026-05-29/images/fw86thset-batch-30_08_fw86thset-batch-30-small-soft-and-pretty-tiny-angel-vintage-chenille-b.jpg,8,"Small, soft and pretty ""Tiny Angel"" vintage chenille bathrobe upcycled from hand tufted chenille bedspreads",
small-soft-and-pretty-tiny-angel-vintage-chenille-bathrobe-upcycled-from-hand-tu,,,,,Bathrobe,"vintage, chenille, bathrobe, robe, upcycled, bedspread, flower, cotton, hand tufted",,,,,,,,https://jonathankhobson.github.io/shareables/assets/etsy-image-rescue-2026-05-29/images/fw86thset-batch-30_09_fw86thset-batch-30-small-soft-and-pretty-tiny-angel-vintage-chenille-b.jpg,9,"Small, soft and pretty ""Tiny Angel"" vintage chenille bathrobe upcycled from hand tufted chenille bedspreads",
large-heavy-plush-and-extra-long-perfect-peacock-vintage-chenille-bathrobe-upcyc,"Large heavy plush and extra long ""Perfect Peacock"" vintage chenille bathrobe upcycled from hand tufted peacock chenille bedspread Giant peacock, that glorious tail is so big it carries over onto the front panels (make sure","<p>Giant peacock, that glorious tail is so big it carries over onto the front panels (make sure
to check out the side photos and zoom in). Heavy and plushly tufted, this bathrobe will
keep you toasty warm all winter. Gorgeous plum feathers in that tail highlighted with the
plum sleeves to tie everything together. This bathrobe is also a bit longer than most of
mine.
Large can fit up to a woman&#x27;s size 18, with pockets; machine washable too.
Chenille bedspreads were created and manufactured in the US during the 1930s to the
1950s; much of it was hand tufted. The hand tufting process was often a series of knots
tied in a pre-printed design onto cotton (muslin) fabric. These one-of-a-kind bedspreads
varied by the tufter, as well as by materials used.
The production of chenille stopped in the United States after about 1960, and much of it
is being up cycled and given new life. Since the supply of vintage chenille is limited and
finite, it has become more difficult to find! Although chenille is durable, it can suffer
wear over time that may take the form of thinning lines of chenille, skipped spots where
1)</p>",,,Bathrobe,"vintage, chenille, bathrobe, robe, upcycled, bedspread, peacock, cotton, hand tufted, plush, heavy",FALSE,Title,Default Title,FW-087-B31,,TRUE,TRUE,https://jonathankhobson.github.io/shareables/assets/etsy-image-rescue-2026-05-29/images/fw87thset-batch-31_01_fw87thset-batch-31-large-heavy-plush-and-extra-long-perfect-peacock-vi.jpg,1,"Large heavy plush and extra long ""Perfect Peacock"" vintage chenille bathrobe upcycled from hand tufted peacock chenille bedspread Giant peacock, that glorious tail is so big it carries over onto the front panels (make sure",draft
large-heavy-plush-and-extra-long-perfect-peacock-vintage-chenille-bathrobe-upcyc,,,,,Bathrobe,"vintage, chenille, bathrobe, robe, upcycled, bedspread, peacock, cotton, hand tufted, plush, heavy",,,,,,,,https://jonathankhobson.github.io/shareables/assets/etsy-image-rescue-2026-05-29/images/fw87thset-batch-31_02_fw87thset-batch-31-large-heavy-plush-and-extra-long-perfect-peacock-vi.jpg,2,"Large heavy plush and extra long ""Perfect Peacock"" vintage chenille bathrobe upcycled from hand tufted peacock chenille bedspread Giant peacock, that glorious tail is so big it carries over onto the front panels (make sure",
large-heavy-plush-and-extra-long-perfect-peacock-vintage-chenille-bathrobe-upcyc,,,,,Bathrobe,"vintage, chenille, bathrobe, robe, upcycled, bedspread, peacock, cotton, hand tufted, plush, heavy",,,,,,,,https://jonathankhobson.github.io/shareables/assets/etsy-image-rescue-2026-05-29/images/fw87thset-batch-31_03_fw87thset-batch-31-large-heavy-plush-and-extra-long-perfect-peacock-vi.jpg,3,"Large heavy plush and extra long ""Perfect Peacock"" vintage chenille bathrobe upcycled from hand tufted peacock chenille bedspread Giant peacock, that glorious tail is so big it carries over onto the front panels (make sure",
large-heavy-plush-and-extra-long-perfect-peacock-vintage-chenille-bathrobe-upcyc,,,,,Bathrobe,"vintage, chenille, bathrobe, robe, upcycled, bedspread, peacock, cotton, hand tufted, plush, heavy",,,,,,,,https://jonathankhobson.github.io/shareables/assets/etsy-image-rescue-2026-05-29/images/fw87thset-batch-31_04_fw87thset-batch-31-large-heavy-plush-and-extra-long-perfect-peacock-vi.jpg,4,"Large heavy plush and extra long ""Perfect Peacock"" vintage chenille bathrobe upcycled from hand tufted peacock chenille bedspread Giant peacock, that glorious tail is so big it carries over onto the front panels (make sure",
large-heavy-plush-and-extra-long-perfect-peacock-vintage-chenille-bathrobe-upcyc,,,,,Bathrobe,"vintage, chenille, bathrobe, robe, upcycled, bedspread, peacock, cotton, hand tufted, plush, heavy",,,,,,,,https://jonathankhobson.github.io/shareables/assets/etsy-image-rescue-2026-05-29/images/fw87thset-batch-31_05_fw87thset-batch-31-large-heavy-plush-and-extra-long-perfect-peacock-vi.jpg,5,"Large heavy plush and extra long ""Perfect Peacock"" vintage chenille bathrobe upcycled from hand tufted peacock chenille bedspread Giant peacock, that glorious tail is so big it carries over onto the front panels (make sure",
large-heavy-plush-and-extra-long-perfect-peacock-vintage-chenille-bathrobe-upcyc,,,,,Bathrobe,"vintage, chenille, bathrobe, robe, upcycled, bedspread, peacock, cotton, hand tufted, plush, heavy",,,,,,,,https://jonathankhobson.github.io/shareables/assets/etsy-image-rescue-2026-05-29/images/fw87thset-batch-31_06_fw87thset-batch-31-large-heavy-plush-and-extra-long-perfect-peacock-vi.jpg,6,"Large heavy plush and extra long ""Perfect Peacock"" vintage chenille bathrobe upcycled from hand tufted peacock chenille bedspread Giant peacock, that glorious tail is so big it carries over onto the front panels (make sure",
large-heavy-plush-and-extra-long-perfect-peacock-vintage-chenille-bathrobe-upcyc,,,,,Bathrobe,"vintage, chenille, bathrobe, robe, upcycled, bedspread, peacock, cotton, hand tufted, plush, heavy",,,,,,,,https://jonathankhobson.github.io/shareables/assets/etsy-image-rescue-2026-05-29/images/fw87thset-batch-31_07_fw87thset-batch-31-large-heavy-plush-and-extra-long-perfect-peacock-vi.jpg,7,"Large heavy plush and extra long ""Perfect Peacock"" vintage chenille bathrobe upcycled from hand tufted peacock chenille bedspread Giant peacock, that glorious tail is so big it carries over onto the front panels (make sure",
large-heavy-plush-and-extra-long-perfect-peacock-vintage-chenille-bathrobe-upcyc,,,,,Bathrobe,"vintage, chenille, bathrobe, robe, upcycled, bedspread, peacock, cotton, hand tufted, plush, heavy",,,,,,,,https://jonathankhobson.github.io/shareables/assets/etsy-image-rescue-2026-05-29/images/fw87thset-batch-31_08_fw87thset-batch-31-large-heavy-plush-and-extra-long-perfect-peacock-vi.jpg,8,"Large heavy plush and extra long ""Perfect Peacock"" vintage chenille bathrobe upcycled from hand tufted peacock chenille bedspread Giant peacock, that glorious tail is so big it carries over onto the front panels (make sure",
3xl-plush-and-gorgeous-morning-peacock-vintage-chenille-bathrobe-upcycled-from-h,"3XL plush and gorgeous ""Morning Peacock"" vintage chenille bathrobe upcycled from hand tufted vintage chenille bedspread","<p>This is a gorgeous teal-tailed peacock, one of the most popular colors of the era. Plush
and densely tufted the lines of chenille are very thick; this is a heavy bathrobe. So much
to look at all over this amazing bathrobe, that spectacular peacock on the back is just the
beginning. Above the peacock, there is a whole white lattice holding up an arbor of
flowers that spills over the shoulders. On the front, are the amazing cathedral windows
that are so iconic of the era. Each of the cathedral windows has a giant flower too!
Sleeves are a pretty sea glass green, to highlight that color in the tail of the peacock.
Deep pockets on each side provide functionality and comfort, machine washable too!
3XL can fit up to a woman&#x27;s size 28-30; make sure to watch the Melissa McCarthy movie
&#x27;Genie&#x27; during the holidays; she is wearing a gorgeous 2XL peacock in a hilarious
bathroom scene.
Chenille bedspreads were created and manufactured in the US during the 1930s to the
1950s; much of it was hand tufted. The hand tufting process was often a series of knots
tied in a pre-printed design onto cotton (muslin) fabric. These one-of-a-kind bedspreads</p>",,,Bathrobe,"vintage, chenille, bathrobe, robe, upcycled, bedspread, peacock, flower, cotton, hand tufted, plush, heavy",FALSE,Title,Default Title,FW-088-B32,,TRUE,TRUE,https://jonathankhobson.github.io/shareables/assets/etsy-image-rescue-2026-05-29/images/fw88thset-batch-32_01_fw88thset-batch-32-3xl-plush-and-gorgeous-morning-peacock-vintage-chen.jpg,1,"3XL plush and gorgeous ""Morning Peacock"" vintage chenille bathrobe upcycled from hand tufted vintage chenille bedspread",draft
3xl-plush-and-gorgeous-morning-peacock-vintage-chenille-bathrobe-upcycled-from-h,,,,,Bathrobe,"vintage, chenille, bathrobe, robe, upcycled, bedspread, peacock, flower, cotton, hand tufted, plush, heavy",,,,,,,,https://jonathankhobson.github.io/shareables/assets/etsy-image-rescue-2026-05-29/images/fw88thset-batch-32_02_fw88thset-batch-32-3xl-plush-and-gorgeous-morning-peacock-vintage-chen.jpg,2,"3XL plush and gorgeous ""Morning Peacock"" vintage chenille bathrobe upcycled from hand tufted vintage chenille bedspread",
3xl-plush-and-gorgeous-morning-peacock-vintage-chenille-bathrobe-upcycled-from-h,,,,,Bathrobe,"vintage, chenille, bathrobe, robe, upcycled, bedspread, peacock, flower, cotton, hand tufted, plush, heavy",,,,,,,,https://jonathankhobson.github.io/shareables/assets/etsy-image-rescue-2026-05-29/images/fw88thset-batch-32_03_fw88thset-batch-32-3xl-plush-and-gorgeous-morning-peacock-vintage-chen.jpg,3,"3XL plush and gorgeous ""Morning Peacock"" vintage chenille bathrobe upcycled from hand tufted vintage chenille bedspread",
3xl-plush-and-gorgeous-morning-peacock-vintage-chenille-bathrobe-upcycled-from-h,,,,,Bathrobe,"vintage, chenille, bathrobe, robe, upcycled, bedspread, peacock, flower, cotton, hand tufted, plush, heavy",,,,,,,,https://jonathankhobson.github.io/shareables/assets/etsy-image-rescue-2026-05-29/images/fw88thset-batch-32_04_fw88thset-batch-32-3xl-plush-and-gorgeous-morning-peacock-vintage-chen.jpg,4,"3XL plush and gorgeous ""Morning Peacock"" vintage chenille bathrobe upcycled from hand tufted vintage chenille bedspread",
3xl-plush-and-gorgeous-morning-peacock-vintage-chenille-bathrobe-upcycled-from-h,,,,,Bathrobe,"vintage, chenille, bathrobe, robe, upcycled, bedspread, peacock, flower, cotton, hand tufted, plush, heavy",,,,,,,,https://jonathankhobson.github.io/shareables/assets/etsy-image-rescue-2026-05-29/images/fw88thset-batch-32_05_fw88thset-batch-32-3xl-plush-and-gorgeous-morning-peacock-vintage-chen.jpg,5,"3XL plush and gorgeous ""Morning Peacock"" vintage chenille bathrobe upcycled from hand tufted vintage chenille bedspread",
3xl-plush-and-gorgeous-morning-peacock-vintage-chenille-bathrobe-upcycled-from-h,,,,,Bathrobe,"vintage, chenille, bathrobe, robe, upcycled, bedspread, peacock, flower, cotton, hand tufted, plush, heavy",,,,,,,,https://jonathankhobson.github.io/shareables/assets/etsy-image-rescue-2026-05-29/images/fw88thset-batch-32_06_fw88thset-batch-32-3xl-plush-and-gorgeous-morning-peacock-vintage-chen.jpg,6,"3XL plush and gorgeous ""Morning Peacock"" vintage chenille bathrobe upcycled from hand tufted vintage chenille bedspread",
3xl-plush-and-gorgeous-morning-peacock-vintage-chenille-bathrobe-upcycled-from-h,,,,,Bathrobe,"vintage, chenille, bathrobe, robe, upcycled, bedspread, peacock, flower, cotton, hand tufted, plush, heavy",,,,,,,,https://jonathankhobson.github.io/shareables/assets/etsy-image-rescue-2026-05-29/images/fw88thset-batch-32_07_fw88thset-batch-32-3xl-plush-and-gorgeous-morning-peacock-vintage-chen.jpg,7,"3XL plush and gorgeous ""Morning Peacock"" vintage chenille bathrobe upcycled from hand tufted vintage chenille bedspread",
3xl-plush-and-gorgeous-morning-peacock-vintage-chenille-bathrobe-upcycled-from-h,,,,,Bathrobe,"vintage, chenille, bathrobe, robe, upcycled, bedspread, peacock, flower, cotton, hand tufted, plush, heavy",,,,,,,,https://jonathankhobson.github.io/shareables/assets/etsy-image-rescue-2026-05-29/images/fw88thset-batch-32_08_fw88thset-batch-32-3xl-plush-and-gorgeous-morning-peacock-vintage-chen.jpg,8,"3XL plush and gorgeous ""Morning Peacock"" vintage chenille bathrobe upcycled from hand tufted vintage chenille bedspread",
3xl-plush-and-gorgeous-morning-peacock-vintage-chenille-bathrobe-upcycled-from-h,,,,,Bathrobe,"vintage, chenille, bathrobe, robe, upcycled, bedspread, peacock, flower, cotton, hand tufted, plush, heavy",,,,,,,,https://jonathankhobson.github.io/shareables/assets/etsy-image-rescue-2026-05-29/images/fw88thset-batch-32_09_fw88thset-batch-32-3xl-plush-and-gorgeous-morning-peacock-vintage-chen.jpg,9,"3XL plush and gorgeous ""Morning Peacock"" vintage chenille bathrobe upcycled from hand tufted vintage chenille bedspread",
3xl-plush-and-gorgeous-morning-peacock-vintage-chenille-bathrobe-upcycled-from-h,,,,,Bathrobe,"vintage, chenille, bathrobe, robe, upcycled, bedspread, peacock, flower, cotton, hand tufted, plush, heavy",,,,,,,,https://jonathankhobson.github.io/shareables/assets/etsy-image-rescue-2026-05-29/images/fw88thset-batch-32_10_fw88thset-batch-32-3xl-plush-and-gorgeous-morning-peacock-vintage-chen.jpg,10,"3XL plush and gorgeous ""Morning Peacock"" vintage chenille bathrobe upcycled from hand tufted vintage chenille bedspread",
small-plushly-tufted-and-heavy-lollipop-flower-garden-vintage-chenille-bathrobe,"Small plushly tufted and heavy ""Lollipop Flower Garden"" vintage chenille bathrobe upcycled from hand tufted chenille bedspreads","<p>Very heavy chenille, not a summer robe for sure! Thickly tufted and heavy, you tiny gals
will love this one...keep you toasty warm in vintage style.
Most vintage chenille flowers take the shape of the &#x27;daisy&#x27;, but not this one! A much
more rare &#x27;lollipop&#x27; flower design, and tufted so thick and heavy its more like the chenille
in a letter sweaters (if you&#x27;re old enough to remember those!). The original bedspread
had those beautiful scallops across the design, and I was able to capture the waves AND
match them closely at the side seams too! This bathrobe looks like it was originally
intended to be a bathrobe, not an upcycled bedspread...zoom in to those side seam pics
to see.
The sea of scallops that I was able to match across the design is matched by the pink in
the sleeves, a perfect match. Small can fit up to a woman&#x27;s size 8, with pockets; machine
washable too.
Chenille bedspreads were created and manufactured in the US during the 1930s to the
1950s; much of it was hand tufted. The hand tufting process was often a series of knots</p>",,,Bathrobe,"vintage, chenille, bathrobe, robe, upcycled, bedspread, flower, hand tufted, plush, heavy",FALSE,Title,Default Title,FW-089-B33,,TRUE,TRUE,https://jonathankhobson.github.io/shareables/assets/etsy-image-rescue-2026-05-29/images/fw89thset-batch-33_01_fw89thset-batch-33-small-plushly-tufted-and-heavy-lollipop-flower-gard.jpg,1,"Small plushly tufted and heavy ""Lollipop Flower Garden"" vintage chenille bathrobe upcycled from hand tufted chenille bedspreads",draft
small-plushly-tufted-and-heavy-lollipop-flower-garden-vintage-chenille-bathrobe,,,,,Bathrobe,"vintage, chenille, bathrobe, robe, upcycled, bedspread, flower, hand tufted, plush, heavy",,,,,,,,https://jonathankhobson.github.io/shareables/assets/etsy-image-rescue-2026-05-29/images/fw89thset-batch-33_02_fw89thset-batch-33-small-plushly-tufted-and-heavy-lollipop-flower-gard.jpg,2,"Small plushly tufted and heavy ""Lollipop Flower Garden"" vintage chenille bathrobe upcycled from hand tufted chenille bedspreads",
small-plushly-tufted-and-heavy-lollipop-flower-garden-vintage-chenille-bathrobe,,,,,Bathrobe,"vintage, chenille, bathrobe, robe, upcycled, bedspread, flower, hand tufted, plush, heavy",,,,,,,,https://jonathankhobson.github.io/shareables/assets/etsy-image-rescue-2026-05-29/images/fw89thset-batch-33_03_fw89thset-batch-33-small-plushly-tufted-and-heavy-lollipop-flower-gard.jpg,3,"Small plushly tufted and heavy ""Lollipop Flower Garden"" vintage chenille bathrobe upcycled from hand tufted chenille bedspreads",
small-plushly-tufted-and-heavy-lollipop-flower-garden-vintage-chenille-bathrobe,,,,,Bathrobe,"vintage, chenille, bathrobe, robe, upcycled, bedspread, flower, hand tufted, plush, heavy",,,,,,,,https://jonathankhobson.github.io/shareables/assets/etsy-image-rescue-2026-05-29/images/fw89thset-batch-33_04_fw89thset-batch-33-small-plushly-tufted-and-heavy-lollipop-flower-gard.jpg,4,"Small plushly tufted and heavy ""Lollipop Flower Garden"" vintage chenille bathrobe upcycled from hand tufted chenille bedspreads",
small-plushly-tufted-and-heavy-lollipop-flower-garden-vintage-chenille-bathrobe,,,,,Bathrobe,"vintage, chenille, bathrobe, robe, upcycled, bedspread, flower, hand tufted, plush, heavy",,,,,,,,https://jonathankhobson.github.io/shareables/assets/etsy-image-rescue-2026-05-29/images/fw89thset-batch-33_05_fw89thset-batch-33-small-plushly-tufted-and-heavy-lollipop-flower-gard.jpg,5,"Small plushly tufted and heavy ""Lollipop Flower Garden"" vintage chenille bathrobe upcycled from hand tufted chenille bedspreads",
small-plushly-tufted-and-heavy-lollipop-flower-garden-vintage-chenille-bathrobe,,,,,Bathrobe,"vintage, chenille, bathrobe, robe, upcycled, bedspread, flower, hand tufted, plush, heavy",,,,,,,,https://jonathankhobson.github.io/shareables/assets/etsy-image-rescue-2026-05-29/images/fw89thset-batch-33_06_fw89thset-batch-33-small-plushly-tufted-and-heavy-lollipop-flower-gard.jpg,6,"Small plushly tufted and heavy ""Lollipop Flower Garden"" vintage chenille bathrobe upcycled from hand tufted chenille bedspreads",
small-plushly-tufted-and-heavy-lollipop-flower-garden-vintage-chenille-bathrobe,,,,,Bathrobe,"vintage, chenille, bathrobe, robe, upcycled, bedspread, flower, hand tufted, plush, heavy",,,,,,,,https://jonathankhobson.github.io/shareables/assets/etsy-image-rescue-2026-05-29/images/fw89thset-batch-33_07_fw89thset-batch-33-small-plushly-tufted-and-heavy-lollipop-flower-gard.jpg,7,"Small plushly tufted and heavy ""Lollipop Flower Garden"" vintage chenille bathrobe upcycled from hand tufted chenille bedspreads",
small-plushly-tufted-and-heavy-lollipop-flower-garden-vintage-chenille-bathrobe,,,,,Bathrobe,"vintage, chenille, bathrobe, robe, upcycled, bedspread, flower, hand tufted, plush, heavy",,,,,,,,https://jonathankhobson.github.io/shareables/assets/etsy-image-rescue-2026-05-29/images/fw89thset-batch-33_08_fw89thset-batch-33-small-plushly-tufted-and-heavy-lollipop-flower-gard.jpg,8,"Small plushly tufted and heavy ""Lollipop Flower Garden"" vintage chenille bathrobe upcycled from hand tufted chenille bedspreads",
small-plushly-tufted-and-heavy-lollipop-flower-garden-vintage-chenille-bathrobe,,,,,Bathrobe,"vintage, chenille, bathrobe, robe, upcycled, bedspread, flower, hand tufted, plush, heavy",,,,,,,,https://jonathankhobson.github.io/shareables/assets/etsy-image-rescue-2026-05-29/images/fw89thset-batch-33_09_fw89thset-batch-33-small-plushly-tufted-and-heavy-lollipop-flower-gard.jpg,9,"Small plushly tufted and heavy ""Lollipop Flower Garden"" vintage chenille bathrobe upcycled from hand tufted chenille bedspreads",
large-super-soft-canary-yellow-vintage-chenille-bathrobe-upcycled-from-hand-tuft,"large super soft ""canary yellow"" vintage chenille bathrobe upcycled from hand tufted chenille bedspread","<p>chenille bedspread
More later</p>",,,Bathrobe,"vintage, chenille, bathrobe, robe, upcycled, bedspread, hand tufted",FALSE,Title,Default Title,FW-090-B34,,TRUE,TRUE,https://jonathankhobson.github.io/shareables/assets/etsy-image-rescue-2026-05-29/images/fw90thset-batch-34_01_fw90thset-batch-34-large-super-soft-canary-yellow-vintage-chenille-bat.jpg,1,"large super soft ""canary yellow"" vintage chenille bathrobe upcycled from hand tufted chenille bedspread",draft
large-super-soft-canary-yellow-vintage-chenille-bathrobe-upcycled-from-hand-tuft,,,,,Bathrobe,"vintage, chenille, bathrobe, robe, upcycled, bedspread, hand tufted",,,,,,,,https://jonathankhobson.github.io/shareables/assets/etsy-image-rescue-2026-05-29/images/fw90thset-batch-34_02_fw90thset-batch-34-large-super-soft-canary-yellow-vintage-chenille-bat.jpg,2,"large super soft ""canary yellow"" vintage chenille bathrobe upcycled from hand tufted chenille bedspread",
large-super-soft-canary-yellow-vintage-chenille-bathrobe-upcycled-from-hand-tuft,,,,,Bathrobe,"vintage, chenille, bathrobe, robe, upcycled, bedspread, hand tufted",,,,,,,,https://jonathankhobson.github.io/shareables/assets/etsy-image-rescue-2026-05-29/images/fw90thset-batch-34_03_fw90thset-batch-34-large-super-soft-canary-yellow-vintage-chenille-bat.jpg,3,"large super soft ""canary yellow"" vintage chenille bathrobe upcycled from hand tufted chenille bedspread",
large-super-soft-canary-yellow-vintage-chenille-bathrobe-upcycled-from-hand-tuft,,,,,Bathrobe,"vintage, chenille, bathrobe, robe, upcycled, bedspread, hand tufted",,,,,,,,https://jonathankhobson.github.io/shareables/assets/etsy-image-rescue-2026-05-29/images/fw90thset-batch-34_04_fw90thset-batch-34-large-super-soft-canary-yellow-vintage-chenille-bat.jpg,4,"large super soft ""canary yellow"" vintage chenille bathrobe upcycled from hand tufted chenille bedspread",
large-super-soft-canary-yellow-vintage-chenille-bathrobe-upcycled-from-hand-tuft,,,,,Bathrobe,"vintage, chenille, bathrobe, robe, upcycled, bedspread, hand tufted",,,,,,,,https://jonathankhobson.github.io/shareables/assets/etsy-image-rescue-2026-05-29/images/fw90thset-batch-34_05_fw90thset-batch-34-large-super-soft-canary-yellow-vintage-chenille-bat.jpg,5,"large super soft ""canary yellow"" vintage chenille bathrobe upcycled from hand tufted chenille bedspread",
large-super-soft-canary-yellow-vintage-chenille-bathrobe-upcycled-from-hand-tuft,,,,,Bathrobe,"vintage, chenille, bathrobe, robe, upcycled, bedspread, hand tufted",,,,,,,,https://jonathankhobson.github.io/shareables/assets/etsy-image-rescue-2026-05-29/images/fw90thset-batch-34_06_fw90thset-batch-34-large-super-soft-canary-yellow-vintage-chenille-bat.jpg,6,"large super soft ""canary yellow"" vintage chenille bathrobe upcycled from hand tufted chenille bedspread",
large-super-soft-canary-yellow-vintage-chenille-bathrobe-upcycled-from-hand-tuft,,,,,Bathrobe,"vintage, chenille, bathrobe, robe, upcycled, bedspread, hand tufted",,,,,,,,https://jonathankhobson.github.io/shareables/assets/etsy-image-rescue-2026-05-29/images/fw90thset-batch-34_07_fw90thset-batch-34-large-super-soft-canary-yellow-vintage-chenille-bat.jpg,7,"large super soft ""canary yellow"" vintage chenille bathrobe upcycled from hand tufted chenille bedspread",
large-super-soft-canary-yellow-vintage-chenille-bathrobe-upcycled-from-hand-tuft,,,,,Bathrobe,"vintage, chenille, bathrobe, robe, upcycled, bedspread, hand tufted",,,,,,,,https://jonathankhobson.github.io/shareables/assets/etsy-image-rescue-2026-05-29/images/fw90thset-batch-34_08_fw90thset-batch-34-large-super-soft-canary-yellow-vintage-chenille-bat.jpg,8,"large super soft ""canary yellow"" vintage chenille bathrobe upcycled from hand tufted chenille bedspread",
small-and-plush-colorful-nanny-vintage-chenille-bathrobe-upcycled-from-hand-tuft,"Small and plush ""Colorful Nanny"" vintage chenille bathrobe upcycled from hand tufted chenille bedspreads Unusual Mattern of chenille the vintade chenille bedsnread l used to create this bathrobe","<p>Unusual pattern of chenille, the vintage chenille bedspread I used to create this bathrobe
was nicely tufted with blue, pink, purple and yellow flowers. These flowers spill over the
shoulders, and appear again at the back of the knees. On the front, lots of flowers
between lines of pink curly cues! Sleeves pick up the unusual royal blue I the body of the
robe.
Small can fit up to a woman&#x27;s size 8, with pockets; machine washable too!
Chenille bedspreads were created and manufactured in the US during the 1930s to the
1950s; much of it was hand tufted. The hand tufting process was often a series of knots
tied in a pre-printed design onto cotton (muslin) fabric. These one-of-a-kind bedspreads
varied by the tufter, as well as by materials used.
The production of chenille stopped in the United States after about 1960, and much of it
is being up cycled and given new life. Since the supply of vintage chenille is limited and
finite, it has become more difficult to find! Although chenille is durable, it can suffer
wear over time that may take the form of thinning lines of chenille, skipped spots where</p>",,,Bathrobe,"vintage, chenille, bathrobe, robe, upcycled, bedspread, flower, cotton, hand tufted, plush",FALSE,Title,Default Title,FW-092-B35,,TRUE,TRUE,https://jonathankhobson.github.io/shareables/assets/etsy-image-rescue-2026-05-29/images/fw92ndset-batch-35_01_fw92ndset-batch-35-small-and-plush-colorful-nanny-vintage-chenille-bat.jpg,1,"Small and plush ""Colorful Nanny"" vintage chenille bathrobe upcycled from hand tufted chenille bedspreads Unusual Mattern of chenille the vintade chenille bedsnread l used to create this bathrobe",draft
small-and-plush-colorful-nanny-vintage-chenille-bathrobe-upcycled-from-hand-tuft,,,,,Bathrobe,"vintage, chenille, bathrobe, robe, upcycled, bedspread, flower, cotton, hand tufted, plush",,,,,,,,https://jonathankhobson.github.io/shareables/assets/etsy-image-rescue-2026-05-29/images/fw92ndset-batch-35_02_fw92ndset-batch-35-small-and-plush-colorful-nanny-vintage-chenille-bat.jpg,2,"Small and plush ""Colorful Nanny"" vintage chenille bathrobe upcycled from hand tufted chenille bedspreads Unusual Mattern of chenille the vintade chenille bedsnread l used to create this bathrobe",
small-and-plush-colorful-nanny-vintage-chenille-bathrobe-upcycled-from-hand-tuft,,,,,Bathrobe,"vintage, chenille, bathrobe, robe, upcycled, bedspread, flower, cotton, hand tufted, plush",,,,,,,,https://jonathankhobson.github.io/shareables/assets/etsy-image-rescue-2026-05-29/images/fw92ndset-batch-35_03_fw92ndset-batch-35-small-and-plush-colorful-nanny-vintage-chenille-bat.jpg,3,"Small and plush ""Colorful Nanny"" vintage chenille bathrobe upcycled from hand tufted chenille bedspreads Unusual Mattern of chenille the vintade chenille bedsnread l used to create this bathrobe",
small-and-plush-colorful-nanny-vintage-chenille-bathrobe-upcycled-from-hand-tuft,,,,,Bathrobe,"vintage, chenille, bathrobe, robe, upcycled, bedspread, flower, cotton, hand tufted, plush",,,,,,,,https://jonathankhobson.github.io/shareables/assets/etsy-image-rescue-2026-05-29/images/fw92ndset-batch-35_04_fw92ndset-batch-35-small-and-plush-colorful-nanny-vintage-chenille-bat.jpg,4,"Small and plush ""Colorful Nanny"" vintage chenille bathrobe upcycled from hand tufted chenille bedspreads Unusual Mattern of chenille the vintade chenille bedsnread l used to create this bathrobe",
small-and-plush-colorful-nanny-vintage-chenille-bathrobe-upcycled-from-hand-tuft,,,,,Bathrobe,"vintage, chenille, bathrobe, robe, upcycled, bedspread, flower, cotton, hand tufted, plush",,,,,,,,https://jonathankhobson.github.io/shareables/assets/etsy-image-rescue-2026-05-29/images/fw92ndset-batch-35_05_fw92ndset-batch-35-small-and-plush-colorful-nanny-vintage-chenille-bat.jpg,5,"Small and plush ""Colorful Nanny"" vintage chenille bathrobe upcycled from hand tufted chenille bedspreads Unusual Mattern of chenille the vintade chenille bedsnread l used to create this bathrobe",
small-and-plush-colorful-nanny-vintage-chenille-bathrobe-upcycled-from-hand-tuft,,,,,Bathrobe,"vintage, chenille, bathrobe, robe, upcycled, bedspread, flower, cotton, hand tufted, plush",,,,,,,,https://jonathankhobson.github.io/shareables/assets/etsy-image-rescue-2026-05-29/images/fw92ndset-batch-35_06_fw92ndset-batch-35-small-and-plush-colorful-nanny-vintage-chenille-bat.jpg,6,"Small and plush ""Colorful Nanny"" vintage chenille bathrobe upcycled from hand tufted chenille bedspreads Unusual Mattern of chenille the vintade chenille bedsnread l used to create this bathrobe",
small-and-plush-colorful-nanny-vintage-chenille-bathrobe-upcycled-from-hand-tuft,,,,,Bathrobe,"vintage, chenille, bathrobe, robe, upcycled, bedspread, flower, cotton, hand tufted, plush",,,,,,,,https://jonathankhobson.github.io/shareables/assets/etsy-image-rescue-2026-05-29/images/fw92ndset-batch-35_07_fw92ndset-batch-35-small-and-plush-colorful-nanny-vintage-chenille-bat.jpg,7,"Small and plush ""Colorful Nanny"" vintage chenille bathrobe upcycled from hand tufted chenille bedspreads Unusual Mattern of chenille the vintade chenille bedsnread l used to create this bathrobe",
small-and-plush-colorful-nanny-vintage-chenille-bathrobe-upcycled-from-hand-tuft,,,,,Bathrobe,"vintage, chenille, bathrobe, robe, upcycled, bedspread, flower, cotton, hand tufted, plush",,,,,,,,https://jonathankhobson.github.io/shareables/assets/etsy-image-rescue-2026-05-29/images/fw92ndset-batch-35_08_fw92ndset-batch-35-small-and-plush-colorful-nanny-vintage-chenille-bat.jpg,8,"Small and plush ""Colorful Nanny"" vintage chenille bathrobe upcycled from hand tufted chenille bedspreads Unusual Mattern of chenille the vintade chenille bedsnread l used to create this bathrobe",
small-and-plush-colorful-nanny-vintage-chenille-bathrobe-upcycled-from-hand-tuft,,,,,Bathrobe,"vintage, chenille, bathrobe, robe, upcycled, bedspread, flower, cotton, hand tufted, plush",,,,,,,,https://jonathankhobson.github.io/shareables/assets/etsy-image-rescue-2026-05-29/images/fw92ndset-batch-35_09_fw92ndset-batch-35-small-and-plush-colorful-nanny-vintage-chenille-bat.jpg,9,"Small and plush ""Colorful Nanny"" vintage chenille bathrobe upcycled from hand tufted chenille bedspreads Unusual Mattern of chenille the vintade chenille bedsnread l used to create this bathrobe",
large-heavy-and-plush-peacock-under-arbor-at-midnight-vintage-chenille-bathrobe,"Large, heavy and plush ""Peacock Under Arbor at Midnight"" vintage chenille bathrobe upcycled from hand tufted peacock chenille bedspread","<p>Very rare color of chenille, this maroon is so pretty, but I think it may have been difficult
to produce or maintain, since it is rare to find this color. Check out that tufting in the
peacocks&#x27; tail! So plush you literally cannot see through the lines of chenille to see that
gorgeous maroon backing. That gorgeous peacock is resting under a beautiful arbor
with yellow and pink roses; which are carried over onto the front of the robe in the trellis
on both sides. Sleeves are a soft butter yellow backing, with more flowers and bright
yellow arbor.
Large can fit up to a woman&#x27;s size 18, with pockets; machine washable too.
Chenille bedspreads were created and manufactured in the US during the 1930s to the
1950s; much of it was hand tufted. The hand tufting process was often a series of knots
tied in a pre-printed design onto cotton (muslin) fabric. These one-of-a-kind bedspreads
varied by the tufter, as well as by materials used.
The production of chenille stopped in the United States after about 1960, and much of it
is being up cycled and given new life. Since the supply of vintage chenille is limited and</p>",,,Bathrobe,"vintage, chenille, bathrobe, robe, upcycled, bedspread, peacock, rose, flower, cotton, hand tufted, plush",FALSE,Title,Default Title,FW-094-B36,,TRUE,TRUE,https://jonathankhobson.github.io/shareables/assets/etsy-image-rescue-2026-05-29/images/fw94thset-batch-36_01_fw94thset-batch-36-large-heavy-and-plush-peacock-under-arbor-at-midnig.jpg,1,"Large, heavy and plush ""Peacock Under Arbor at Midnight"" vintage chenille bathrobe upcycled from hand tufted peacock chenille bedspread",draft
large-heavy-and-plush-peacock-under-arbor-at-midnight-vintage-chenille-bathrobe,,,,,Bathrobe,"vintage, chenille, bathrobe, robe, upcycled, bedspread, peacock, rose, flower, cotton, hand tufted, plush",,,,,,,,https://jonathankhobson.github.io/shareables/assets/etsy-image-rescue-2026-05-29/images/fw94thset-batch-36_02_fw94thset-batch-36-large-heavy-and-plush-peacock-under-arbor-at-midnig.jpg,2,"Large, heavy and plush ""Peacock Under Arbor at Midnight"" vintage chenille bathrobe upcycled from hand tufted peacock chenille bedspread",
large-heavy-and-plush-peacock-under-arbor-at-midnight-vintage-chenille-bathrobe,,,,,Bathrobe,"vintage, chenille, bathrobe, robe, upcycled, bedspread, peacock, rose, flower, cotton, hand tufted, plush",,,,,,,,https://jonathankhobson.github.io/shareables/assets/etsy-image-rescue-2026-05-29/images/fw94thset-batch-36_03_fw94thset-batch-36-large-heavy-and-plush-peacock-under-arbor-at-midnig.jpg,3,"Large, heavy and plush ""Peacock Under Arbor at Midnight"" vintage chenille bathrobe upcycled from hand tufted peacock chenille bedspread",
large-heavy-and-plush-peacock-under-arbor-at-midnight-vintage-chenille-bathrobe,,,,,Bathrobe,"vintage, chenille, bathrobe, robe, upcycled, bedspread, peacock, rose, flower, cotton, hand tufted, plush",,,,,,,,https://jonathankhobson.github.io/shareables/assets/etsy-image-rescue-2026-05-29/images/fw94thset-batch-36_04_fw94thset-batch-36-large-heavy-and-plush-peacock-under-arbor-at-midnig.jpg,4,"Large, heavy and plush ""Peacock Under Arbor at Midnight"" vintage chenille bathrobe upcycled from hand tufted peacock chenille bedspread",
large-heavy-and-plush-peacock-under-arbor-at-midnight-vintage-chenille-bathrobe,,,,,Bathrobe,"vintage, chenille, bathrobe, robe, upcycled, bedspread, peacock, rose, flower, cotton, hand tufted, plush",,,,,,,,https://jonathankhobson.github.io/shareables/assets/etsy-image-rescue-2026-05-29/images/fw94thset-batch-36_05_fw94thset-batch-36-large-heavy-and-plush-peacock-under-arbor-at-midnig.jpg,5,"Large, heavy and plush ""Peacock Under Arbor at Midnight"" vintage chenille bathrobe upcycled from hand tufted peacock chenille bedspread",
large-heavy-and-plush-peacock-under-arbor-at-midnight-vintage-chenille-bathrobe,,,,,Bathrobe,"vintage, chenille, bathrobe, robe, upcycled, bedspread, peacock, rose, flower, cotton, hand tufted, plush",,,,,,,,https://jonathankhobson.github.io/shareables/assets/etsy-image-rescue-2026-05-29/images/fw94thset-batch-36_06_fw94thset-batch-36-large-heavy-and-plush-peacock-under-arbor-at-midnig.jpg,6,"Large, heavy and plush ""Peacock Under Arbor at Midnight"" vintage chenille bathrobe upcycled from hand tufted peacock chenille bedspread",
large-heavy-and-plush-peacock-under-arbor-at-midnight-vintage-chenille-bathrobe,,,,,Bathrobe,"vintage, chenille, bathrobe, robe, upcycled, bedspread, peacock, rose, flower, cotton, hand tufted, plush",,,,,,,,https://jonathankhobson.github.io/shareables/assets/etsy-image-rescue-2026-05-29/images/fw94thset-batch-36_07_fw94thset-batch-36-large-heavy-and-plush-peacock-under-arbor-at-midnig.jpg,7,"Large, heavy and plush ""Peacock Under Arbor at Midnight"" vintage chenille bathrobe upcycled from hand tufted peacock chenille bedspread",
large-heavy-and-plush-peacock-under-arbor-at-midnight-vintage-chenille-bathrobe,,,,,Bathrobe,"vintage, chenille, bathrobe, robe, upcycled, bedspread, peacock, rose, flower, cotton, hand tufted, plush",,,,,,,,https://jonathankhobson.github.io/shareables/assets/etsy-image-rescue-2026-05-29/images/fw94thset-batch-36_08_fw94thset-batch-36-large-heavy-and-plush-peacock-under-arbor-at-midnig.jpg,8,"Large, heavy and plush ""Peacock Under Arbor at Midnight"" vintage chenille bathrobe upcycled from hand tufted peacock chenille bedspread",
large-heavy-and-plush-peacock-under-arbor-at-midnight-vintage-chenille-bathrobe,,,,,Bathrobe,"vintage, chenille, bathrobe, robe, upcycled, bedspread, peacock, rose, flower, cotton, hand tufted, plush",,,,,,,,https://jonathankhobson.github.io/shareables/assets/etsy-image-rescue-2026-05-29/images/fw94thset-batch-36_09_fw94thset-batch-36-large-heavy-and-plush-peacock-under-arbor-at-midnig.jpg,9,"Large, heavy and plush ""Peacock Under Arbor at Midnight"" vintage chenille bathrobe upcycled from hand tufted peacock chenille bedspread",
medium-soft-peacock-in-cathedral-window-vintage-chenille-bathrobe-upcycled-from,"Medium soft ""Peacock in Cathedral Window"" vintage chenille bathrobe upcycled from hand tufted peacock chenille bedspread Verv nice auality chenille in this bathrobe, the purple peacock is very plush and the","<p>Very nice quality chenille in this bathrobe, the purple peacock is very plush and the
colors are vibrant. Purple peacock with cathedral windows too...classic design, and lots
of flowers to boot.
Medium can fit up to a woman&#x27;s size 12, with pockets; machine washable too.
Chenille bedspreads were created and manufactured in the US during the 1930s to the
1950s; much of it was hand tufted. The hand tufting process was often a series of knots
tied in a pre-printed design onto cotton (muslin) fabric. These one-of-a-kind bedspreads
varied by the tufter, as well as by materials used.
The production of chenille stopped in the United States after about 1960, and much of it
is being up cycled and given new life. Since the supply of vintage chenille is limited and
finite, it has become more difficult to find! Although chenille is durable, it can suffer
wear over time that may take the form of thinning lines of chenille, skipped spots where
chenille has come out; small pinholes, or variations in color. If any of these
imperfections are notable, I will mention them in the description below, but because the</p>",,,Bathrobe,"vintage, chenille, bathrobe, robe, upcycled, bedspread, peacock, flower, cotton, hand tufted, plush",FALSE,Title,Default Title,FW-095-B37,,TRUE,TRUE,https://jonathankhobson.github.io/shareables/assets/etsy-image-rescue-2026-05-29/images/fw95thset-batch-37_01_fw95thset-batch-37-medium-soft-peacock-in-cathedral-window-vintage-che.jpg,1,"Medium soft ""Peacock in Cathedral Window"" vintage chenille bathrobe upcycled from hand tufted peacock chenille bedspread Verv nice auality chenille in this bathrobe, the purple peacock is very plush and the",draft
medium-soft-peacock-in-cathedral-window-vintage-chenille-bathrobe-upcycled-from,,,,,Bathrobe,"vintage, chenille, bathrobe, robe, upcycled, bedspread, peacock, flower, cotton, hand tufted, plush",,,,,,,,https://jonathankhobson.github.io/shareables/assets/etsy-image-rescue-2026-05-29/images/fw95thset-batch-37_02_fw95thset-batch-37-medium-soft-peacock-in-cathedral-window-vintage-che.jpg,2,"Medium soft ""Peacock in Cathedral Window"" vintage chenille bathrobe upcycled from hand tufted peacock chenille bedspread Verv nice auality chenille in this bathrobe, the purple peacock is very plush and the",
medium-soft-peacock-in-cathedral-window-vintage-chenille-bathrobe-upcycled-from,,,,,Bathrobe,"vintage, chenille, bathrobe, robe, upcycled, bedspread, peacock, flower, cotton, hand tufted, plush",,,,,,,,https://jonathankhobson.github.io/shareables/assets/etsy-image-rescue-2026-05-29/images/fw95thset-batch-37_03_fw95thset-batch-37-medium-soft-peacock-in-cathedral-window-vintage-che.jpg,3,"Medium soft ""Peacock in Cathedral Window"" vintage chenille bathrobe upcycled from hand tufted peacock chenille bedspread Verv nice auality chenille in this bathrobe, the purple peacock is very plush and the",
medium-soft-peacock-in-cathedral-window-vintage-chenille-bathrobe-upcycled-from,,,,,Bathrobe,"vintage, chenille, bathrobe, robe, upcycled, bedspread, peacock, flower, cotton, hand tufted, plush",,,,,,,,https://jonathankhobson.github.io/shareables/assets/etsy-image-rescue-2026-05-29/images/fw95thset-batch-37_04_fw95thset-batch-37-medium-soft-peacock-in-cathedral-window-vintage-che.jpg,4,"Medium soft ""Peacock in Cathedral Window"" vintage chenille bathrobe upcycled from hand tufted peacock chenille bedspread Verv nice auality chenille in this bathrobe, the purple peacock is very plush and the",
medium-soft-peacock-in-cathedral-window-vintage-chenille-bathrobe-upcycled-from,,,,,Bathrobe,"vintage, chenille, bathrobe, robe, upcycled, bedspread, peacock, flower, cotton, hand tufted, plush",,,,,,,,https://jonathankhobson.github.io/shareables/assets/etsy-image-rescue-2026-05-29/images/fw95thset-batch-37_05_fw95thset-batch-37-medium-soft-peacock-in-cathedral-window-vintage-che.jpg,5,"Medium soft ""Peacock in Cathedral Window"" vintage chenille bathrobe upcycled from hand tufted peacock chenille bedspread Verv nice auality chenille in this bathrobe, the purple peacock is very plush and the",
medium-soft-peacock-in-cathedral-window-vintage-chenille-bathrobe-upcycled-from,,,,,Bathrobe,"vintage, chenille, bathrobe, robe, upcycled, bedspread, peacock, flower, cotton, hand tufted, plush",,,,,,,,https://jonathankhobson.github.io/shareables/assets/etsy-image-rescue-2026-05-29/images/fw95thset-batch-37_06_fw95thset-batch-37-medium-soft-peacock-in-cathedral-window-vintage-che.jpg,6,"Medium soft ""Peacock in Cathedral Window"" vintage chenille bathrobe upcycled from hand tufted peacock chenille bedspread Verv nice auality chenille in this bathrobe, the purple peacock is very plush and the",
medium-soft-peacock-in-cathedral-window-vintage-chenille-bathrobe-upcycled-from,,,,,Bathrobe,"vintage, chenille, bathrobe, robe, upcycled, bedspread, peacock, flower, cotton, hand tufted, plush",,,,,,,,https://jonathankhobson.github.io/shareables/assets/etsy-image-rescue-2026-05-29/images/fw95thset-batch-37_07_fw95thset-batch-37-medium-soft-peacock-in-cathedral-window-vintage-che.jpg,7,"Medium soft ""Peacock in Cathedral Window"" vintage chenille bathrobe upcycled from hand tufted peacock chenille bedspread Verv nice auality chenille in this bathrobe, the purple peacock is very plush and the",
medium-soft-peacock-in-cathedral-window-vintage-chenille-bathrobe-upcycled-from,,,,,Bathrobe,"vintage, chenille, bathrobe, robe, upcycled, bedspread, peacock, flower, cotton, hand tufted, plush",,,,,,,,https://jonathankhobson.github.io/shareables/assets/etsy-image-rescue-2026-05-29/images/fw95thset-batch-37_08_fw95thset-batch-37-medium-soft-peacock-in-cathedral-window-vintage-che.jpg,8,"Medium soft ""Peacock in Cathedral Window"" vintage chenille bathrobe upcycled from hand tufted peacock chenille bedspread Verv nice auality chenille in this bathrobe, the purple peacock is very plush and the",
medium-heavy-and-plush-pretty-purple-peacock-chenille-bathrobe-upcycled-from-vin,"Medium heavy and plush ""Pretty Purple Peacock"" chenille bathrobe upcycled from vintage chenille bedspreads Heavy, with the classic cathedral windows on the front, and that glorious peacock on the","<p>leso they apara
Heavy, with the classic cathedral windows on the front, and that glorious peacock on the
back. Sleeves have more cathedral windows, and there are bits of flowers everywhere.
So many interesting parts of this glorious robe.
Medium can fit up to a woman&#x27;s size 12, with pockets. Machine washable too
Chenille bedspreads were created and manufactured in the US during the 1930s to the
1950s; much of it was hand tufted. The hand tufting process was often a series of knots
tied in a pre-printed design onto cotton (muslin) fabric. These one-of-a-kind bedspreads
varied by the tufter, as well as by materials used.
The production of chenille stopped in the United States after about 1960, and much of it
is being up cycled and given new life. Since the supply of vintage chenille is limited and
finite, it has become more difficult to find! Although chenille is durable, it can suffer
wear over time that may take the form of thinning lines of chenille, skipped spots where
chenille has come out; small pinholes, or variations in color. If any of these
imperfections are notable, I will mention them in the description below, but because the</p>",,,Bathrobe,"vintage, chenille, bathrobe, robe, upcycled, bedspread, peacock, flower, cotton, hand tufted, plush, heavy",FALSE,Title,Default Title,FW-096-B38,,TRUE,TRUE,https://jonathankhobson.github.io/shareables/assets/etsy-image-rescue-2026-05-29/images/fw96thset-batch-38_01_fw96thset-batch-38-medium-heavy-and-plush-pretty-purple-peacock-chenil.jpg,1,"Medium heavy and plush ""Pretty Purple Peacock"" chenille bathrobe upcycled from vintage chenille bedspreads Heavy, with the classic cathedral windows on the front, and that glorious peacock on the",draft
medium-heavy-and-plush-pretty-purple-peacock-chenille-bathrobe-upcycled-from-vin,,,,,Bathrobe,"vintage, chenille, bathrobe, robe, upcycled, bedspread, peacock, flower, cotton, hand tufted, plush, heavy",,,,,,,,https://jonathankhobson.github.io/shareables/assets/etsy-image-rescue-2026-05-29/images/fw96thset-batch-38_02_fw96thset-batch-38-medium-heavy-and-plush-pretty-purple-peacock-chenil.jpg,2,"Medium heavy and plush ""Pretty Purple Peacock"" chenille bathrobe upcycled from vintage chenille bedspreads Heavy, with the classic cathedral windows on the front, and that glorious peacock on the",
medium-heavy-and-plush-pretty-purple-peacock-chenille-bathrobe-upcycled-from-vin,,,,,Bathrobe,"vintage, chenille, bathrobe, robe, upcycled, bedspread, peacock, flower, cotton, hand tufted, plush, heavy",,,,,,,,https://jonathankhobson.github.io/shareables/assets/etsy-image-rescue-2026-05-29/images/fw96thset-batch-38_03_fw96thset-batch-38-medium-heavy-and-plush-pretty-purple-peacock-chenil.jpg,3,"Medium heavy and plush ""Pretty Purple Peacock"" chenille bathrobe upcycled from vintage chenille bedspreads Heavy, with the classic cathedral windows on the front, and that glorious peacock on the",
medium-heavy-and-plush-pretty-purple-peacock-chenille-bathrobe-upcycled-from-vin,,,,,Bathrobe,"vintage, chenille, bathrobe, robe, upcycled, bedspread, peacock, flower, cotton, hand tufted, plush, heavy",,,,,,,,https://jonathankhobson.github.io/shareables/assets/etsy-image-rescue-2026-05-29/images/fw96thset-batch-38_04_fw96thset-batch-38-medium-heavy-and-plush-pretty-purple-peacock-chenil.jpg,4,"Medium heavy and plush ""Pretty Purple Peacock"" chenille bathrobe upcycled from vintage chenille bedspreads Heavy, with the classic cathedral windows on the front, and that glorious peacock on the",
medium-heavy-and-plush-pretty-purple-peacock-chenille-bathrobe-upcycled-from-vin,,,,,Bathrobe,"vintage, chenille, bathrobe, robe, upcycled, bedspread, peacock, flower, cotton, hand tufted, plush, heavy",,,,,,,,https://jonathankhobson.github.io/shareables/assets/etsy-image-rescue-2026-05-29/images/fw96thset-batch-38_05_fw96thset-batch-38-medium-heavy-and-plush-pretty-purple-peacock-chenil.jpg,5,"Medium heavy and plush ""Pretty Purple Peacock"" chenille bathrobe upcycled from vintage chenille bedspreads Heavy, with the classic cathedral windows on the front, and that glorious peacock on the",
medium-heavy-and-plush-pretty-purple-peacock-chenille-bathrobe-upcycled-from-vin,,,,,Bathrobe,"vintage, chenille, bathrobe, robe, upcycled, bedspread, peacock, flower, cotton, hand tufted, plush, heavy",,,,,,,,https://jonathankhobson.github.io/shareables/assets/etsy-image-rescue-2026-05-29/images/fw96thset-batch-38_06_fw96thset-batch-38-medium-heavy-and-plush-pretty-purple-peacock-chenil.jpg,6,"Medium heavy and plush ""Pretty Purple Peacock"" chenille bathrobe upcycled from vintage chenille bedspreads Heavy, with the classic cathedral windows on the front, and that glorious peacock on the",
medium-heavy-and-plush-pretty-purple-peacock-chenille-bathrobe-upcycled-from-vin,,,,,Bathrobe,"vintage, chenille, bathrobe, robe, upcycled, bedspread, peacock, flower, cotton, hand tufted, plush, heavy",,,,,,,,https://jonathankhobson.github.io/shareables/assets/etsy-image-rescue-2026-05-29/images/fw96thset-batch-38_07_fw96thset-batch-38-medium-heavy-and-plush-pretty-purple-peacock-chenil.jpg,7,"Medium heavy and plush ""Pretty Purple Peacock"" chenille bathrobe upcycled from vintage chenille bedspreads Heavy, with the classic cathedral windows on the front, and that glorious peacock on the",
medium-heavy-and-plush-pretty-purple-peacock-chenille-bathrobe-upcycled-from-vin,,,,,Bathrobe,"vintage, chenille, bathrobe, robe, upcycled, bedspread, peacock, flower, cotton, hand tufted, plush, heavy",,,,,,,,https://jonathankhobson.github.io/shareables/assets/etsy-image-rescue-2026-05-29/images/fw96thset-batch-38_08_fw96thset-batch-38-medium-heavy-and-plush-pretty-purple-peacock-chenil.jpg,8,"Medium heavy and plush ""Pretty Purple Peacock"" chenille bathrobe upcycled from vintage chenille bedspreads Heavy, with the classic cathedral windows on the front, and that glorious peacock on the",
medium-heavy-and-plush-pretty-purple-peacock-chenille-bathrobe-upcycled-from-vin,,,,,Bathrobe,"vintage, chenille, bathrobe, robe, upcycled, bedspread, peacock, flower, cotton, hand tufted, plush, heavy",,,,,,,,https://jonathankhobson.github.io/shareables/assets/etsy-image-rescue-2026-05-29/images/fw96thset-batch-38_09_fw96thset-batch-38-medium-heavy-and-plush-pretty-purple-peacock-chenil.jpg,9,"Medium heavy and plush ""Pretty Purple Peacock"" chenille bathrobe upcycled from vintage chenille bedspreads Heavy, with the classic cathedral windows on the front, and that glorious peacock on the",
medium-heavy-and-plush-triple-peacock-flower-garden-chenille-bathrobe-upcycled-f,"Medium heavy and plush ""Triple Peacock Flower Garden"" chenille bathrobe upcycled from vintage hand tufted chenille bedspreads Heavy chenille and very plushly tufted, the colors on this one are still very bright and full.","<p>Heavy chenille and very plushly tufted, the colors on this one are still very bright and full.
Lots of pink, and the sleeves each have their own little flower garden! Giant peacock on
the back with lots of flowers, and on the front two more very plush baby peacocks.
Oodles of flowers all over this baby.
Medium can fit up to a woman&#x27;s size 12, with pockets. Machine washable too!
Chenille bedspreads were created and manufactured in the US during the 1930s to the
1950s; much of it was hand tufted. The hand tufting process was often a series of knots
tied in a pre-printed design onto cotton (muslin) fabric. These one-of-a-kind bedspreads
varied by the tufter, as well as by materials used.
The production of chenille stopped in the United States after about 1960, and much of it
is being up cycled and given new life. Since the supply of vintage chenille is limited and
finite, it has become more difficult to find! Although chenille is durable, it can suffer
wear over time that may take the form of thinning lines of chenille, skipped spots where
chenille has come out; small pinholes, or variations in color. If any of these</p>",,,Bathrobe,"vintage, chenille, bathrobe, robe, upcycled, bedspread, peacock, flower, cotton, hand tufted, plush, heavy",FALSE,Title,Default Title,FW-097-B39,,TRUE,TRUE,https://jonathankhobson.github.io/shareables/assets/etsy-image-rescue-2026-05-29/images/fw97thset-batch-39_01_fw97thset-batch-39-medium-heavy-and-plush-triple-peacock-flower-garden.jpg,1,"Medium heavy and plush ""Triple Peacock Flower Garden"" chenille bathrobe upcycled from vintage hand tufted chenille bedspreads Heavy chenille and very plushly tufted, the colors on this one are still very bright and full.",draft
medium-heavy-and-plush-triple-peacock-flower-garden-chenille-bathrobe-upcycled-f,,,,,Bathrobe,"vintage, chenille, bathrobe, robe, upcycled, bedspread, peacock, flower, cotton, hand tufted, plush, heavy",,,,,,,,https://jonathankhobson.github.io/shareables/assets/etsy-image-rescue-2026-05-29/images/fw97thset-batch-39_02_fw97thset-batch-39-medium-heavy-and-plush-triple-peacock-flower-garden.jpg,2,"Medium heavy and plush ""Triple Peacock Flower Garden"" chenille bathrobe upcycled from vintage hand tufted chenille bedspreads Heavy chenille and very plushly tufted, the colors on this one are still very bright and full.",
medium-heavy-and-plush-triple-peacock-flower-garden-chenille-bathrobe-upcycled-f,,,,,Bathrobe,"vintage, chenille, bathrobe, robe, upcycled, bedspread, peacock, flower, cotton, hand tufted, plush, heavy",,,,,,,,https://jonathankhobson.github.io/shareables/assets/etsy-image-rescue-2026-05-29/images/fw97thset-batch-39_03_fw97thset-batch-39-medium-heavy-and-plush-triple-peacock-flower-garden.jpg,3,"Medium heavy and plush ""Triple Peacock Flower Garden"" chenille bathrobe upcycled from vintage hand tufted chenille bedspreads Heavy chenille and very plushly tufted, the colors on this one are still very bright and full.",
medium-heavy-and-plush-triple-peacock-flower-garden-chenille-bathrobe-upcycled-f,,,,,Bathrobe,"vintage, chenille, bathrobe, robe, upcycled, bedspread, peacock, flower, cotton, hand tufted, plush, heavy",,,,,,,,https://jonathankhobson.github.io/shareables/assets/etsy-image-rescue-2026-05-29/images/fw97thset-batch-39_04_fw97thset-batch-39-medium-heavy-and-plush-triple-peacock-flower-garden.jpg,4,"Medium heavy and plush ""Triple Peacock Flower Garden"" chenille bathrobe upcycled from vintage hand tufted chenille bedspreads Heavy chenille and very plushly tufted, the colors on this one are still very bright and full.",
medium-heavy-and-plush-triple-peacock-flower-garden-chenille-bathrobe-upcycled-f,,,,,Bathrobe,"vintage, chenille, bathrobe, robe, upcycled, bedspread, peacock, flower, cotton, hand tufted, plush, heavy",,,,,,,,https://jonathankhobson.github.io/shareables/assets/etsy-image-rescue-2026-05-29/images/fw97thset-batch-39_05_fw97thset-batch-39-medium-heavy-and-plush-triple-peacock-flower-garden.jpg,5,"Medium heavy and plush ""Triple Peacock Flower Garden"" chenille bathrobe upcycled from vintage hand tufted chenille bedspreads Heavy chenille and very plushly tufted, the colors on this one are still very bright and full.",
medium-heavy-and-plush-triple-peacock-flower-garden-chenille-bathrobe-upcycled-f,,,,,Bathrobe,"vintage, chenille, bathrobe, robe, upcycled, bedspread, peacock, flower, cotton, hand tufted, plush, heavy",,,,,,,,https://jonathankhobson.github.io/shareables/assets/etsy-image-rescue-2026-05-29/images/fw97thset-batch-39_06_fw97thset-batch-39-medium-heavy-and-plush-triple-peacock-flower-garden.jpg,6,"Medium heavy and plush ""Triple Peacock Flower Garden"" chenille bathrobe upcycled from vintage hand tufted chenille bedspreads Heavy chenille and very plushly tufted, the colors on this one are still very bright and full.",
medium-heavy-and-plush-triple-peacock-flower-garden-chenille-bathrobe-upcycled-f,,,,,Bathrobe,"vintage, chenille, bathrobe, robe, upcycled, bedspread, peacock, flower, cotton, hand tufted, plush, heavy",,,,,,,,https://jonathankhobson.github.io/shareables/assets/etsy-image-rescue-2026-05-29/images/fw97thset-batch-39_07_fw97thset-batch-39-medium-heavy-and-plush-triple-peacock-flower-garden.jpg,7,"Medium heavy and plush ""Triple Peacock Flower Garden"" chenille bathrobe upcycled from vintage hand tufted chenille bedspreads Heavy chenille and very plushly tufted, the colors on this one are still very bright and full.",
medium-heavy-and-plush-triple-peacock-flower-garden-chenille-bathrobe-upcycled-f,,,,,Bathrobe,"vintage, chenille, bathrobe, robe, upcycled, bedspread, peacock, flower, cotton, hand tufted, plush, heavy",,,,,,,,https://jonathankhobson.github.io/shareables/assets/etsy-image-rescue-2026-05-29/images/fw97thset-batch-39_08_fw97thset-batch-39-medium-heavy-and-plush-triple-peacock-flower-garden.jpg,8,"Medium heavy and plush ""Triple Peacock Flower Garden"" chenille bathrobe upcycled from vintage hand tufted chenille bedspreads Heavy chenille and very plushly tufted, the colors on this one are still very bright and full.",
medium-heavy-and-plush-triple-peacock-flower-garden-chenille-bathrobe-upcycled-f,,,,,Bathrobe,"vintage, chenille, bathrobe, robe, upcycled, bedspread, peacock, flower, cotton, hand tufted, plush, heavy",,,,,,,,https://jonathankhobson.github.io/shareables/assets/etsy-image-rescue-2026-05-29/images/fw97thset-batch-39_09_fw97thset-batch-39-medium-heavy-and-plush-triple-peacock-flower-garden.jpg,9,"Medium heavy and plush ""Triple Peacock Flower Garden"" chenille bathrobe upcycled from vintage hand tufted chenille bedspreads Heavy chenille and very plushly tufted, the colors on this one are still very bright and full.",
medium-soft-butter-and-lilac-triple-peacock-vintage-chenille-bathrobe-upcycled-f,"Medium soft ""Butter and Lilac Triple Peacock"" vintage chenille bathrobe upcycled from hand tufted peacock chenille bedspread hat makes your item special? Buyers will only see the first few lines unless they expand the description.","<p>The backing on this chenille is a soft butter yellow, makes a very pretty backdrop to the
purple peacock feathers and this flowers. Giant peacock on the back of the robe, two
smaller baby peacocks on the front. Sleeves are a plush purple chenille that picks up the
purple in the body of the robe perfectly.
Medium can fit up to a woman&#x27;s size 12, with pockets; machine washable too.
Chenille bedspreads were created and manufactured in the US during the 1930s to the
1950s; much of it was hand tufted. The hand tufting process was often a series of knots
tied in a pre-printed design onto cotton (muslin) fabric. These one-of-a-kind bedspreads
varied by the tufter, as well as by materials used.
The production of chenille stopped in the United States after about 1960, and much of it
is being up cycled and given new life. Since the supply of vintage chenille is limited and
finite, it has become more difficult to find! Although chenille is durable, it can suffer
wear over time that may take the form of thinning lines of chenille, skipped spots where
chenille has come out; small pinholes, or variations in color. If any of these</p>",,,Bathrobe,"vintage, chenille, bathrobe, robe, upcycled, bedspread, peacock, flower, cotton, hand tufted, plush",FALSE,Title,Default Title,FW-098-B40,,TRUE,TRUE,https://jonathankhobson.github.io/shareables/assets/etsy-image-rescue-2026-05-29/images/fw98thset-batch-40_01_fw98thset-batch-40-medium-soft-butter-and-lilac-triple-peacock-vintage.jpg,1,"Medium soft ""Butter and Lilac Triple Peacock"" vintage chenille bathrobe upcycled from hand tufted peacock chenille bedspread hat makes your item special? Buyers will only see the first few lines unless they expand the description.",draft
medium-soft-butter-and-lilac-triple-peacock-vintage-chenille-bathrobe-upcycled-f,,,,,Bathrobe,"vintage, chenille, bathrobe, robe, upcycled, bedspread, peacock, flower, cotton, hand tufted, plush",,,,,,,,https://jonathankhobson.github.io/shareables/assets/etsy-image-rescue-2026-05-29/images/fw98thset-batch-40_02_fw98thset-batch-40-medium-soft-butter-and-lilac-triple-peacock-vintage.jpg,2,"Medium soft ""Butter and Lilac Triple Peacock"" vintage chenille bathrobe upcycled from hand tufted peacock chenille bedspread hat makes your item special? Buyers will only see the first few lines unless they expand the description.",
medium-soft-butter-and-lilac-triple-peacock-vintage-chenille-bathrobe-upcycled-f,,,,,Bathrobe,"vintage, chenille, bathrobe, robe, upcycled, bedspread, peacock, flower, cotton, hand tufted, plush",,,,,,,,https://jonathankhobson.github.io/shareables/assets/etsy-image-rescue-2026-05-29/images/fw98thset-batch-40_03_fw98thset-batch-40-medium-soft-butter-and-lilac-triple-peacock-vintage.jpg,3,"Medium soft ""Butter and Lilac Triple Peacock"" vintage chenille bathrobe upcycled from hand tufted peacock chenille bedspread hat makes your item special? Buyers will only see the first few lines unless they expand the description.",
medium-soft-butter-and-lilac-triple-peacock-vintage-chenille-bathrobe-upcycled-f,,,,,Bathrobe,"vintage, chenille, bathrobe, robe, upcycled, bedspread, peacock, flower, cotton, hand tufted, plush",,,,,,,,https://jonathankhobson.github.io/shareables/assets/etsy-image-rescue-2026-05-29/images/fw98thset-batch-40_04_fw98thset-batch-40-medium-soft-butter-and-lilac-triple-peacock-vintage.jpg,4,"Medium soft ""Butter and Lilac Triple Peacock"" vintage chenille bathrobe upcycled from hand tufted peacock chenille bedspread hat makes your item special? Buyers will only see the first few lines unless they expand the description.",
medium-soft-butter-and-lilac-triple-peacock-vintage-chenille-bathrobe-upcycled-f,,,,,Bathrobe,"vintage, chenille, bathrobe, robe, upcycled, bedspread, peacock, flower, cotton, hand tufted, plush",,,,,,,,https://jonathankhobson.github.io/shareables/assets/etsy-image-rescue-2026-05-29/images/fw98thset-batch-40_05_fw98thset-batch-40-medium-soft-butter-and-lilac-triple-peacock-vintage.jpg,5,"Medium soft ""Butter and Lilac Triple Peacock"" vintage chenille bathrobe upcycled from hand tufted peacock chenille bedspread hat makes your item special? Buyers will only see the first few lines unless they expand the description.",
medium-soft-butter-and-lilac-triple-peacock-vintage-chenille-bathrobe-upcycled-f,,,,,Bathrobe,"vintage, chenille, bathrobe, robe, upcycled, bedspread, peacock, flower, cotton, hand tufted, plush",,,,,,,,https://jonathankhobson.github.io/shareables/assets/etsy-image-rescue-2026-05-29/images/fw98thset-batch-40_06_fw98thset-batch-40-medium-soft-butter-and-lilac-triple-peacock-vintage.jpg,6,"Medium soft ""Butter and Lilac Triple Peacock"" vintage chenille bathrobe upcycled from hand tufted peacock chenille bedspread hat makes your item special? Buyers will only see the first few lines unless they expand the description.",
medium-soft-butter-and-lilac-triple-peacock-vintage-chenille-bathrobe-upcycled-f,,,,,Bathrobe,"vintage, chenille, bathrobe, robe, upcycled, bedspread, peacock, flower, cotton, hand tufted, plush",,,,,,,,https://jonathankhobson.github.io/shareables/assets/etsy-image-rescue-2026-05-29/images/fw98thset-batch-40_07_fw98thset-batch-40-medium-soft-butter-and-lilac-triple-peacock-vintage.jpg,7,"Medium soft ""Butter and Lilac Triple Peacock"" vintage chenille bathrobe upcycled from hand tufted peacock chenille bedspread hat makes your item special? Buyers will only see the first few lines unless they expand the description.",
medium-soft-butter-and-lilac-triple-peacock-vintage-chenille-bathrobe-upcycled-f,,,,,Bathrobe,"vintage, chenille, bathrobe, robe, upcycled, bedspread, peacock, flower, cotton, hand tufted, plush",,,,,,,,https://jonathankhobson.github.io/shareables/assets/etsy-image-rescue-2026-05-29/images/fw98thset-batch-40_08_fw98thset-batch-40-medium-soft-butter-and-lilac-triple-peacock-vintage.jpg,8,"Medium soft ""Butter and Lilac Triple Peacock"" vintage chenille bathrobe upcycled from hand tufted peacock chenille bedspread hat makes your item special? Buyers will only see the first few lines unless they expand the description.",
medium-soft-butter-and-lilac-triple-peacock-vintage-chenille-bathrobe-upcycled-f,,,,,Bathrobe,"vintage, chenille, bathrobe, robe, upcycled, bedspread, peacock, flower, cotton, hand tufted, plush",,,,,,,,https://jonathankhobson.github.io/shareables/assets/etsy-image-rescue-2026-05-29/images/fw98thset-batch-40_09_fw98thset-batch-40-medium-soft-butter-and-lilac-triple-peacock-vintage.jpg,9,"Medium soft ""Butter and Lilac Triple Peacock"" vintage chenille bathrobe upcycled from hand tufted peacock chenille bedspread hat makes your item special? Buyers will only see the first few lines unless they expand the description.",
large-long-and-heavy-irish-flower-basket-chenille-bathrobe-upcycled-from-vintage,"Large long and heavy ""Irish Flower Basket"" chenille bathrobe upcycled from vintage chenille bedspreads","<p>Heavy chenille; that Kelly green is so pretty as the flower basket and ribbon that runs
throughout. Big, bright flowers overflowing in the basket, with yellow and peach flowers
that match those peach sleeves perfectly. This robe is heavy and longer than most of
mine, most that I make are 48-51&quot; from shoulder seam to hem, this one is 53&quot; from
shoulder seam to hem.
Large can fit up to a woman&#x27;s size 18, with pockets. Machine washable too.
Chenille bedspreads were created and manufactured in the US during the 1930s to the
1950s; much of it was hand tufted. The hand tufting process was often a series of knots
tied in a pre-printed design onto cotton (muslin) fabric. These one-of-a-kind bedspreads
varied by the tufter, as well as by materials used.
The production of chenille stopped in the United States after about 1960, and much of it
is being up cycled and given new life. Since the supply of vintage chenille is limited and
finite, it has become more difficult to find! Although chenille is durable, it can suffer
wear over time that may take the form of thinning lines of chenille, skipped spots where</p>",,,Bathrobe,"vintage, chenille, bathrobe, robe, upcycled, bedspread, flower, cotton, hand tufted, heavy",FALSE,Title,Default Title,FW-099-B41,,TRUE,TRUE,https://jonathankhobson.github.io/shareables/assets/etsy-image-rescue-2026-05-29/images/fw99thset-batch-41_01_fw99thset-batch-41-large-long-and-heavy-irish-flower-basket-chenille-b.jpg,1,"Large long and heavy ""Irish Flower Basket"" chenille bathrobe upcycled from vintage chenille bedspreads",draft
large-long-and-heavy-irish-flower-basket-chenille-bathrobe-upcycled-from-vintage,,,,,Bathrobe,"vintage, chenille, bathrobe, robe, upcycled, bedspread, flower, cotton, hand tufted, heavy",,,,,,,,https://jonathankhobson.github.io/shareables/assets/etsy-image-rescue-2026-05-29/images/fw99thset-batch-41_02_fw99thset-batch-41-large-long-and-heavy-irish-flower-basket-chenille-b.jpg,2,"Large long and heavy ""Irish Flower Basket"" chenille bathrobe upcycled from vintage chenille bedspreads",
large-long-and-heavy-irish-flower-basket-chenille-bathrobe-upcycled-from-vintage,,,,,Bathrobe,"vintage, chenille, bathrobe, robe, upcycled, bedspread, flower, cotton, hand tufted, heavy",,,,,,,,https://jonathankhobson.github.io/shareables/assets/etsy-image-rescue-2026-05-29/images/fw99thset-batch-41_03_fw99thset-batch-41-large-long-and-heavy-irish-flower-basket-chenille-b.jpg,3,"Large long and heavy ""Irish Flower Basket"" chenille bathrobe upcycled from vintage chenille bedspreads",
large-long-and-heavy-irish-flower-basket-chenille-bathrobe-upcycled-from-vintage,,,,,Bathrobe,"vintage, chenille, bathrobe, robe, upcycled, bedspread, flower, cotton, hand tufted, heavy",,,,,,,,https://jonathankhobson.github.io/shareables/assets/etsy-image-rescue-2026-05-29/images/fw99thset-batch-41_04_fw99thset-batch-41-large-long-and-heavy-irish-flower-basket-chenille-b.jpg,4,"Large long and heavy ""Irish Flower Basket"" chenille bathrobe upcycled from vintage chenille bedspreads",
large-long-and-heavy-irish-flower-basket-chenille-bathrobe-upcycled-from-vintage,,,,,Bathrobe,"vintage, chenille, bathrobe, robe, upcycled, bedspread, flower, cotton, hand tufted, heavy",,,,,,,,https://jonathankhobson.github.io/shareables/assets/etsy-image-rescue-2026-05-29/images/fw99thset-batch-41_05_fw99thset-batch-41-large-long-and-heavy-irish-flower-basket-chenille-b.jpg,5,"Large long and heavy ""Irish Flower Basket"" chenille bathrobe upcycled from vintage chenille bedspreads",
large-long-and-heavy-irish-flower-basket-chenille-bathrobe-upcycled-from-vintage,,,,,Bathrobe,"vintage, chenille, bathrobe, robe, upcycled, bedspread, flower, cotton, hand tufted, heavy",,,,,,,,https://jonathankhobson.github.io/shareables/assets/etsy-image-rescue-2026-05-29/images/fw99thset-batch-41_06_fw99thset-batch-41-large-long-and-heavy-irish-flower-basket-chenille-b.jpg,6,"Large long and heavy ""Irish Flower Basket"" chenille bathrobe upcycled from vintage chenille bedspreads",
large-long-and-heavy-irish-flower-basket-chenille-bathrobe-upcycled-from-vintage,,,,,Bathrobe,"vintage, chenille, bathrobe, robe, upcycled, bedspread, flower, cotton, hand tufted, heavy",,,,,,,,https://jonathankhobson.github.io/shareables/assets/etsy-image-rescue-2026-05-29/images/fw99thset-batch-41_07_fw99thset-batch-41-large-long-and-heavy-irish-flower-basket-chenille-b.jpg,7,"Large long and heavy ""Irish Flower Basket"" chenille bathrobe upcycled from vintage chenille bedspreads",
2xl-long-plush-and-heavy-peppermint-peacock-vintage-chenille-bathrobe-upcycled-f,"2XL long plush and heavy ""Peppermint Peacock"" vintage chenille bathrobe upcycled from hand tufted chenille bedspreads","<p>Might be the biggest peacock in my collection; that&#x27;s why he ended up being a size 2XL;
so that I could capture as much of the tail as possible, so big that the tail extends from
the back over the sides to the front. And the flowers! Holy smokes there&#x27;s a lot of
flowers...purple and yellow roses over the peacocks head, and extending onto the front
of the bathrobe. Sleeves a banded chenille with some fun pink lines, used the same
fabric to make that matching belt.
Size 2X can fit up to a woman&#x27;s size 28, with pockets; machine washable too. Mannequin
in this photo is a size 18 as reference.
Chenille bedspreads were created and manufactured in the US during the 1930s to the
1950s; much of it was hand tufted. The hand tufting process was often a series of knots
tied in a pre-printed design onto cotton (muslin) fabric. These one-of-a-kind bedspreads
varied by the tufter, as well as by materials used.
The production of chenille stopped in the United States after about 1960, and much of it
is being up cycled and given new life. Since the supply of vintage chenille is limited and</p>",,,Bathrobe,"vintage, chenille, bathrobe, robe, upcycled, bedspread, peacock, rose, flower, cotton, hand tufted, plush",FALSE,Title,Default Title,FW-100-B11,,TRUE,TRUE,https://jonathankhobson.github.io/shareables/assets/etsy-image-rescue-2026-05-29/images/fw100thset-batch-11_01_fw100thset-batch-11-2xl-long-plush-and-heavy-peppermint-peacock-vintag.jpg,1,"2XL long plush and heavy ""Peppermint Peacock"" vintage chenille bathrobe upcycled from hand tufted chenille bedspreads",draft
2xl-long-plush-and-heavy-peppermint-peacock-vintage-chenille-bathrobe-upcycled-f,,,,,Bathrobe,"vintage, chenille, bathrobe, robe, upcycled, bedspread, peacock, rose, flower, cotton, hand tufted, plush",,,,,,,,https://jonathankhobson.github.io/shareables/assets/etsy-image-rescue-2026-05-29/images/fw100thset-batch-11_02_fw100thset-batch-11-2xl-long-plush-and-heavy-peppermint-peacock-vintag.jpg,2,"2XL long plush and heavy ""Peppermint Peacock"" vintage chenille bathrobe upcycled from hand tufted chenille bedspreads",
2xl-long-plush-and-heavy-peppermint-peacock-vintage-chenille-bathrobe-upcycled-f,,,,,Bathrobe,"vintage, chenille, bathrobe, robe, upcycled, bedspread, peacock, rose, flower, cotton, hand tufted, plush",,,,,,,,https://jonathankhobson.github.io/shareables/assets/etsy-image-rescue-2026-05-29/images/fw100thset-batch-11_03_fw100thset-batch-11-2xl-long-plush-and-heavy-peppermint-peacock-vintag.jpg,3,"2XL long plush and heavy ""Peppermint Peacock"" vintage chenille bathrobe upcycled from hand tufted chenille bedspreads",
2xl-long-plush-and-heavy-peppermint-peacock-vintage-chenille-bathrobe-upcycled-f,,,,,Bathrobe,"vintage, chenille, bathrobe, robe, upcycled, bedspread, peacock, rose, flower, cotton, hand tufted, plush",,,,,,,,https://jonathankhobson.github.io/shareables/assets/etsy-image-rescue-2026-05-29/images/fw100thset-batch-11_04_fw100thset-batch-11-2xl-long-plush-and-heavy-peppermint-peacock-vintag.jpg,4,"2XL long plush and heavy ""Peppermint Peacock"" vintage chenille bathrobe upcycled from hand tufted chenille bedspreads",
2xl-long-plush-and-heavy-peppermint-peacock-vintage-chenille-bathrobe-upcycled-f,,,,,Bathrobe,"vintage, chenille, bathrobe, robe, upcycled, bedspread, peacock, rose, flower, cotton, hand tufted, plush",,,,,,,,https://jonathankhobson.github.io/shareables/assets/etsy-image-rescue-2026-05-29/images/fw100thset-batch-11_05_fw100thset-batch-11-2xl-long-plush-and-heavy-peppermint-peacock-vintag.jpg,5,"2XL long plush and heavy ""Peppermint Peacock"" vintage chenille bathrobe upcycled from hand tufted chenille bedspreads",
2xl-long-plush-and-heavy-peppermint-peacock-vintage-chenille-bathrobe-upcycled-f,,,,,Bathrobe,"vintage, chenille, bathrobe, robe, upcycled, bedspread, peacock, rose, flower, cotton, hand tufted, plush",,,,,,,,https://jonathankhobson.github.io/shareables/assets/etsy-image-rescue-2026-05-29/images/fw100thset-batch-11_06_fw100thset-batch-11-2xl-long-plush-and-heavy-peppermint-peacock-vintag.jpg,6,"2XL long plush and heavy ""Peppermint Peacock"" vintage chenille bathrobe upcycled from hand tufted chenille bedspreads",
2xl-long-plush-and-heavy-peppermint-peacock-vintage-chenille-bathrobe-upcycled-f,,,,,Bathrobe,"vintage, chenille, bathrobe, robe, upcycled, bedspread, peacock, rose, flower, cotton, hand tufted, plush",,,,,,,,https://jonathankhobson.github.io/shareables/assets/etsy-image-rescue-2026-05-29/images/fw100thset-batch-11_07_fw100thset-batch-11-2xl-long-plush-and-heavy-peppermint-peacock-vintag.jpg,7,"2XL long plush and heavy ""Peppermint Peacock"" vintage chenille bathrobe upcycled from hand tufted chenille bedspreads",
2xl-long-plush-and-heavy-peppermint-peacock-vintage-chenille-bathrobe-upcycled-f,,,,,Bathrobe,"vintage, chenille, bathrobe, robe, upcycled, bedspread, peacock, rose, flower, cotton, hand tufted, plush",,,,,,,,https://jonathankhobson.github.io/shareables/assets/etsy-image-rescue-2026-05-29/images/fw100thset-batch-11_08_fw100thset-batch-11-2xl-long-plush-and-heavy-peppermint-peacock-vintag.jpg,8,"2XL long plush and heavy ""Peppermint Peacock"" vintage chenille bathrobe upcycled from hand tufted chenille bedspreads",
2xl-long-plush-and-heavy-peppermint-peacock-vintage-chenille-bathrobe-upcycled-f,,,,,Bathrobe,"vintage, chenille, bathrobe, robe, upcycled, bedspread, peacock, rose, flower, cotton, hand tufted, plush",,,,,,,,https://jonathankhobson.github.io/shareables/assets/etsy-image-rescue-2026-05-29/images/fw100thset-batch-11_09_fw100thset-batch-11-2xl-long-plush-and-heavy-peppermint-peacock-vintag.jpg,9,"2XL long plush and heavy ""Peppermint Peacock"" vintage chenille bathrobe upcycled from hand tufted chenille bedspreads",
robes-change-physical-item-2020-2026-item-details-help-buyers-understand-your-it,"Robes (Change Physical item • 2020 - 2026 Item details Help buyers understand your item better, and share any special options you offer.","<p>Help buyers understand your item better, and share any special options you offer.
Title*
Make sure your title is easy to understand and clearly describes what you&#x27;re selling.
Medium heavy and plush &quot;Flower Garden and Bouquet&quot; vintage chenille bathrobe upcycled
from hand tufted chenille bedspreads
More later</p>",,,Bathrobe,"vintage, chenille, bathrobe, robe, upcycled, bedspread, flower, hand tufted, plush, heavy",FALSE,Title,Default Title,FW-101-B12,,TRUE,TRUE,https://jonathankhobson.github.io/shareables/assets/etsy-image-rescue-2026-05-29/images/fw101stset-batch-12_01_fw101stset-batch-12-robes-change-physical-item-2020-2026-item-details.jpg,1,"Robes (Change Physical item • 2020 - 2026 Item details Help buyers understand your item better, and share any special options you offer.",draft
robes-change-physical-item-2020-2026-item-details-help-buyers-understand-your-it,,,,,Bathrobe,"vintage, chenille, bathrobe, robe, upcycled, bedspread, flower, hand tufted, plush, heavy",,,,,,,,https://jonathankhobson.github.io/shareables/assets/etsy-image-rescue-2026-05-29/images/fw101stset-batch-12_02_fw101stset-batch-12-robes-change-physical-item-2020-2026-item-details.jpg,2,"Robes (Change Physical item • 2020 - 2026 Item details Help buyers understand your item better, and share any special options you offer.",
robes-change-physical-item-2020-2026-item-details-help-buyers-understand-your-it,,,,,Bathrobe,"vintage, chenille, bathrobe, robe, upcycled, bedspread, flower, hand tufted, plush, heavy",,,,,,,,https://jonathankhobson.github.io/shareables/assets/etsy-image-rescue-2026-05-29/images/fw101stset-batch-12_03_fw101stset-batch-12-robes-change-physical-item-2020-2026-item-details.jpg,3,"Robes (Change Physical item • 2020 - 2026 Item details Help buyers understand your item better, and share any special options you offer.",
robes-change-physical-item-2020-2026-item-details-help-buyers-understand-your-it,,,,,Bathrobe,"vintage, chenille, bathrobe, robe, upcycled, bedspread, flower, hand tufted, plush, heavy",,,,,,,,https://jonathankhobson.github.io/shareables/assets/etsy-image-rescue-2026-05-29/images/fw101stset-batch-12_04_fw101stset-batch-12-robes-change-physical-item-2020-2026-item-details.jpg,4,"Robes (Change Physical item • 2020 - 2026 Item details Help buyers understand your item better, and share any special options you offer.",
robes-change-physical-item-2020-2026-item-details-help-buyers-understand-your-it,,,,,Bathrobe,"vintage, chenille, bathrobe, robe, upcycled, bedspread, flower, hand tufted, plush, heavy",,,,,,,,https://jonathankhobson.github.io/shareables/assets/etsy-image-rescue-2026-05-29/images/fw101stset-batch-12_05_fw101stset-batch-12-robes-change-physical-item-2020-2026-item-details.jpg,5,"Robes (Change Physical item • 2020 - 2026 Item details Help buyers understand your item better, and share any special options you offer.",
robes-change-physical-item-2020-2026-item-details-help-buyers-understand-your-it,,,,,Bathrobe,"vintage, chenille, bathrobe, robe, upcycled, bedspread, flower, hand tufted, plush, heavy",,,,,,,,https://jonathankhobson.github.io/shareables/assets/etsy-image-rescue-2026-05-29/images/fw101stset-batch-12_06_fw101stset-batch-12-robes-change-physical-item-2020-2026-item-details.jpg,6,"Robes (Change Physical item • 2020 - 2026 Item details Help buyers understand your item better, and share any special options you offer.",
robes-change-physical-item-2020-2026-item-details-help-buyers-understand-your-it,,,,,Bathrobe,"vintage, chenille, bathrobe, robe, upcycled, bedspread, flower, hand tufted, plush, heavy",,,,,,,,https://jonathankhobson.github.io/shareables/assets/etsy-image-rescue-2026-05-29/images/fw101stset-batch-12_07_fw101stset-batch-12-robes-change-physical-item-2020-2026-item-details.jpg,7,"Robes (Change Physical item • 2020 - 2026 Item details Help buyers understand your item better, and share any special options you offer.",
robes-change-physical-item-2020-2026-item-details-help-buyers-understand-your-it,,,,,Bathrobe,"vintage, chenille, bathrobe, robe, upcycled, bedspread, flower, hand tufted, plush, heavy",,,,,,,,https://jonathankhobson.github.io/shareables/assets/etsy-image-rescue-2026-05-29/images/fw101stset-batch-12_08_fw101stset-batch-12-robes-change-physical-item-2020-2026-item-details.jpg,8,"Robes (Change Physical item • 2020 - 2026 Item details Help buyers understand your item better, and share any special options you offer.",
robes-change-physical-item-2020-2026-item-details-help-buyers-understand-your-it,,,,,Bathrobe,"vintage, chenille, bathrobe, robe, upcycled, bedspread, flower, hand tufted, plush, heavy",,,,,,,,https://jonathankhobson.github.io/shareables/assets/etsy-image-rescue-2026-05-29/images/fw101stset-batch-12_09_fw101stset-batch-12-robes-change-physical-item-2020-2026-item-details.jpg,9,"Robes (Change Physical item • 2020 - 2026 Item details Help buyers understand your item better, and share any special options you offer.",
robes-change-physical-item-2020-2026-item-details-help-buyers-understand-your-it,,,,,Bathrobe,"vintage, chenille, bathrobe, robe, upcycled, bedspread, flower, hand tufted, plush, heavy",,,,,,,,https://jonathankhobson.github.io/shareables/assets/etsy-image-rescue-2026-05-29/images/fw101stset-batch-12_10_fw101stset-batch-12-robes-change-physical-item-2020-2026-item-details.jpg,10,"Robes (Change Physical item • 2020 - 2026 Item details Help buyers understand your item better, and share any special options you offer.",
large-heavy-and-plush-pretty-pink-peacock-vintage-chenille-bathrobe-upcycled-fro,"Large heavy and plush ""Pretty Pink Peacock"" vintage chenille bathrobe upcycled from hand tufted chenille bedspreads","<p>Lots and lots of pink chenille in this beauty...Barbie would have loved this bathrobe! That
ginormous tail is very thickly tufted, so much so it is difficult to see between the lines of
chenille. Gorgeous arbor of flowers over that peacocks head, and extending onto the
arbor on the front of the bathrobe. Sleeves are a &#x27;popcorn&#x27; pink chenille for added
texture.
Large can fit up to a woman&#x27;s size 18, with pockets; machine washable too.
Chenille bedspreads were created and manufactured in the US during the 1930s to the
1950s; much of it was hand tufted. The hand tufting process was often a series of knots
tied in a pre-printed design onto cotton (muslin) fabric. These one-of-a-kind bedspreads
varied by the tufter, as well as by materials used.
The production of chenille stopped in the United States after about 1960, and much of it
is being up cycled and given new life. Since the supply of vintage chenille is limited and
finite, it has become more difficult to find! Although chenille is durable, it can suffer
wear over time that may take the form of thinning lines of chenille, skipped spots where</p>",,,Bathrobe,"vintage, chenille, bathrobe, robe, upcycled, bedspread, peacock, flower, cotton, hand tufted, plush, heavy",FALSE,Title,Default Title,FW-102-B13,,TRUE,TRUE,https://jonathankhobson.github.io/shareables/assets/etsy-image-rescue-2026-05-29/images/fw102ndset-batch-13_01_fw102ndset-batch-13-large-heavy-and-plush-pretty-pink-peacock-vintage.jpg,1,"Large heavy and plush ""Pretty Pink Peacock"" vintage chenille bathrobe upcycled from hand tufted chenille bedspreads",draft
large-heavy-and-plush-pretty-pink-peacock-vintage-chenille-bathrobe-upcycled-fro,,,,,Bathrobe,"vintage, chenille, bathrobe, robe, upcycled, bedspread, peacock, flower, cotton, hand tufted, plush, heavy",,,,,,,,https://jonathankhobson.github.io/shareables/assets/etsy-image-rescue-2026-05-29/images/fw102ndset-batch-13_02_fw102ndset-batch-13-large-heavy-and-plush-pretty-pink-peacock-vintage.jpg,2,"Large heavy and plush ""Pretty Pink Peacock"" vintage chenille bathrobe upcycled from hand tufted chenille bedspreads",
large-heavy-and-plush-pretty-pink-peacock-vintage-chenille-bathrobe-upcycled-fro,,,,,Bathrobe,"vintage, chenille, bathrobe, robe, upcycled, bedspread, peacock, flower, cotton, hand tufted, plush, heavy",,,,,,,,https://jonathankhobson.github.io/shareables/assets/etsy-image-rescue-2026-05-29/images/fw102ndset-batch-13_03_fw102ndset-batch-13-large-heavy-and-plush-pretty-pink-peacock-vintage.jpg,3,"Large heavy and plush ""Pretty Pink Peacock"" vintage chenille bathrobe upcycled from hand tufted chenille bedspreads",
large-heavy-and-plush-pretty-pink-peacock-vintage-chenille-bathrobe-upcycled-fro,,,,,Bathrobe,"vintage, chenille, bathrobe, robe, upcycled, bedspread, peacock, flower, cotton, hand tufted, plush, heavy",,,,,,,,https://jonathankhobson.github.io/shareables/assets/etsy-image-rescue-2026-05-29/images/fw102ndset-batch-13_04_fw102ndset-batch-13-large-heavy-and-plush-pretty-pink-peacock-vintage.jpg,4,"Large heavy and plush ""Pretty Pink Peacock"" vintage chenille bathrobe upcycled from hand tufted chenille bedspreads",
large-heavy-and-plush-pretty-pink-peacock-vintage-chenille-bathrobe-upcycled-fro,,,,,Bathrobe,"vintage, chenille, bathrobe, robe, upcycled, bedspread, peacock, flower, cotton, hand tufted, plush, heavy",,,,,,,,https://jonathankhobson.github.io/shareables/assets/etsy-image-rescue-2026-05-29/images/fw102ndset-batch-13_05_fw102ndset-batch-13-large-heavy-and-plush-pretty-pink-peacock-vintage.jpg,5,"Large heavy and plush ""Pretty Pink Peacock"" vintage chenille bathrobe upcycled from hand tufted chenille bedspreads",
large-heavy-and-plush-pretty-pink-peacock-vintage-chenille-bathrobe-upcycled-fro,,,,,Bathrobe,"vintage, chenille, bathrobe, robe, upcycled, bedspread, peacock, flower, cotton, hand tufted, plush, heavy",,,,,,,,https://jonathankhobson.github.io/shareables/assets/etsy-image-rescue-2026-05-29/images/fw102ndset-batch-13_06_fw102ndset-batch-13-large-heavy-and-plush-pretty-pink-peacock-vintage.jpg,6,"Large heavy and plush ""Pretty Pink Peacock"" vintage chenille bathrobe upcycled from hand tufted chenille bedspreads",
large-heavy-and-plush-pretty-pink-peacock-vintage-chenille-bathrobe-upcycled-fro,,,,,Bathrobe,"vintage, chenille, bathrobe, robe, upcycled, bedspread, peacock, flower, cotton, hand tufted, plush, heavy",,,,,,,,https://jonathankhobson.github.io/shareables/assets/etsy-image-rescue-2026-05-29/images/fw102ndset-batch-13_07_fw102ndset-batch-13-large-heavy-and-plush-pretty-pink-peacock-vintage.jpg,7,"Large heavy and plush ""Pretty Pink Peacock"" vintage chenille bathrobe upcycled from hand tufted chenille bedspreads",
large-heavy-and-plush-pretty-pink-peacock-vintage-chenille-bathrobe-upcycled-fro,,,,,Bathrobe,"vintage, chenille, bathrobe, robe, upcycled, bedspread, peacock, flower, cotton, hand tufted, plush, heavy",,,,,,,,https://jonathankhobson.github.io/shareables/assets/etsy-image-rescue-2026-05-29/images/fw102ndset-batch-13_08_fw102ndset-batch-13-large-heavy-and-plush-pretty-pink-peacock-vintage.jpg,8,"Large heavy and plush ""Pretty Pink Peacock"" vintage chenille bathrobe upcycled from hand tufted chenille bedspreads",
large-heavy-and-plush-pretty-pink-peacock-vintage-chenille-bathrobe-upcycled-fro,,,,,Bathrobe,"vintage, chenille, bathrobe, robe, upcycled, bedspread, peacock, flower, cotton, hand tufted, plush, heavy",,,,,,,,https://jonathankhobson.github.io/shareables/assets/etsy-image-rescue-2026-05-29/images/fw102ndset-batch-13_09_fw102ndset-batch-13-large-heavy-and-plush-pretty-pink-peacock-vintage.jpg,9,"Large heavy and plush ""Pretty Pink Peacock"" vintage chenille bathrobe upcycled from hand tufted chenille bedspreads",
medium-heavy-two-giant-peacocks-vintage-chenille-bathrobe-upcycled-from-hand-tuf,"Medium heavy ""Two Giant Peacocks"" vintage chenille bathrobe upcycled from hand tufted chenille bedspreads","<p>Plushly tufted &#x27;double chenille&#x27;; which means that there is &#x27;background&#x27; chenille created
by a manufacturer, and the design (in this case the peacock and other colorful designs)
were hand tufted on top of the manufactured chenille. Not just one, but two gorgeous
giant peacocks. One peacock on the front, and another on the back of this robe.
Throughout the design, there is a beautiful sea glass green ribbon running through the
design, so I use that same color for the sleeves to pick up that color.
Medium can fit up to a woman&#x27;s size 12, with pockets; machine washable too.
Chenille bedspreads were created and manufactured in the US during the 1930s to the
1950s; much of it was hand tufted. The hand tufting process was often a series of knots
tied in a pre-printed design onto cotton (muslin) fabric. These one-of-a-kind bedspreads
varied by the tufter, as well as by materials used.
The production of chenille stopped in the United States after about 1960, and much of it
is being up cycled and given new life. Since the supply of vintage chenille is limited and</p>",,,Bathrobe,"vintage, chenille, bathrobe, robe, upcycled, bedspread, peacock, cotton, hand tufted, plush, heavy",FALSE,Title,Default Title,FW-103-B14,,TRUE,TRUE,https://jonathankhobson.github.io/shareables/assets/etsy-image-rescue-2026-05-29/images/fw103rdset-batch-14_01_fw103rdset-batch-14-medium-heavy-two-giant-peacocks-vintage-chenille-b.jpg,1,"Medium heavy ""Two Giant Peacocks"" vintage chenille bathrobe upcycled from hand tufted chenille bedspreads",draft
medium-heavy-two-giant-peacocks-vintage-chenille-bathrobe-upcycled-from-hand-tuf,,,,,Bathrobe,"vintage, chenille, bathrobe, robe, upcycled, bedspread, peacock, cotton, hand tufted, plush, heavy",,,,,,,,https://jonathankhobson.github.io/shareables/assets/etsy-image-rescue-2026-05-29/images/fw103rdset-batch-14_02_fw103rdset-batch-14-medium-heavy-two-giant-peacocks-vintage-chenille-b.jpg,2,"Medium heavy ""Two Giant Peacocks"" vintage chenille bathrobe upcycled from hand tufted chenille bedspreads",
medium-heavy-two-giant-peacocks-vintage-chenille-bathrobe-upcycled-from-hand-tuf,,,,,Bathrobe,"vintage, chenille, bathrobe, robe, upcycled, bedspread, peacock, cotton, hand tufted, plush, heavy",,,,,,,,https://jonathankhobson.github.io/shareables/assets/etsy-image-rescue-2026-05-29/images/fw103rdset-batch-14_03_fw103rdset-batch-14-medium-heavy-two-giant-peacocks-vintage-chenille-b.jpg,3,"Medium heavy ""Two Giant Peacocks"" vintage chenille bathrobe upcycled from hand tufted chenille bedspreads",
medium-heavy-two-giant-peacocks-vintage-chenille-bathrobe-upcycled-from-hand-tuf,,,,,Bathrobe,"vintage, chenille, bathrobe, robe, upcycled, bedspread, peacock, cotton, hand tufted, plush, heavy",,,,,,,,https://jonathankhobson.github.io/shareables/assets/etsy-image-rescue-2026-05-29/images/fw103rdset-batch-14_04_fw103rdset-batch-14-medium-heavy-two-giant-peacocks-vintage-chenille-b.jpg,4,"Medium heavy ""Two Giant Peacocks"" vintage chenille bathrobe upcycled from hand tufted chenille bedspreads",
medium-heavy-two-giant-peacocks-vintage-chenille-bathrobe-upcycled-from-hand-tuf,,,,,Bathrobe,"vintage, chenille, bathrobe, robe, upcycled, bedspread, peacock, cotton, hand tufted, plush, heavy",,,,,,,,https://jonathankhobson.github.io/shareables/assets/etsy-image-rescue-2026-05-29/images/fw103rdset-batch-14_05_fw103rdset-batch-14-medium-heavy-two-giant-peacocks-vintage-chenille-b.jpg,5,"Medium heavy ""Two Giant Peacocks"" vintage chenille bathrobe upcycled from hand tufted chenille bedspreads",
medium-heavy-two-giant-peacocks-vintage-chenille-bathrobe-upcycled-from-hand-tuf,,,,,Bathrobe,"vintage, chenille, bathrobe, robe, upcycled, bedspread, peacock, cotton, hand tufted, plush, heavy",,,,,,,,https://jonathankhobson.github.io/shareables/assets/etsy-image-rescue-2026-05-29/images/fw103rdset-batch-14_06_fw103rdset-batch-14-medium-heavy-two-giant-peacocks-vintage-chenille-b.jpg,6,"Medium heavy ""Two Giant Peacocks"" vintage chenille bathrobe upcycled from hand tufted chenille bedspreads",
medium-heavy-two-giant-peacocks-vintage-chenille-bathrobe-upcycled-from-hand-tuf,,,,,Bathrobe,"vintage, chenille, bathrobe, robe, upcycled, bedspread, peacock, cotton, hand tufted, plush, heavy",,,,,,,,https://jonathankhobson.github.io/shareables/assets/etsy-image-rescue-2026-05-29/images/fw103rdset-batch-14_07_fw103rdset-batch-14-medium-heavy-two-giant-peacocks-vintage-chenille-b.jpg,7,"Medium heavy ""Two Giant Peacocks"" vintage chenille bathrobe upcycled from hand tufted chenille bedspreads",
medium-heavy-two-giant-peacocks-vintage-chenille-bathrobe-upcycled-from-hand-tuf,,,,,Bathrobe,"vintage, chenille, bathrobe, robe, upcycled, bedspread, peacock, cotton, hand tufted, plush, heavy",,,,,,,,https://jonathankhobson.github.io/shareables/assets/etsy-image-rescue-2026-05-29/images/fw103rdset-batch-14_08_fw103rdset-batch-14-medium-heavy-two-giant-peacocks-vintage-chenille-b.jpg,8,"Medium heavy ""Two Giant Peacocks"" vintage chenille bathrobe upcycled from hand tufted chenille bedspreads",
medium-plush-and-heavy-green-goddess-vintage-chenille-bathrobe-upcycled-from-han,"Medium plush and heavy ""Green Goddess"" vintage chenille bathrobe upcycled from hand tufted chenille bedspreads","<p>Vintage beige chenille, soft colors. Pretty bouquet of flowers behind the knees; with
more on each sleeve. Sleeves, belt and band collar are that gorgeous sea glass green
chenille.
Medium can fit up to a woman&#x27;s size 12, with pockets; machine washable too.
Chenille bedspreads were created and manufactured in the US during the 1930s to the
1950s; much of it was hand tufted. The hand tufting process was often a series of knots
tied in a pre-printed design onto cotton (muslin) fabric. These one-of-a-kind bedspreads
varied by the tufter, as well as by materials used.
The production of chenille stopped in the United States after about 1960, and much of it
is being up cycled and given new life. Since the supply of vintage chenille is limited and
finite, it has become more difficult to find! Although chenille is durable, it can suffer
wear over time that may take the form of thinning lines of chenille, skipped spots where
chenille has come out; small pinholes, or variations in color. If any of these
imperfections are notable, I will mention them in the description below, but because the</p>",,,Bathrobe,"vintage, chenille, bathrobe, robe, upcycled, bedspread, flower, cotton, hand tufted, plush, heavy",FALSE,Title,Default Title,FW-104-B15,,TRUE,TRUE,https://jonathankhobson.github.io/shareables/assets/etsy-image-rescue-2026-05-29/images/fw104thset-batch-15_01_fw104thset-batch-15-medium-plush-and-heavy-green-goddess-vintage-cheni.jpg,1,"Medium plush and heavy ""Green Goddess"" vintage chenille bathrobe upcycled from hand tufted chenille bedspreads",draft
medium-plush-and-heavy-green-goddess-vintage-chenille-bathrobe-upcycled-from-han,,,,,Bathrobe,"vintage, chenille, bathrobe, robe, upcycled, bedspread, flower, cotton, hand tufted, plush, heavy",,,,,,,,https://jonathankhobson.github.io/shareables/assets/etsy-image-rescue-2026-05-29/images/fw104thset-batch-15_02_fw104thset-batch-15-medium-plush-and-heavy-green-goddess-vintage-cheni.jpg,2,"Medium plush and heavy ""Green Goddess"" vintage chenille bathrobe upcycled from hand tufted chenille bedspreads",
medium-plush-and-heavy-green-goddess-vintage-chenille-bathrobe-upcycled-from-han,,,,,Bathrobe,"vintage, chenille, bathrobe, robe, upcycled, bedspread, flower, cotton, hand tufted, plush, heavy",,,,,,,,https://jonathankhobson.github.io/shareables/assets/etsy-image-rescue-2026-05-29/images/fw104thset-batch-15_03_fw104thset-batch-15-medium-plush-and-heavy-green-goddess-vintage-cheni.jpg,3,"Medium plush and heavy ""Green Goddess"" vintage chenille bathrobe upcycled from hand tufted chenille bedspreads",
medium-plush-and-heavy-green-goddess-vintage-chenille-bathrobe-upcycled-from-han,,,,,Bathrobe,"vintage, chenille, bathrobe, robe, upcycled, bedspread, flower, cotton, hand tufted, plush, heavy",,,,,,,,https://jonathankhobson.github.io/shareables/assets/etsy-image-rescue-2026-05-29/images/fw104thset-batch-15_04_fw104thset-batch-15-medium-plush-and-heavy-green-goddess-vintage-cheni.jpg,4,"Medium plush and heavy ""Green Goddess"" vintage chenille bathrobe upcycled from hand tufted chenille bedspreads",
medium-plush-and-heavy-green-goddess-vintage-chenille-bathrobe-upcycled-from-han,,,,,Bathrobe,"vintage, chenille, bathrobe, robe, upcycled, bedspread, flower, cotton, hand tufted, plush, heavy",,,,,,,,https://jonathankhobson.github.io/shareables/assets/etsy-image-rescue-2026-05-29/images/fw104thset-batch-15_05_fw104thset-batch-15-medium-plush-and-heavy-green-goddess-vintage-cheni.jpg,5,"Medium plush and heavy ""Green Goddess"" vintage chenille bathrobe upcycled from hand tufted chenille bedspreads",
medium-plush-and-heavy-green-goddess-vintage-chenille-bathrobe-upcycled-from-han,,,,,Bathrobe,"vintage, chenille, bathrobe, robe, upcycled, bedspread, flower, cotton, hand tufted, plush, heavy",,,,,,,,https://jonathankhobson.github.io/shareables/assets/etsy-image-rescue-2026-05-29/images/fw104thset-batch-15_06_fw104thset-batch-15-medium-plush-and-heavy-green-goddess-vintage-cheni.jpg,6,"Medium plush and heavy ""Green Goddess"" vintage chenille bathrobe upcycled from hand tufted chenille bedspreads",
medium-plush-and-heavy-green-goddess-vintage-chenille-bathrobe-upcycled-from-han,,,,,Bathrobe,"vintage, chenille, bathrobe, robe, upcycled, bedspread, flower, cotton, hand tufted, plush, heavy",,,,,,,,https://jonathankhobson.github.io/shareables/assets/etsy-image-rescue-2026-05-29/images/fw104thset-batch-15_07_fw104thset-batch-15-medium-plush-and-heavy-green-goddess-vintage-cheni.jpg,7,"Medium plush and heavy ""Green Goddess"" vintage chenille bathrobe upcycled from hand tufted chenille bedspreads",
medium-plush-and-heavy-green-goddess-vintage-chenille-bathrobe-upcycled-from-han,,,,,Bathrobe,"vintage, chenille, bathrobe, robe, upcycled, bedspread, flower, cotton, hand tufted, plush, heavy",,,,,,,,https://jonathankhobson.github.io/shareables/assets/etsy-image-rescue-2026-05-29/images/fw104thset-batch-15_08_fw104thset-batch-15-medium-plush-and-heavy-green-goddess-vintage-cheni.jpg,8,"Medium plush and heavy ""Green Goddess"" vintage chenille bathrobe upcycled from hand tufted chenille bedspreads",
medium-plush-and-heavy-green-goddess-vintage-chenille-bathrobe-upcycled-from-han,,,,,Bathrobe,"vintage, chenille, bathrobe, robe, upcycled, bedspread, flower, cotton, hand tufted, plush, heavy",,,,,,,,https://jonathankhobson.github.io/shareables/assets/etsy-image-rescue-2026-05-29/images/fw104thset-batch-15_09_fw104thset-batch-15-medium-plush-and-heavy-green-goddess-vintage-cheni.jpg,9,"Medium plush and heavy ""Green Goddess"" vintage chenille bathrobe upcycled from hand tufted chenille bedspreads",
xl-very-heavy-snd-plush-english-rose-vintage-chenille-bathrobe-upcycled-from-han,"XL VERY heavy snd plush ""English Rose"" vintage chenille bathrobe upcycled from hand tufted chenille bedspreads Super duper plush lines of chenille, very thick and dense. Colors are very vibrants as","<p>Super duper plush lines of chenille, very thick and dense. Colors are very vibrants as
well, I don&#x27;t think the bedspread I used to create this bathrobe was ever used as bed
linens; the fabric is in excellent shape. The colors are classic, very MCM for sure. I used
a pretty and complimentary soft coffee/blush colored chenille, matches that color I the
body of the robe perfectly; and the sleeves even have some soft flour de le flowers on
them as well.
XL can fit up to a woman&#x27;s size 24, with pockets. Machine washable too.
Chenille bedspreads were created and manufactured in the US during the 1930s to the
1950s; much of it was hand tufted. The hand tufting process was often a series of knots
tied in a pre-printed design onto cotton (muslin) fabric. These one-of-a-kind bedspreads
varied by the tufter, as well as by materials used.
The production of chenille stopped in the United States after about 1960, and much of it
is being up cycled and given new life. Since the supply of vintage chenille is limited and
finite, it has become more difficult to find! Although chenille is durable, it can suffer</p>",,,Bathrobe,"vintage, chenille, bathrobe, robe, upcycled, bedspread, rose, flower, cotton, hand tufted, plush, heavy",FALSE,Title,Default Title,FW-105-B16,,TRUE,TRUE,https://jonathankhobson.github.io/shareables/assets/etsy-image-rescue-2026-05-29/images/fw105thset-batch-16_01_fw105thset-batch-16-xl-very-heavy-snd-plush-english-rose-vintage-cheni.jpg,1,"XL VERY heavy snd plush ""English Rose"" vintage chenille bathrobe upcycled from hand tufted chenille bedspreads Super duper plush lines of chenille, very thick and dense. Colors are very vibrants as",draft
xl-very-heavy-snd-plush-english-rose-vintage-chenille-bathrobe-upcycled-from-han,,,,,Bathrobe,"vintage, chenille, bathrobe, robe, upcycled, bedspread, rose, flower, cotton, hand tufted, plush, heavy",,,,,,,,https://jonathankhobson.github.io/shareables/assets/etsy-image-rescue-2026-05-29/images/fw105thset-batch-16_02_fw105thset-batch-16-xl-very-heavy-snd-plush-english-rose-vintage-cheni.jpg,2,"XL VERY heavy snd plush ""English Rose"" vintage chenille bathrobe upcycled from hand tufted chenille bedspreads Super duper plush lines of chenille, very thick and dense. Colors are very vibrants as",
xl-very-heavy-snd-plush-english-rose-vintage-chenille-bathrobe-upcycled-from-han,,,,,Bathrobe,"vintage, chenille, bathrobe, robe, upcycled, bedspread, rose, flower, cotton, hand tufted, plush, heavy",,,,,,,,https://jonathankhobson.github.io/shareables/assets/etsy-image-rescue-2026-05-29/images/fw105thset-batch-16_03_fw105thset-batch-16-xl-very-heavy-snd-plush-english-rose-vintage-cheni.jpg,3,"XL VERY heavy snd plush ""English Rose"" vintage chenille bathrobe upcycled from hand tufted chenille bedspreads Super duper plush lines of chenille, very thick and dense. Colors are very vibrants as",
xl-very-heavy-snd-plush-english-rose-vintage-chenille-bathrobe-upcycled-from-han,,,,,Bathrobe,"vintage, chenille, bathrobe, robe, upcycled, bedspread, rose, flower, cotton, hand tufted, plush, heavy",,,,,,,,https://jonathankhobson.github.io/shareables/assets/etsy-image-rescue-2026-05-29/images/fw105thset-batch-16_04_fw105thset-batch-16-xl-very-heavy-snd-plush-english-rose-vintage-cheni.jpg,4,"XL VERY heavy snd plush ""English Rose"" vintage chenille bathrobe upcycled from hand tufted chenille bedspreads Super duper plush lines of chenille, very thick and dense. Colors are very vibrants as",
xl-very-heavy-snd-plush-english-rose-vintage-chenille-bathrobe-upcycled-from-han,,,,,Bathrobe,"vintage, chenille, bathrobe, robe, upcycled, bedspread, rose, flower, cotton, hand tufted, plush, heavy",,,,,,,,https://jonathankhobson.github.io/shareables/assets/etsy-image-rescue-2026-05-29/images/fw105thset-batch-16_05_fw105thset-batch-16-xl-very-heavy-snd-plush-english-rose-vintage-cheni.jpg,5,"XL VERY heavy snd plush ""English Rose"" vintage chenille bathrobe upcycled from hand tufted chenille bedspreads Super duper plush lines of chenille, very thick and dense. Colors are very vibrants as",
xl-very-heavy-snd-plush-english-rose-vintage-chenille-bathrobe-upcycled-from-han,,,,,Bathrobe,"vintage, chenille, bathrobe, robe, upcycled, bedspread, rose, flower, cotton, hand tufted, plush, heavy",,,,,,,,https://jonathankhobson.github.io/shareables/assets/etsy-image-rescue-2026-05-29/images/fw105thset-batch-16_06_fw105thset-batch-16-xl-very-heavy-snd-plush-english-rose-vintage-cheni.jpg,6,"XL VERY heavy snd plush ""English Rose"" vintage chenille bathrobe upcycled from hand tufted chenille bedspreads Super duper plush lines of chenille, very thick and dense. Colors are very vibrants as",
xl-very-heavy-snd-plush-english-rose-vintage-chenille-bathrobe-upcycled-from-han,,,,,Bathrobe,"vintage, chenille, bathrobe, robe, upcycled, bedspread, rose, flower, cotton, hand tufted, plush, heavy",,,,,,,,https://jonathankhobson.github.io/shareables/assets/etsy-image-rescue-2026-05-29/images/fw105thset-batch-16_07_fw105thset-batch-16-xl-very-heavy-snd-plush-english-rose-vintage-cheni.jpg,7,"XL VERY heavy snd plush ""English Rose"" vintage chenille bathrobe upcycled from hand tufted chenille bedspreads Super duper plush lines of chenille, very thick and dense. Colors are very vibrants as",
xl-very-heavy-snd-plush-english-rose-vintage-chenille-bathrobe-upcycled-from-han,,,,,Bathrobe,"vintage, chenille, bathrobe, robe, upcycled, bedspread, rose, flower, cotton, hand tufted, plush, heavy",,,,,,,,https://jonathankhobson.github.io/shareables/assets/etsy-image-rescue-2026-05-29/images/fw105thset-batch-16_08_fw105thset-batch-16-xl-very-heavy-snd-plush-english-rose-vintage-cheni.jpg,8,"XL VERY heavy snd plush ""English Rose"" vintage chenille bathrobe upcycled from hand tufted chenille bedspreads Super duper plush lines of chenille, very thick and dense. Colors are very vibrants as",
xl-very-heavy-snd-plush-english-rose-vintage-chenille-bathrobe-upcycled-from-han,,,,,Bathrobe,"vintage, chenille, bathrobe, robe, upcycled, bedspread, rose, flower, cotton, hand tufted, plush, heavy",,,,,,,,https://jonathankhobson.github.io/shareables/assets/etsy-image-rescue-2026-05-29/images/fw105thset-batch-16_09_fw105thset-batch-16-xl-very-heavy-snd-plush-english-rose-vintage-cheni.jpg,9,"XL VERY heavy snd plush ""English Rose"" vintage chenille bathrobe upcycled from hand tufted chenille bedspreads Super duper plush lines of chenille, very thick and dense. Colors are very vibrants as",
mecium-soft-and-lightweight-love-you-to-the-moon-and-back-vintage-chenille-bathr,"Mecium soft and lightweight ""Love You to the Moon and Back"" vintage chenille bathrobe upcycled from hand tufted chenille bedspreads What makes vour item special? Buvers will only see the first few lines unless they expand the descrintion.","<p>Holy smokes...this is one of the most unusual chenille bedspreads I have ever upcycled.
a rocket ship and planets/stars/galaxies! Originally a &#x27;youth&#x27; bedspread, it is a summer
weight chenille. Vintage, but in great shape for its age, no holes or imperfections that I
could see! Such a cute design, appropriate for your stargazer, astronomer,
astrophysicist, or rocket scientist! the list is endless..
Sleeves are special as well, each has a tiny peacock and some red flowers too, colors
match the body of the robe perfectly.
My medium can fit up to a woman&#x27;s size 12, with pockets; machine washable too! this is
OOAK bedspread and the robe is now OOAK as well.</p>",,,Bathrobe,"vintage, chenille, bathrobe, robe, upcycled, bedspread, peacock, flower, hand tufted",FALSE,Title,Default Title,FW-106-B17,,TRUE,TRUE,https://jonathankhobson.github.io/shareables/assets/etsy-image-rescue-2026-05-29/images/fw106thset-batch-17_01_fw106thset-batch-17-mecium-soft-and-lightweight-love-you-to-the-moon-a.jpg,1,"Mecium soft and lightweight ""Love You to the Moon and Back"" vintage chenille bathrobe upcycled from hand tufted chenille bedspreads What makes vour item special? Buvers will only see the first few lines unless they expand the descrintion.",draft
mecium-soft-and-lightweight-love-you-to-the-moon-and-back-vintage-chenille-bathr,,,,,Bathrobe,"vintage, chenille, bathrobe, robe, upcycled, bedspread, peacock, flower, hand tufted",,,,,,,,https://jonathankhobson.github.io/shareables/assets/etsy-image-rescue-2026-05-29/images/fw106thset-batch-17_02_fw106thset-batch-17-mecium-soft-and-lightweight-love-you-to-the-moon-a.jpg,2,"Mecium soft and lightweight ""Love You to the Moon and Back"" vintage chenille bathrobe upcycled from hand tufted chenille bedspreads What makes vour item special? Buvers will only see the first few lines unless they expand the descrintion.",
mecium-soft-and-lightweight-love-you-to-the-moon-and-back-vintage-chenille-bathr,,,,,Bathrobe,"vintage, chenille, bathrobe, robe, upcycled, bedspread, peacock, flower, hand tufted",,,,,,,,https://jonathankhobson.github.io/shareables/assets/etsy-image-rescue-2026-05-29/images/fw106thset-batch-17_03_fw106thset-batch-17-mecium-soft-and-lightweight-love-you-to-the-moon-a.jpg,3,"Mecium soft and lightweight ""Love You to the Moon and Back"" vintage chenille bathrobe upcycled from hand tufted chenille bedspreads What makes vour item special? Buvers will only see the first few lines unless they expand the descrintion.",
mecium-soft-and-lightweight-love-you-to-the-moon-and-back-vintage-chenille-bathr,,,,,Bathrobe,"vintage, chenille, bathrobe, robe, upcycled, bedspread, peacock, flower, hand tufted",,,,,,,,https://jonathankhobson.github.io/shareables/assets/etsy-image-rescue-2026-05-29/images/fw106thset-batch-17_04_fw106thset-batch-17-mecium-soft-and-lightweight-love-you-to-the-moon-a.jpg,4,"Mecium soft and lightweight ""Love You to the Moon and Back"" vintage chenille bathrobe upcycled from hand tufted chenille bedspreads What makes vour item special? Buvers will only see the first few lines unless they expand the descrintion.",
mecium-soft-and-lightweight-love-you-to-the-moon-and-back-vintage-chenille-bathr,,,,,Bathrobe,"vintage, chenille, bathrobe, robe, upcycled, bedspread, peacock, flower, hand tufted",,,,,,,,https://jonathankhobson.github.io/shareables/assets/etsy-image-rescue-2026-05-29/images/fw106thset-batch-17_05_fw106thset-batch-17-mecium-soft-and-lightweight-love-you-to-the-moon-a.jpg,5,"Mecium soft and lightweight ""Love You to the Moon and Back"" vintage chenille bathrobe upcycled from hand tufted chenille bedspreads What makes vour item special? Buvers will only see the first few lines unless they expand the descrintion.",
mecium-soft-and-lightweight-love-you-to-the-moon-and-back-vintage-chenille-bathr,,,,,Bathrobe,"vintage, chenille, bathrobe, robe, upcycled, bedspread, peacock, flower, hand tufted",,,,,,,,https://jonathankhobson.github.io/shareables/assets/etsy-image-rescue-2026-05-29/images/fw106thset-batch-17_06_fw106thset-batch-17-mecium-soft-and-lightweight-love-you-to-the-moon-a.jpg,6,"Mecium soft and lightweight ""Love You to the Moon and Back"" vintage chenille bathrobe upcycled from hand tufted chenille bedspreads What makes vour item special? Buvers will only see the first few lines unless they expand the descrintion.",
mecium-soft-and-lightweight-love-you-to-the-moon-and-back-vintage-chenille-bathr,,,,,Bathrobe,"vintage, chenille, bathrobe, robe, upcycled, bedspread, peacock, flower, hand tufted",,,,,,,,https://jonathankhobson.github.io/shareables/assets/etsy-image-rescue-2026-05-29/images/fw106thset-batch-17_07_fw106thset-batch-17-mecium-soft-and-lightweight-love-you-to-the-moon-a.jpg,7,"Mecium soft and lightweight ""Love You to the Moon and Back"" vintage chenille bathrobe upcycled from hand tufted chenille bedspreads What makes vour item special? Buvers will only see the first few lines unless they expand the descrintion.",
mecium-soft-and-lightweight-love-you-to-the-moon-and-back-vintage-chenille-bathr,,,,,Bathrobe,"vintage, chenille, bathrobe, robe, upcycled, bedspread, peacock, flower, hand tufted",,,,,,,,https://jonathankhobson.github.io/shareables/assets/etsy-image-rescue-2026-05-29/images/fw106thset-batch-17_08_fw106thset-batch-17-mecium-soft-and-lightweight-love-you-to-the-moon-a.jpg,8,"Mecium soft and lightweight ""Love You to the Moon and Back"" vintage chenille bathrobe upcycled from hand tufted chenille bedspreads What makes vour item special? Buvers will only see the first few lines unless they expand the descrintion.",
mecium-soft-and-lightweight-love-you-to-the-moon-and-back-vintage-chenille-bathr,,,,,Bathrobe,"vintage, chenille, bathrobe, robe, upcycled, bedspread, peacock, flower, hand tufted",,,,,,,,https://jonathankhobson.github.io/shareables/assets/etsy-image-rescue-2026-05-29/images/fw106thset-batch-17_09_fw106thset-batch-17-mecium-soft-and-lightweight-love-you-to-the-moon-a.jpg,9,"Mecium soft and lightweight ""Love You to the Moon and Back"" vintage chenille bathrobe upcycled from hand tufted chenille bedspreads What makes vour item special? Buvers will only see the first few lines unless they expand the descrintion.",
small-plush-and-heavy-sunrise-in-the-garden-vintage-chenille-bathrobe-upcycled-f,"Small plush and heavy ""Sunrise in the Garden"" vintage chenille bathrobe upcycled from hand tufted chenille bedspreads","<p>This chenille is very plushly tufted, pretty close to &#x27;pristine&#x27; condition overall. The flowers
are especially wonderful, so make sure to zoom in. The colors of the flowers are also
very pretty, they are enormous!
Small can fit up to a woman&#x27;s size 8, with pockets. Machine washable too
Chenille bedspreads were created and manufactured in the US during the 1930s to the
1950s; much of it was hand tufted. The hand tufting process was often a series of knots
tied in a pre-printed design onto cotton (muslin) fabric. These one-of-a-kind bedspreads
varied by the tufter, as well as by materials used.
The production of chenille stopped in the United States after about 1960, and much of it
is being up cycled and given new life. Since the supply of vintage chenille is limited and
finite, it has become more difficult to find! Although chenille is durable, it can suffer
wear over time that may take the form of thinning lines of chenille, skipped spots where
chenille has come out; small pinholes, or variations in color. If any of these
imperfections are notable, I will mention them in the description below, but because the</p>",,,Bathrobe,"vintage, chenille, bathrobe, robe, upcycled, bedspread, flower, cotton, hand tufted, plush, heavy",FALSE,Title,Default Title,FW-107-B18,,TRUE,TRUE,https://jonathankhobson.github.io/shareables/assets/etsy-image-rescue-2026-05-29/images/fw107thset-batch-18_01_fw107thset-batch-18-small-plush-and-heavy-sunrise-in-the-garden-vintag.jpg,1,"Small plush and heavy ""Sunrise in the Garden"" vintage chenille bathrobe upcycled from hand tufted chenille bedspreads",draft
small-plush-and-heavy-sunrise-in-the-garden-vintage-chenille-bathrobe-upcycled-f,,,,,Bathrobe,"vintage, chenille, bathrobe, robe, upcycled, bedspread, flower, cotton, hand tufted, plush, heavy",,,,,,,,https://jonathankhobson.github.io/shareables/assets/etsy-image-rescue-2026-05-29/images/fw107thset-batch-18_02_fw107thset-batch-18-small-plush-and-heavy-sunrise-in-the-garden-vintag.jpg,2,"Small plush and heavy ""Sunrise in the Garden"" vintage chenille bathrobe upcycled from hand tufted chenille bedspreads",
small-plush-and-heavy-sunrise-in-the-garden-vintage-chenille-bathrobe-upcycled-f,,,,,Bathrobe,"vintage, chenille, bathrobe, robe, upcycled, bedspread, flower, cotton, hand tufted, plush, heavy",,,,,,,,https://jonathankhobson.github.io/shareables/assets/etsy-image-rescue-2026-05-29/images/fw107thset-batch-18_03_fw107thset-batch-18-small-plush-and-heavy-sunrise-in-the-garden-vintag.jpg,3,"Small plush and heavy ""Sunrise in the Garden"" vintage chenille bathrobe upcycled from hand tufted chenille bedspreads",
small-plush-and-heavy-sunrise-in-the-garden-vintage-chenille-bathrobe-upcycled-f,,,,,Bathrobe,"vintage, chenille, bathrobe, robe, upcycled, bedspread, flower, cotton, hand tufted, plush, heavy",,,,,,,,https://jonathankhobson.github.io/shareables/assets/etsy-image-rescue-2026-05-29/images/fw107thset-batch-18_04_fw107thset-batch-18-small-plush-and-heavy-sunrise-in-the-garden-vintag.jpg,4,"Small plush and heavy ""Sunrise in the Garden"" vintage chenille bathrobe upcycled from hand tufted chenille bedspreads",
small-plush-and-heavy-sunrise-in-the-garden-vintage-chenille-bathrobe-upcycled-f,,,,,Bathrobe,"vintage, chenille, bathrobe, robe, upcycled, bedspread, flower, cotton, hand tufted, plush, heavy",,,,,,,,https://jonathankhobson.github.io/shareables/assets/etsy-image-rescue-2026-05-29/images/fw107thset-batch-18_05_fw107thset-batch-18-small-plush-and-heavy-sunrise-in-the-garden-vintag.jpg,5,"Small plush and heavy ""Sunrise in the Garden"" vintage chenille bathrobe upcycled from hand tufted chenille bedspreads",
small-plush-and-heavy-sunrise-in-the-garden-vintage-chenille-bathrobe-upcycled-f,,,,,Bathrobe,"vintage, chenille, bathrobe, robe, upcycled, bedspread, flower, cotton, hand tufted, plush, heavy",,,,,,,,https://jonathankhobson.github.io/shareables/assets/etsy-image-rescue-2026-05-29/images/fw107thset-batch-18_06_fw107thset-batch-18-small-plush-and-heavy-sunrise-in-the-garden-vintag.jpg,6,"Small plush and heavy ""Sunrise in the Garden"" vintage chenille bathrobe upcycled from hand tufted chenille bedspreads",
small-plush-and-heavy-sunrise-in-the-garden-vintage-chenille-bathrobe-upcycled-f,,,,,Bathrobe,"vintage, chenille, bathrobe, robe, upcycled, bedspread, flower, cotton, hand tufted, plush, heavy",,,,,,,,https://jonathankhobson.github.io/shareables/assets/etsy-image-rescue-2026-05-29/images/fw107thset-batch-18_07_fw107thset-batch-18-small-plush-and-heavy-sunrise-in-the-garden-vintag.jpg,7,"Small plush and heavy ""Sunrise in the Garden"" vintage chenille bathrobe upcycled from hand tufted chenille bedspreads",
small-plush-and-heavy-sunrise-in-the-garden-vintage-chenille-bathrobe-upcycled-f,,,,,Bathrobe,"vintage, chenille, bathrobe, robe, upcycled, bedspread, flower, cotton, hand tufted, plush, heavy",,,,,,,,https://jonathankhobson.github.io/shareables/assets/etsy-image-rescue-2026-05-29/images/fw107thset-batch-18_08_fw107thset-batch-18-small-plush-and-heavy-sunrise-in-the-garden-vintag.jpg,8,"Small plush and heavy ""Sunrise in the Garden"" vintage chenille bathrobe upcycled from hand tufted chenille bedspreads",
small-plush-and-heavy-sunrise-in-the-garden-vintage-chenille-bathrobe-upcycled-f,,,,,Bathrobe,"vintage, chenille, bathrobe, robe, upcycled, bedspread, flower, cotton, hand tufted, plush, heavy",,,,,,,,https://jonathankhobson.github.io/shareables/assets/etsy-image-rescue-2026-05-29/images/fw107thset-batch-18_09_fw107thset-batch-18-small-plush-and-heavy-sunrise-in-the-garden-vintag.jpg,9,"Small plush and heavy ""Sunrise in the Garden"" vintage chenille bathrobe upcycled from hand tufted chenille bedspreads",
small-plush-and-heavy-sunrise-in-the-garden-vintage-chenille-bathrobe-upcycled-f,,,,,Bathrobe,"vintage, chenille, bathrobe, robe, upcycled, bedspread, flower, cotton, hand tufted, plush, heavy",,,,,,,,https://jonathankhobson.github.io/shareables/assets/etsy-image-rescue-2026-05-29/images/fw107thset-batch-18_10_fw107thset-batch-18-small-plush-and-heavy-sunrise-in-the-garden-vintag.jpg,10,"Small plush and heavy ""Sunrise in the Garden"" vintage chenille bathrobe upcycled from hand tufted chenille bedspreads",
large-plush-and-heavy-barbie-s-flower-basket-vintage-chenille-bathrobe-upcycled,"Large plush and heavy ""Barbie's Flower Basket"" vintage chenille bathrobe upcycled from hand tufted chenille bedspread","<p>Super plush chenille, those lines of chenille (which means &#x27;caterpillar&#x27; in French) are very
chubby caterpillars! Chenille is tufted in many different ways/styles, this one is very
thick. Ginormous flower basket in the middle of the back, with waves of pink chenille
under and all over the front of the robe. Sleeves are white, with pink lines of chenille at
the end of each; very symmetrical.
Large can fit up to a woman&#x27;s size 18, with pockets; machine washable too.
Chenille bedspreads were created and manufactured in the US during the 1930s to the
1950s; much of it was hand tufted. The hand tufting process was often a series of knots
tied in a pre-printed design onto cotton (muslin) fabric. These one-of-a-kind bedspreads
varied by the tufter, as well as by materials used.
The production of chenille stopped in the United States after about 1960, and much of it
is being up cycled and given new life. Since the supply of vintage chenille is limited and
finite, it has become more difficult to find! Although chenille is durable, it can suffer
wear over time that may take the form of thinning lines of chenille, skipped spots where
abanilla bar sama
aut amall ninbalas are
enristians in salar If anuaftbass</p>",,,Bathrobe,"vintage, chenille, bathrobe, robe, upcycled, bedspread, flower, cotton, hand tufted, plush, heavy",FALSE,Title,Default Title,FW-108-B19,,TRUE,TRUE,https://jonathankhobson.github.io/shareables/assets/etsy-image-rescue-2026-05-29/images/fw108thset-batch-19_01_fw108thset-batch-19-large-plush-and-heavy-barbie-s-flower-basket-vinta.jpg,1,"Large plush and heavy ""Barbie's Flower Basket"" vintage chenille bathrobe upcycled from hand tufted chenille bedspread",draft
large-plush-and-heavy-barbie-s-flower-basket-vintage-chenille-bathrobe-upcycled,,,,,Bathrobe,"vintage, chenille, bathrobe, robe, upcycled, bedspread, flower, cotton, hand tufted, plush, heavy",,,,,,,,https://jonathankhobson.github.io/shareables/assets/etsy-image-rescue-2026-05-29/images/fw108thset-batch-19_02_fw108thset-batch-19-large-plush-and-heavy-barbie-s-flower-basket-vinta.jpg,2,"Large plush and heavy ""Barbie's Flower Basket"" vintage chenille bathrobe upcycled from hand tufted chenille bedspread",
large-plush-and-heavy-barbie-s-flower-basket-vintage-chenille-bathrobe-upcycled,,,,,Bathrobe,"vintage, chenille, bathrobe, robe, upcycled, bedspread, flower, cotton, hand tufted, plush, heavy",,,,,,,,https://jonathankhobson.github.io/shareables/assets/etsy-image-rescue-2026-05-29/images/fw108thset-batch-19_03_fw108thset-batch-19-large-plush-and-heavy-barbie-s-flower-basket-vinta.jpg,3,"Large plush and heavy ""Barbie's Flower Basket"" vintage chenille bathrobe upcycled from hand tufted chenille bedspread",
large-plush-and-heavy-barbie-s-flower-basket-vintage-chenille-bathrobe-upcycled,,,,,Bathrobe,"vintage, chenille, bathrobe, robe, upcycled, bedspread, flower, cotton, hand tufted, plush, heavy",,,,,,,,https://jonathankhobson.github.io/shareables/assets/etsy-image-rescue-2026-05-29/images/fw108thset-batch-19_04_fw108thset-batch-19-large-plush-and-heavy-barbie-s-flower-basket-vinta.jpg,4,"Large plush and heavy ""Barbie's Flower Basket"" vintage chenille bathrobe upcycled from hand tufted chenille bedspread",
large-plush-and-heavy-barbie-s-flower-basket-vintage-chenille-bathrobe-upcycled,,,,,Bathrobe,"vintage, chenille, bathrobe, robe, upcycled, bedspread, flower, cotton, hand tufted, plush, heavy",,,,,,,,https://jonathankhobson.github.io/shareables/assets/etsy-image-rescue-2026-05-29/images/fw108thset-batch-19_05_fw108thset-batch-19-large-plush-and-heavy-barbie-s-flower-basket-vinta.jpg,5,"Large plush and heavy ""Barbie's Flower Basket"" vintage chenille bathrobe upcycled from hand tufted chenille bedspread",
large-plush-and-heavy-barbie-s-flower-basket-vintage-chenille-bathrobe-upcycled,,,,,Bathrobe,"vintage, chenille, bathrobe, robe, upcycled, bedspread, flower, cotton, hand tufted, plush, heavy",,,,,,,,https://jonathankhobson.github.io/shareables/assets/etsy-image-rescue-2026-05-29/images/fw108thset-batch-19_06_fw108thset-batch-19-large-plush-and-heavy-barbie-s-flower-basket-vinta.jpg,6,"Large plush and heavy ""Barbie's Flower Basket"" vintage chenille bathrobe upcycled from hand tufted chenille bedspread",
large-plush-and-heavy-barbie-s-flower-basket-vintage-chenille-bathrobe-upcycled,,,,,Bathrobe,"vintage, chenille, bathrobe, robe, upcycled, bedspread, flower, cotton, hand tufted, plush, heavy",,,,,,,,https://jonathankhobson.github.io/shareables/assets/etsy-image-rescue-2026-05-29/images/fw108thset-batch-19_07_fw108thset-batch-19-large-plush-and-heavy-barbie-s-flower-basket-vinta.jpg,7,"Large plush and heavy ""Barbie's Flower Basket"" vintage chenille bathrobe upcycled from hand tufted chenille bedspread",
large-plush-and-heavy-barbie-s-flower-basket-vintage-chenille-bathrobe-upcycled,,,,,Bathrobe,"vintage, chenille, bathrobe, robe, upcycled, bedspread, flower, cotton, hand tufted, plush, heavy",,,,,,,,https://jonathankhobson.github.io/shareables/assets/etsy-image-rescue-2026-05-29/images/fw108thset-batch-19_08_fw108thset-batch-19-large-plush-and-heavy-barbie-s-flower-basket-vinta.jpg,8,"Large plush and heavy ""Barbie's Flower Basket"" vintage chenille bathrobe upcycled from hand tufted chenille bedspread",
small-mid-length-wrapped-up-in-a-bow-vintage-chenille-bathrobe-upcycled-from-che,"Small mid-length ""Wrapped up in a Bow"" vintage chenille bathrobe upcycled from chenille bedspread Heavy chenille, lots of flowers and even a giant bow on the back. This bathrobe is a bit","<p>Heavy chenille, lots of flowers and even a giant bow on the back. This bathrobe is a bit
shorter than most of mine, most likely will hit just below the knees, not the ankles like
most of the robe I created.
Small can fit up to a woman&#x27;s size 8 with pockets. Machine washable too.
Chenille bedspreads were created and manufactured in the US during the 1930s to the
1950s; much of it was hand tufted. The hand tufting process was often a series of knots
tied in a pre-printed design onto cotton (muslin) fabric. These one-of-a-kind bedspreads
varied by the tufter, as well as by materials used.
The production of chenille stopped in the United States after about 1960, and much of it
is being up cycled and given new life. Since the supply of vintage chenille is limited and
finite, it has become more difficult to find! Although chenille is durable, it can suffer
wear over time that may take the form of thinning lines of chenille, skipped spots where
chenille has come out; small pinholes, or variations in color. If any of these
imperfections are notable, I will mention them in the description below, but because the</p>",,,Bathrobe,"vintage, chenille, bathrobe, robe, upcycled, bedspread, flower, cotton, hand tufted, heavy",FALSE,Title,Default Title,FW-109-B20,,TRUE,TRUE,https://jonathankhobson.github.io/shareables/assets/etsy-image-rescue-2026-05-29/images/fw109thset-batch-20_01_fw109thset-batch-20-small-mid-length-wrapped-up-in-a-bow-vintage-cheni.jpg,1,"Small mid-length ""Wrapped up in a Bow"" vintage chenille bathrobe upcycled from chenille bedspread Heavy chenille, lots of flowers and even a giant bow on the back. This bathrobe is a bit",draft
small-mid-length-wrapped-up-in-a-bow-vintage-chenille-bathrobe-upcycled-from-che,,,,,Bathrobe,"vintage, chenille, bathrobe, robe, upcycled, bedspread, flower, cotton, hand tufted, heavy",,,,,,,,https://jonathankhobson.github.io/shareables/assets/etsy-image-rescue-2026-05-29/images/fw109thset-batch-20_02_fw109thset-batch-20-small-mid-length-wrapped-up-in-a-bow-vintage-cheni.jpg,2,"Small mid-length ""Wrapped up in a Bow"" vintage chenille bathrobe upcycled from chenille bedspread Heavy chenille, lots of flowers and even a giant bow on the back. This bathrobe is a bit",
small-mid-length-wrapped-up-in-a-bow-vintage-chenille-bathrobe-upcycled-from-che,,,,,Bathrobe,"vintage, chenille, bathrobe, robe, upcycled, bedspread, flower, cotton, hand tufted, heavy",,,,,,,,https://jonathankhobson.github.io/shareables/assets/etsy-image-rescue-2026-05-29/images/fw109thset-batch-20_03_fw109thset-batch-20-small-mid-length-wrapped-up-in-a-bow-vintage-cheni.jpg,3,"Small mid-length ""Wrapped up in a Bow"" vintage chenille bathrobe upcycled from chenille bedspread Heavy chenille, lots of flowers and even a giant bow on the back. This bathrobe is a bit",
small-mid-length-wrapped-up-in-a-bow-vintage-chenille-bathrobe-upcycled-from-che,,,,,Bathrobe,"vintage, chenille, bathrobe, robe, upcycled, bedspread, flower, cotton, hand tufted, heavy",,,,,,,,https://jonathankhobson.github.io/shareables/assets/etsy-image-rescue-2026-05-29/images/fw109thset-batch-20_04_fw109thset-batch-20-small-mid-length-wrapped-up-in-a-bow-vintage-cheni.jpg,4,"Small mid-length ""Wrapped up in a Bow"" vintage chenille bathrobe upcycled from chenille bedspread Heavy chenille, lots of flowers and even a giant bow on the back. This bathrobe is a bit",
small-mid-length-wrapped-up-in-a-bow-vintage-chenille-bathrobe-upcycled-from-che,,,,,Bathrobe,"vintage, chenille, bathrobe, robe, upcycled, bedspread, flower, cotton, hand tufted, heavy",,,,,,,,https://jonathankhobson.github.io/shareables/assets/etsy-image-rescue-2026-05-29/images/fw109thset-batch-20_05_fw109thset-batch-20-small-mid-length-wrapped-up-in-a-bow-vintage-cheni.jpg,5,"Small mid-length ""Wrapped up in a Bow"" vintage chenille bathrobe upcycled from chenille bedspread Heavy chenille, lots of flowers and even a giant bow on the back. This bathrobe is a bit",
small-mid-length-wrapped-up-in-a-bow-vintage-chenille-bathrobe-upcycled-from-che,,,,,Bathrobe,"vintage, chenille, bathrobe, robe, upcycled, bedspread, flower, cotton, hand tufted, heavy",,,,,,,,https://jonathankhobson.github.io/shareables/assets/etsy-image-rescue-2026-05-29/images/fw109thset-batch-20_06_fw109thset-batch-20-small-mid-length-wrapped-up-in-a-bow-vintage-cheni.jpg,6,"Small mid-length ""Wrapped up in a Bow"" vintage chenille bathrobe upcycled from chenille bedspread Heavy chenille, lots of flowers and even a giant bow on the back. This bathrobe is a bit",
small-mid-length-wrapped-up-in-a-bow-vintage-chenille-bathrobe-upcycled-from-che,,,,,Bathrobe,"vintage, chenille, bathrobe, robe, upcycled, bedspread, flower, cotton, hand tufted, heavy",,,,,,,,https://jonathankhobson.github.io/shareables/assets/etsy-image-rescue-2026-05-29/images/fw109thset-batch-20_07_fw109thset-batch-20-small-mid-length-wrapped-up-in-a-bow-vintage-cheni.jpg,7,"Small mid-length ""Wrapped up in a Bow"" vintage chenille bathrobe upcycled from chenille bedspread Heavy chenille, lots of flowers and even a giant bow on the back. This bathrobe is a bit",
small-mid-length-wrapped-up-in-a-bow-vintage-chenille-bathrobe-upcycled-from-che,,,,,Bathrobe,"vintage, chenille, bathrobe, robe, upcycled, bedspread, flower, cotton, hand tufted, heavy",,,,,,,,https://jonathankhobson.github.io/shareables/assets/etsy-image-rescue-2026-05-29/images/fw109thset-batch-20_08_fw109thset-batch-20-small-mid-length-wrapped-up-in-a-bow-vintage-cheni.jpg,8,"Small mid-length ""Wrapped up in a Bow"" vintage chenille bathrobe upcycled from chenille bedspread Heavy chenille, lots of flowers and even a giant bow on the back. This bathrobe is a bit",
small-mid-length-wrapped-up-in-a-bow-vintage-chenille-bathrobe-upcycled-from-che,,,,,Bathrobe,"vintage, chenille, bathrobe, robe, upcycled, bedspread, flower, cotton, hand tufted, heavy",,,,,,,,https://jonathankhobson.github.io/shareables/assets/etsy-image-rescue-2026-05-29/images/fw109thset-batch-20_09_fw109thset-batch-20-small-mid-length-wrapped-up-in-a-bow-vintage-cheni.jpg,9,"Small mid-length ""Wrapped up in a Bow"" vintage chenille bathrobe upcycled from chenille bedspread Heavy chenille, lots of flowers and even a giant bow on the back. This bathrobe is a bit",
large-super-plush-red-hot-pinwheels-chenille-bathrobe-upcycled-from-vintage-chen,"Large super plush ""Red Hot Pinwheels"" chenille bathrobe upcycled from vintage chenille bedspreads","<p>Super duper plush the pink and red pinwheels are a classic vintage design. Bright white
backing and chenille make that red really pop! Heavy chenille, very thick lines of chenille
were used in the tufting.
Size large can fit up to a woman&#x27;s size 18, with pockets. Mannequin is a size 10. Machine
washable
Chenille bedspreads were created and manufactured in the US during the 1930s to the
1950s; much of it was hand tufted. The hand tufting process was often a series of knots
tied in a pre-printed design onto cotton (muslin) fabric. These one-of-a-kind bedspreads
varied by the tufter, as well as by materials used.
The production of chenille stopped in the United States after about 1960, and much of it
is being up cycled and given new life. Since the supply of vintage chenille is limited and
finite, it has become more difficult to find! Although chenille is durable, it can suffer
wear over time that may take the form of thinning lines of chenille, skipped spots where
chenille has come out; small pinholes, or variations in color. If any of these</p>",,,Bathrobe,"vintage, chenille, bathrobe, robe, upcycled, bedspread, cotton, hand tufted, plush, heavy",FALSE,Title,Default Title,FW-110-B21,,TRUE,TRUE,https://jonathankhobson.github.io/shareables/assets/etsy-image-rescue-2026-05-29/images/fw110thset-batch-21_01_fw110thset-batch-21-large-super-plush-red-hot-pinwheels-chenille-bathr.jpg,1,"Large super plush ""Red Hot Pinwheels"" chenille bathrobe upcycled from vintage chenille bedspreads",draft
large-super-plush-red-hot-pinwheels-chenille-bathrobe-upcycled-from-vintage-chen,,,,,Bathrobe,"vintage, chenille, bathrobe, robe, upcycled, bedspread, cotton, hand tufted, plush, heavy",,,,,,,,https://jonathankhobson.github.io/shareables/assets/etsy-image-rescue-2026-05-29/images/fw110thset-batch-21_02_fw110thset-batch-21-large-super-plush-red-hot-pinwheels-chenille-bathr.jpg,2,"Large super plush ""Red Hot Pinwheels"" chenille bathrobe upcycled from vintage chenille bedspreads",
large-super-plush-red-hot-pinwheels-chenille-bathrobe-upcycled-from-vintage-chen,,,,,Bathrobe,"vintage, chenille, bathrobe, robe, upcycled, bedspread, cotton, hand tufted, plush, heavy",,,,,,,,https://jonathankhobson.github.io/shareables/assets/etsy-image-rescue-2026-05-29/images/fw110thset-batch-21_03_fw110thset-batch-21-large-super-plush-red-hot-pinwheels-chenille-bathr.jpg,3,"Large super plush ""Red Hot Pinwheels"" chenille bathrobe upcycled from vintage chenille bedspreads",
large-super-plush-red-hot-pinwheels-chenille-bathrobe-upcycled-from-vintage-chen,,,,,Bathrobe,"vintage, chenille, bathrobe, robe, upcycled, bedspread, cotton, hand tufted, plush, heavy",,,,,,,,https://jonathankhobson.github.io/shareables/assets/etsy-image-rescue-2026-05-29/images/fw110thset-batch-21_04_fw110thset-batch-21-large-super-plush-red-hot-pinwheels-chenille-bathr.jpg,4,"Large super plush ""Red Hot Pinwheels"" chenille bathrobe upcycled from vintage chenille bedspreads",
large-super-plush-red-hot-pinwheels-chenille-bathrobe-upcycled-from-vintage-chen,,,,,Bathrobe,"vintage, chenille, bathrobe, robe, upcycled, bedspread, cotton, hand tufted, plush, heavy",,,,,,,,https://jonathankhobson.github.io/shareables/assets/etsy-image-rescue-2026-05-29/images/fw110thset-batch-21_05_fw110thset-batch-21-large-super-plush-red-hot-pinwheels-chenille-bathr.jpg,5,"Large super plush ""Red Hot Pinwheels"" chenille bathrobe upcycled from vintage chenille bedspreads",
large-super-plush-red-hot-pinwheels-chenille-bathrobe-upcycled-from-vintage-chen,,,,,Bathrobe,"vintage, chenille, bathrobe, robe, upcycled, bedspread, cotton, hand tufted, plush, heavy",,,,,,,,https://jonathankhobson.github.io/shareables/assets/etsy-image-rescue-2026-05-29/images/fw110thset-batch-21_06_fw110thset-batch-21-large-super-plush-red-hot-pinwheels-chenille-bathr.jpg,6,"Large super plush ""Red Hot Pinwheels"" chenille bathrobe upcycled from vintage chenille bedspreads",
large-super-plush-red-hot-pinwheels-chenille-bathrobe-upcycled-from-vintage-chen,,,,,Bathrobe,"vintage, chenille, bathrobe, robe, upcycled, bedspread, cotton, hand tufted, plush, heavy",,,,,,,,https://jonathankhobson.github.io/shareables/assets/etsy-image-rescue-2026-05-29/images/fw110thset-batch-21_07_fw110thset-batch-21-large-super-plush-red-hot-pinwheels-chenille-bathr.jpg,7,"Large super plush ""Red Hot Pinwheels"" chenille bathrobe upcycled from vintage chenille bedspreads",
large-super-plush-red-hot-pinwheels-chenille-bathrobe-upcycled-from-vintage-chen,,,,,Bathrobe,"vintage, chenille, bathrobe, robe, upcycled, bedspread, cotton, hand tufted, plush, heavy",,,,,,,,https://jonathankhobson.github.io/shareables/assets/etsy-image-rescue-2026-05-29/images/fw110thset-batch-21_08_fw110thset-batch-21-large-super-plush-red-hot-pinwheels-chenille-bathr.jpg,8,"Large super plush ""Red Hot Pinwheels"" chenille bathrobe upcycled from vintage chenille bedspreads",
large-super-plush-red-hot-pinwheels-chenille-bathrobe-upcycled-from-vintage-chen,,,,,Bathrobe,"vintage, chenille, bathrobe, robe, upcycled, bedspread, cotton, hand tufted, plush, heavy",,,,,,,,https://jonathankhobson.github.io/shareables/assets/etsy-image-rescue-2026-05-29/images/fw110thset-batch-21_09_fw110thset-batch-21-large-super-plush-red-hot-pinwheels-chenille-bathr.jpg,9,"Large super plush ""Red Hot Pinwheels"" chenille bathrobe upcycled from vintage chenille bedspreads",
large-super-plush-red-hot-pinwheels-chenille-bathrobe-upcycled-from-vintage-chen,,,,,Bathrobe,"vintage, chenille, bathrobe, robe, upcycled, bedspread, cotton, hand tufted, plush, heavy",,,,,,,,https://jonathankhobson.github.io/shareables/assets/etsy-image-rescue-2026-05-29/images/fw110thset-batch-21_10_fw110thset-batch-21-large-super-plush-red-hot-pinwheels-chenille-bathr.jpg,10,"Large super plush ""Red Hot Pinwheels"" chenille bathrobe upcycled from vintage chenille bedspreads",
xl-soft-and-plush-sherbert-peavock-vintage-chenille-bathrobe-upcycled-from-hand,"XL soft and plush ""Sherbert Peavock"" vintage chenille bathrobe upcycled from hand tufted chenille bedspreads The colors in this bathrobe remind me of rainbow sherbet, so pretty and pastel. The","<p>Vy o
The colors in this bathrobe remind me of rainbow sherbet, so pretty and pastel. The
peacock on the back is simply gorgeous, very thickly tufted; and so thick you cannot see
the backing in between the lines of chenille. The peacock is surrounded by a peach
trellis and purple roses on the trellis. I chose purple for the sleeves to pick up those rose
colors.
XL can fit up to a woman&#x27;s size 24. with pockets; machine washable too.
Chenille bedspreads were created and manufactured in the US during the 1930s to the
1950s; much of it was hand tufted. The hand tufting process was often a series of knots
tied in a pre-printed design onto cotton (muslin) fabric. These one-of-a-kind bedspreads
varied by the tufter, as well as by materials used.
The production of chenille stopped in the United States after about 1960, and much of it
is being up cycled and given new life. Since the supply of vintage chenille is limited and
finite, it has become more difficult to find! Although chenille is durable, it can suffer
wear over time that may take the form of thinning lines of chenille, skipped spots where</p>",,,Bathrobe,"vintage, chenille, bathrobe, robe, upcycled, bedspread, peacock, rose, cotton, hand tufted, plush",FALSE,Title,Default Title,FW-111-B02,,TRUE,TRUE,https://jonathankhobson.github.io/shareables/assets/etsy-image-rescue-2026-05-29/images/fw111thset-batch-02_01_fw111thset-batch-02-xl-soft-and-plush-sherbert-peavock-vintage-chenill.jpg,1,"XL soft and plush ""Sherbert Peavock"" vintage chenille bathrobe upcycled from hand tufted chenille bedspreads The colors in this bathrobe remind me of rainbow sherbet, so pretty and pastel. The",draft
xl-soft-and-plush-sherbert-peavock-vintage-chenille-bathrobe-upcycled-from-hand,,,,,Bathrobe,"vintage, chenille, bathrobe, robe, upcycled, bedspread, peacock, rose, cotton, hand tufted, plush",,,,,,,,https://jonathankhobson.github.io/shareables/assets/etsy-image-rescue-2026-05-29/images/fw111thset-batch-02_02_fw111thset-batch-02-xl-soft-and-plush-sherbert-peavock-vintage-chenill.jpg,2,"XL soft and plush ""Sherbert Peavock"" vintage chenille bathrobe upcycled from hand tufted chenille bedspreads The colors in this bathrobe remind me of rainbow sherbet, so pretty and pastel. The",
xl-soft-and-plush-sherbert-peavock-vintage-chenille-bathrobe-upcycled-from-hand,,,,,Bathrobe,"vintage, chenille, bathrobe, robe, upcycled, bedspread, peacock, rose, cotton, hand tufted, plush",,,,,,,,https://jonathankhobson.github.io/shareables/assets/etsy-image-rescue-2026-05-29/images/fw111thset-batch-02_03_fw111thset-batch-02-xl-soft-and-plush-sherbert-peavock-vintage-chenill.jpg,3,"XL soft and plush ""Sherbert Peavock"" vintage chenille bathrobe upcycled from hand tufted chenille bedspreads The colors in this bathrobe remind me of rainbow sherbet, so pretty and pastel. The",
xl-soft-and-plush-sherbert-peavock-vintage-chenille-bathrobe-upcycled-from-hand,,,,,Bathrobe,"vintage, chenille, bathrobe, robe, upcycled, bedspread, peacock, rose, cotton, hand tufted, plush",,,,,,,,https://jonathankhobson.github.io/shareables/assets/etsy-image-rescue-2026-05-29/images/fw111thset-batch-02_04_fw111thset-batch-02-xl-soft-and-plush-sherbert-peavock-vintage-chenill.jpg,4,"XL soft and plush ""Sherbert Peavock"" vintage chenille bathrobe upcycled from hand tufted chenille bedspreads The colors in this bathrobe remind me of rainbow sherbet, so pretty and pastel. The",
xl-soft-and-plush-sherbert-peavock-vintage-chenille-bathrobe-upcycled-from-hand,,,,,Bathrobe,"vintage, chenille, bathrobe, robe, upcycled, bedspread, peacock, rose, cotton, hand tufted, plush",,,,,,,,https://jonathankhobson.github.io/shareables/assets/etsy-image-rescue-2026-05-29/images/fw111thset-batch-02_05_fw111thset-batch-02-xl-soft-and-plush-sherbert-peavock-vintage-chenill.jpg,5,"XL soft and plush ""Sherbert Peavock"" vintage chenille bathrobe upcycled from hand tufted chenille bedspreads The colors in this bathrobe remind me of rainbow sherbet, so pretty and pastel. The",
xl-soft-and-plush-sherbert-peavock-vintage-chenille-bathrobe-upcycled-from-hand,,,,,Bathrobe,"vintage, chenille, bathrobe, robe, upcycled, bedspread, peacock, rose, cotton, hand tufted, plush",,,,,,,,https://jonathankhobson.github.io/shareables/assets/etsy-image-rescue-2026-05-29/images/fw111thset-batch-02_06_fw111thset-batch-02-xl-soft-and-plush-sherbert-peavock-vintage-chenill.jpg,6,"XL soft and plush ""Sherbert Peavock"" vintage chenille bathrobe upcycled from hand tufted chenille bedspreads The colors in this bathrobe remind me of rainbow sherbet, so pretty and pastel. The",
xl-soft-and-plush-sherbert-peavock-vintage-chenille-bathrobe-upcycled-from-hand,,,,,Bathrobe,"vintage, chenille, bathrobe, robe, upcycled, bedspread, peacock, rose, cotton, hand tufted, plush",,,,,,,,https://jonathankhobson.github.io/shareables/assets/etsy-image-rescue-2026-05-29/images/fw111thset-batch-02_07_fw111thset-batch-02-xl-soft-and-plush-sherbert-peavock-vintage-chenill.jpg,7,"XL soft and plush ""Sherbert Peavock"" vintage chenille bathrobe upcycled from hand tufted chenille bedspreads The colors in this bathrobe remind me of rainbow sherbet, so pretty and pastel. The",
xl-soft-and-plush-sherbert-peavock-vintage-chenille-bathrobe-upcycled-from-hand,,,,,Bathrobe,"vintage, chenille, bathrobe, robe, upcycled, bedspread, peacock, rose, cotton, hand tufted, plush",,,,,,,,https://jonathankhobson.github.io/shareables/assets/etsy-image-rescue-2026-05-29/images/fw111thset-batch-02_08_fw111thset-batch-02-xl-soft-and-plush-sherbert-peavock-vintage-chenill.jpg,8,"XL soft and plush ""Sherbert Peavock"" vintage chenille bathrobe upcycled from hand tufted chenille bedspreads The colors in this bathrobe remind me of rainbow sherbet, so pretty and pastel. The",
xl-soft-and-plush-sherbert-peavock-vintage-chenille-bathrobe-upcycled-from-hand,,,,,Bathrobe,"vintage, chenille, bathrobe, robe, upcycled, bedspread, peacock, rose, cotton, hand tufted, plush",,,,,,,,https://jonathankhobson.github.io/shareables/assets/etsy-image-rescue-2026-05-29/images/fw111thset-batch-02_09_fw111thset-batch-02-xl-soft-and-plush-sherbert-peavock-vintage-chenill.jpg,9,"XL soft and plush ""Sherbert Peavock"" vintage chenille bathrobe upcycled from hand tufted chenille bedspreads The colors in this bathrobe remind me of rainbow sherbet, so pretty and pastel. The",
xl-soft-and-plush-sherbert-peavock-vintage-chenille-bathrobe-upcycled-from-hand,"XL soft and plush ""Sherbert Peavock"" vintage chenille bathrobe upcycled from hand tufted chenille bedspreads The colors in this bathrobe remind me of rainbow sherbet, so pretty and pastel. The","<p>Vy o
The colors in this bathrobe remind me of rainbow sherbet, so pretty and pastel. The
peacock on the back is simply gorgeous, very thickly tufted; and so thick you cannot see
the backing in between the lines of chenille. The peacock is surrounded by a peach
trellis and purple roses on the trellis. I chose purple for the sleeves to pick up those rose
colors.
XL can fit up to a woman&#x27;s size 24. with pockets; machine washable too.
Chenille bedspreads were created and manufactured in the US during the 1930s to the
1950s; much of it was hand tufted. The hand tufting process was often a series of knots
tied in a pre-printed design onto cotton (muslin) fabric. These one-of-a-kind bedspreads
varied by the tufter, as well as by materials used.
The production of chenille stopped in the United States after about 1960, and much of it
is being up cycled and given new life. Since the supply of vintage chenille is limited and
finite, it has become more difficult to find! Although chenille is durable, it can suffer
wear over time that may take the form of thinning lines of chenille, skipped spots where</p>",,,Bathrobe,"vintage, chenille, bathrobe, robe, upcycled, bedspread, peacock, rose, cotton, hand tufted, plush",FALSE,Title,Default Title,FW-111-B22,,TRUE,TRUE,https://jonathankhobson.github.io/shareables/assets/etsy-image-rescue-2026-05-29/images/fw111thset-batch-22_01_fw111thset-batch-22-xl-soft-and-plush-sherbert-peavock-vintage-chenill.jpg,1,"XL soft and plush ""Sherbert Peavock"" vintage chenille bathrobe upcycled from hand tufted chenille bedspreads The colors in this bathrobe remind me of rainbow sherbet, so pretty and pastel. The",draft
xl-soft-and-plush-sherbert-peavock-vintage-chenille-bathrobe-upcycled-from-hand,,,,,Bathrobe,"vintage, chenille, bathrobe, robe, upcycled, bedspread, peacock, rose, cotton, hand tufted, plush",,,,,,,,https://jonathankhobson.github.io/shareables/assets/etsy-image-rescue-2026-05-29/images/fw111thset-batch-22_02_fw111thset-batch-22-xl-soft-and-plush-sherbert-peavock-vintage-chenill.jpg,2,"XL soft and plush ""Sherbert Peavock"" vintage chenille bathrobe upcycled from hand tufted chenille bedspreads The colors in this bathrobe remind me of rainbow sherbet, so pretty and pastel. The",
xl-soft-and-plush-sherbert-peavock-vintage-chenille-bathrobe-upcycled-from-hand,,,,,Bathrobe,"vintage, chenille, bathrobe, robe, upcycled, bedspread, peacock, rose, cotton, hand tufted, plush",,,,,,,,https://jonathankhobson.github.io/shareables/assets/etsy-image-rescue-2026-05-29/images/fw111thset-batch-22_03_fw111thset-batch-22-xl-soft-and-plush-sherbert-peavock-vintage-chenill.jpg,3,"XL soft and plush ""Sherbert Peavock"" vintage chenille bathrobe upcycled from hand tufted chenille bedspreads The colors in this bathrobe remind me of rainbow sherbet, so pretty and pastel. The",
xl-soft-and-plush-sherbert-peavock-vintage-chenille-bathrobe-upcycled-from-hand,,,,,Bathrobe,"vintage, chenille, bathrobe, robe, upcycled, bedspread, peacock, rose, cotton, hand tufted, plush",,,,,,,,https://jonathankhobson.github.io/shareables/assets/etsy-image-rescue-2026-05-29/images/fw111thset-batch-22_04_fw111thset-batch-22-xl-soft-and-plush-sherbert-peavock-vintage-chenill.jpg,4,"XL soft and plush ""Sherbert Peavock"" vintage chenille bathrobe upcycled from hand tufted chenille bedspreads The colors in this bathrobe remind me of rainbow sherbet, so pretty and pastel. The",
xl-soft-and-plush-sherbert-peavock-vintage-chenille-bathrobe-upcycled-from-hand,,,,,Bathrobe,"vintage, chenille, bathrobe, robe, upcycled, bedspread, peacock, rose, cotton, hand tufted, plush",,,,,,,,https://jonathankhobson.github.io/shareables/assets/etsy-image-rescue-2026-05-29/images/fw111thset-batch-22_05_fw111thset-batch-22-xl-soft-and-plush-sherbert-peavock-vintage-chenill.jpg,5,"XL soft and plush ""Sherbert Peavock"" vintage chenille bathrobe upcycled from hand tufted chenille bedspreads The colors in this bathrobe remind me of rainbow sherbet, so pretty and pastel. The",
xl-soft-and-plush-sherbert-peavock-vintage-chenille-bathrobe-upcycled-from-hand,,,,,Bathrobe,"vintage, chenille, bathrobe, robe, upcycled, bedspread, peacock, rose, cotton, hand tufted, plush",,,,,,,,https://jonathankhobson.github.io/shareables/assets/etsy-image-rescue-2026-05-29/images/fw111thset-batch-22_06_fw111thset-batch-22-xl-soft-and-plush-sherbert-peavock-vintage-chenill.jpg,6,"XL soft and plush ""Sherbert Peavock"" vintage chenille bathrobe upcycled from hand tufted chenille bedspreads The colors in this bathrobe remind me of rainbow sherbet, so pretty and pastel. The",
xl-soft-and-plush-sherbert-peavock-vintage-chenille-bathrobe-upcycled-from-hand,,,,,Bathrobe,"vintage, chenille, bathrobe, robe, upcycled, bedspread, peacock, rose, cotton, hand tufted, plush",,,,,,,,https://jonathankhobson.github.io/shareables/assets/etsy-image-rescue-2026-05-29/images/fw111thset-batch-22_07_fw111thset-batch-22-xl-soft-and-plush-sherbert-peavock-vintage-chenill.jpg,7,"XL soft and plush ""Sherbert Peavock"" vintage chenille bathrobe upcycled from hand tufted chenille bedspreads The colors in this bathrobe remind me of rainbow sherbet, so pretty and pastel. The",
xl-soft-and-plush-sherbert-peavock-vintage-chenille-bathrobe-upcycled-from-hand,,,,,Bathrobe,"vintage, chenille, bathrobe, robe, upcycled, bedspread, peacock, rose, cotton, hand tufted, plush",,,,,,,,https://jonathankhobson.github.io/shareables/assets/etsy-image-rescue-2026-05-29/images/fw111thset-batch-22_08_fw111thset-batch-22-xl-soft-and-plush-sherbert-peavock-vintage-chenill.jpg,8,"XL soft and plush ""Sherbert Peavock"" vintage chenille bathrobe upcycled from hand tufted chenille bedspreads The colors in this bathrobe remind me of rainbow sherbet, so pretty and pastel. The",
xl-soft-and-plush-sherbert-peavock-vintage-chenille-bathrobe-upcycled-from-hand,,,,,Bathrobe,"vintage, chenille, bathrobe, robe, upcycled, bedspread, peacock, rose, cotton, hand tufted, plush",,,,,,,,https://jonathankhobson.github.io/shareables/assets/etsy-image-rescue-2026-05-29/images/fw111thset-batch-22_09_fw111thset-batch-22-xl-soft-and-plush-sherbert-peavock-vintage-chenill.jpg,9,"XL soft and plush ""Sherbert Peavock"" vintage chenille bathrobe upcycled from hand tufted chenille bedspreads The colors in this bathrobe remind me of rainbow sherbet, so pretty and pastel. The",
medium-heavy-and-plush-peachy-triple-peacock-vintage-chenille-bathrobe-upcycled,"Medium heavy and plush ""Peachy Triple Peacock"" vintage chenille bathrobe upcycled from hand tufted 'double' chenille bedspread Heavy 'double' chenille; which has the background chenille created by the manufacturer,","<p>Heavy &#x27;double&#x27; chenille; which has the background chenille created by the manufacturer,
and the hand tufted design on top of the manufactured chenille tufting. Gorgeous
Peavock with lots of colors, including peachy pink tail feathers. Two more smaller
peacocks are in the front of the robe, along with some scallops and more flowers.
Sleeves are blue &#x27;double wedding ring&#x27; design, very traditional. Size medium can fit up
to a woman&#x27;s size 12, with pockets. Machine washable too!
Chenille bedspreads were created and manufactured in the US during the 1930s to the
1950s; much of it was hand tufted. The hand tufting process was often a series of knots
tied in a pre-printed design onto cotton (muslin) fabric. These one-of-a-kind bedspreads
varied by the tufter, as well as by materials used.
The production of chenille stopped in the United States after about 1960, and much of it
is being up cycled and given new life. Since the supply of vintage chenille is limited and
finite, it has become more difficult to find! Although chenille is durable, it can suffer
wear over time that may take the form of thinning lines of chenille, skipped spots where</p>",,,Bathrobe,"vintage, chenille, bathrobe, robe, upcycled, bedspread, peacock, flower, cotton, hand tufted, plush, heavy",FALSE,Title,Default Title,FW-112-B03,,TRUE,TRUE,https://jonathankhobson.github.io/shareables/assets/etsy-image-rescue-2026-05-29/images/fw112thset-batch-03_01_fw112thset-batch-03-medium-heavy-and-plush-peachy-triple-peacock-vinta.jpg,1,"Medium heavy and plush ""Peachy Triple Peacock"" vintage chenille bathrobe upcycled from hand tufted 'double' chenille bedspread Heavy 'double' chenille; which has the background chenille created by the manufacturer,",draft
medium-heavy-and-plush-peachy-triple-peacock-vintage-chenille-bathrobe-upcycled,,,,,Bathrobe,"vintage, chenille, bathrobe, robe, upcycled, bedspread, peacock, flower, cotton, hand tufted, plush, heavy",,,,,,,,https://jonathankhobson.github.io/shareables/assets/etsy-image-rescue-2026-05-29/images/fw112thset-batch-03_02_fw112thset-batch-03-medium-heavy-and-plush-peachy-triple-peacock-vinta.jpg,2,"Medium heavy and plush ""Peachy Triple Peacock"" vintage chenille bathrobe upcycled from hand tufted 'double' chenille bedspread Heavy 'double' chenille; which has the background chenille created by the manufacturer,",
medium-heavy-and-plush-peachy-triple-peacock-vintage-chenille-bathrobe-upcycled,,,,,Bathrobe,"vintage, chenille, bathrobe, robe, upcycled, bedspread, peacock, flower, cotton, hand tufted, plush, heavy",,,,,,,,https://jonathankhobson.github.io/shareables/assets/etsy-image-rescue-2026-05-29/images/fw112thset-batch-03_03_fw112thset-batch-03-medium-heavy-and-plush-peachy-triple-peacock-vinta.jpg,3,"Medium heavy and plush ""Peachy Triple Peacock"" vintage chenille bathrobe upcycled from hand tufted 'double' chenille bedspread Heavy 'double' chenille; which has the background chenille created by the manufacturer,",
medium-heavy-and-plush-peachy-triple-peacock-vintage-chenille-bathrobe-upcycled,,,,,Bathrobe,"vintage, chenille, bathrobe, robe, upcycled, bedspread, peacock, flower, cotton, hand tufted, plush, heavy",,,,,,,,https://jonathankhobson.github.io/shareables/assets/etsy-image-rescue-2026-05-29/images/fw112thset-batch-03_04_fw112thset-batch-03-medium-heavy-and-plush-peachy-triple-peacock-vinta.jpg,4,"Medium heavy and plush ""Peachy Triple Peacock"" vintage chenille bathrobe upcycled from hand tufted 'double' chenille bedspread Heavy 'double' chenille; which has the background chenille created by the manufacturer,",
medium-heavy-and-plush-peachy-triple-peacock-vintage-chenille-bathrobe-upcycled,,,,,Bathrobe,"vintage, chenille, bathrobe, robe, upcycled, bedspread, peacock, flower, cotton, hand tufted, plush, heavy",,,,,,,,https://jonathankhobson.github.io/shareables/assets/etsy-image-rescue-2026-05-29/images/fw112thset-batch-03_05_fw112thset-batch-03-medium-heavy-and-plush-peachy-triple-peacock-vinta.jpg,5,"Medium heavy and plush ""Peachy Triple Peacock"" vintage chenille bathrobe upcycled from hand tufted 'double' chenille bedspread Heavy 'double' chenille; which has the background chenille created by the manufacturer,",
medium-heavy-and-plush-peachy-triple-peacock-vintage-chenille-bathrobe-upcycled,,,,,Bathrobe,"vintage, chenille, bathrobe, robe, upcycled, bedspread, peacock, flower, cotton, hand tufted, plush, heavy",,,,,,,,https://jonathankhobson.github.io/shareables/assets/etsy-image-rescue-2026-05-29/images/fw112thset-batch-03_06_fw112thset-batch-03-medium-heavy-and-plush-peachy-triple-peacock-vinta.jpg,6,"Medium heavy and plush ""Peachy Triple Peacock"" vintage chenille bathrobe upcycled from hand tufted 'double' chenille bedspread Heavy 'double' chenille; which has the background chenille created by the manufacturer,",
medium-heavy-and-plush-peachy-triple-peacock-vintage-chenille-bathrobe-upcycled,,,,,Bathrobe,"vintage, chenille, bathrobe, robe, upcycled, bedspread, peacock, flower, cotton, hand tufted, plush, heavy",,,,,,,,https://jonathankhobson.github.io/shareables/assets/etsy-image-rescue-2026-05-29/images/fw112thset-batch-03_07_fw112thset-batch-03-medium-heavy-and-plush-peachy-triple-peacock-vinta.jpg,7,"Medium heavy and plush ""Peachy Triple Peacock"" vintage chenille bathrobe upcycled from hand tufted 'double' chenille bedspread Heavy 'double' chenille; which has the background chenille created by the manufacturer,",
medium-heavy-and-plush-peachy-triple-peacock-vintage-chenille-bathrobe-upcycled,,,,,Bathrobe,"vintage, chenille, bathrobe, robe, upcycled, bedspread, peacock, flower, cotton, hand tufted, plush, heavy",,,,,,,,https://jonathankhobson.github.io/shareables/assets/etsy-image-rescue-2026-05-29/images/fw112thset-batch-03_08_fw112thset-batch-03-medium-heavy-and-plush-peachy-triple-peacock-vinta.jpg,8,"Medium heavy and plush ""Peachy Triple Peacock"" vintage chenille bathrobe upcycled from hand tufted 'double' chenille bedspread Heavy 'double' chenille; which has the background chenille created by the manufacturer,",
medium-heavy-and-plush-peachy-triple-peacock-vintage-chenille-bathrobe-upcycled,,,,,Bathrobe,"vintage, chenille, bathrobe, robe, upcycled, bedspread, peacock, flower, cotton, hand tufted, plush, heavy",,,,,,,,https://jonathankhobson.github.io/shareables/assets/etsy-image-rescue-2026-05-29/images/fw112thset-batch-03_09_fw112thset-batch-03-medium-heavy-and-plush-peachy-triple-peacock-vinta.jpg,9,"Medium heavy and plush ""Peachy Triple Peacock"" vintage chenille bathrobe upcycled from hand tufted 'double' chenille bedspread Heavy 'double' chenille; which has the background chenille created by the manufacturer,",
small-heavy-dusty-rose-quadruple-peacock-chenille-bathrobe-upcycled-from-vintage,"Small heavy ""Dusty Rose Quadruple Peacock"" chenille bathrobe upcycled from vintage hand tufted chenille bedspreads","<p>This small can fit up to a woman&#x27;s size 8, with pockets. Four (!) peacocks...large one in
the back, another large one AND two more tiny ones in the front! The chenille used in
this robe is sturdy and heavier than most, keep you nice and toasty! Each of the FOUR
peacocks is in beautiful colors of peach, blue, red and green. The sleeves match the
peach in the peacocks, and the green leaves match too! Peacocks coming and going...
All vintage fabrics have a history prior to being upcycled, some were more loved than
others. The majority of my creations are made from vintage fabrics, and I wash/dry them
prior to upcycling. I check each linen carefully, and work around any stains, pinholes
and/or missing chenille. I am human, however; and sometimes miss things. I document
the issues and relay them in the description. I did not notice any problems in this
garment.</p>",,,Bathrobe,"vintage, chenille, bathrobe, robe, upcycled, bedspread, peacock, rose, hand tufted, heavy",FALSE,Title,Default Title,FW-114-B04,,TRUE,TRUE,https://jonathankhobson.github.io/shareables/assets/etsy-image-rescue-2026-05-29/images/fw114thset-batch-04_01_fw114thset-batch-04-small-heavy-dusty-rose-quadruple-peacock-chenille.jpg,1,"Small heavy ""Dusty Rose Quadruple Peacock"" chenille bathrobe upcycled from vintage hand tufted chenille bedspreads",draft
small-heavy-dusty-rose-quadruple-peacock-chenille-bathrobe-upcycled-from-vintage,,,,,Bathrobe,"vintage, chenille, bathrobe, robe, upcycled, bedspread, peacock, rose, hand tufted, heavy",,,,,,,,https://jonathankhobson.github.io/shareables/assets/etsy-image-rescue-2026-05-29/images/fw114thset-batch-04_02_fw114thset-batch-04-small-heavy-dusty-rose-quadruple-peacock-chenille.jpg,2,"Small heavy ""Dusty Rose Quadruple Peacock"" chenille bathrobe upcycled from vintage hand tufted chenille bedspreads",
small-heavy-dusty-rose-quadruple-peacock-chenille-bathrobe-upcycled-from-vintage,,,,,Bathrobe,"vintage, chenille, bathrobe, robe, upcycled, bedspread, peacock, rose, hand tufted, heavy",,,,,,,,https://jonathankhobson.github.io/shareables/assets/etsy-image-rescue-2026-05-29/images/fw114thset-batch-04_03_fw114thset-batch-04-small-heavy-dusty-rose-quadruple-peacock-chenille.jpg,3,"Small heavy ""Dusty Rose Quadruple Peacock"" chenille bathrobe upcycled from vintage hand tufted chenille bedspreads",
small-heavy-dusty-rose-quadruple-peacock-chenille-bathrobe-upcycled-from-vintage,,,,,Bathrobe,"vintage, chenille, bathrobe, robe, upcycled, bedspread, peacock, rose, hand tufted, heavy",,,,,,,,https://jonathankhobson.github.io/shareables/assets/etsy-image-rescue-2026-05-29/images/fw114thset-batch-04_04_fw114thset-batch-04-small-heavy-dusty-rose-quadruple-peacock-chenille.jpg,4,"Small heavy ""Dusty Rose Quadruple Peacock"" chenille bathrobe upcycled from vintage hand tufted chenille bedspreads",
small-heavy-dusty-rose-quadruple-peacock-chenille-bathrobe-upcycled-from-vintage,,,,,Bathrobe,"vintage, chenille, bathrobe, robe, upcycled, bedspread, peacock, rose, hand tufted, heavy",,,,,,,,https://jonathankhobson.github.io/shareables/assets/etsy-image-rescue-2026-05-29/images/fw114thset-batch-04_05_fw114thset-batch-04-small-heavy-dusty-rose-quadruple-peacock-chenille.jpg,5,"Small heavy ""Dusty Rose Quadruple Peacock"" chenille bathrobe upcycled from vintage hand tufted chenille bedspreads",
small-heavy-dusty-rose-quadruple-peacock-chenille-bathrobe-upcycled-from-vintage,,,,,Bathrobe,"vintage, chenille, bathrobe, robe, upcycled, bedspread, peacock, rose, hand tufted, heavy",,,,,,,,https://jonathankhobson.github.io/shareables/assets/etsy-image-rescue-2026-05-29/images/fw114thset-batch-04_06_fw114thset-batch-04-small-heavy-dusty-rose-quadruple-peacock-chenille.jpg,6,"Small heavy ""Dusty Rose Quadruple Peacock"" chenille bathrobe upcycled from vintage hand tufted chenille bedspreads",
small-heavy-dusty-rose-quadruple-peacock-chenille-bathrobe-upcycled-from-vintage,,,,,Bathrobe,"vintage, chenille, bathrobe, robe, upcycled, bedspread, peacock, rose, hand tufted, heavy",,,,,,,,https://jonathankhobson.github.io/shareables/assets/etsy-image-rescue-2026-05-29/images/fw114thset-batch-04_07_fw114thset-batch-04-small-heavy-dusty-rose-quadruple-peacock-chenille.jpg,7,"Small heavy ""Dusty Rose Quadruple Peacock"" chenille bathrobe upcycled from vintage hand tufted chenille bedspreads",
small-heavy-dusty-rose-quadruple-peacock-chenille-bathrobe-upcycled-from-vintage,,,,,Bathrobe,"vintage, chenille, bathrobe, robe, upcycled, bedspread, peacock, rose, hand tufted, heavy",,,,,,,,https://jonathankhobson.github.io/shareables/assets/etsy-image-rescue-2026-05-29/images/fw114thset-batch-04_08_fw114thset-batch-04-small-heavy-dusty-rose-quadruple-peacock-chenille.jpg,8,"Small heavy ""Dusty Rose Quadruple Peacock"" chenille bathrobe upcycled from vintage hand tufted chenille bedspreads",
small-heavy-dusty-rose-quadruple-peacock-chenille-bathrobe-upcycled-from-vintage,,,,,Bathrobe,"vintage, chenille, bathrobe, robe, upcycled, bedspread, peacock, rose, hand tufted, heavy",,,,,,,,https://jonathankhobson.github.io/shareables/assets/etsy-image-rescue-2026-05-29/images/fw114thset-batch-04_09_fw114thset-batch-04-small-heavy-dusty-rose-quadruple-peacock-chenille.jpg,9,"Small heavy ""Dusty Rose Quadruple Peacock"" chenille bathrobe upcycled from vintage hand tufted chenille bedspreads",
large-lightweight-all-american-vintage-chenille-bathrobe-upcycled-from-youth-han,"Large lightweight ""All American"" vintage chenille bathrobe upcycled from'youth' hand tufted chenille bedspread Football moms/wives, this is your bathrobe! Looks like a football player kicking the","<p>Football moms/wives, this is your bathrobe! Looks like a football player kicking the
football over the goal line. The bedspread is a &#x27;youth&#x27; chenille, in the 1950s this was a
popular type of bedspread to put on your child&#x27;s bed...most likely in this case a young
boy. The sleeves are made of a bright blue chenille, with stars on it (for the &#x27;star&#x27; football
player), and the image on the back of the robe is of a football player kicking a field goal.
Large can fit up to a woman&#x27;s size 18, with pockets; machine washable too.
Chenille bedspreads were created and manufactured in the US during the 1930s to the
1950s; much of it was hand tufted. The hand tufting process was often a series of knots
tied in a pre-printed design onto cotton (muslin) fabric. These one-of-a-kind bedspreads
varied by the tufter, as well as by materials used.
The production of chenille stopped in the United States after about 1960, and much of it
is being up cycled and given new life. Since the supply of vintage chenille is limited and
finite, it has become more difficult to find! Although chenille is durable, it can suffer
wear over time that may take the form of thinning lines of chenille, skipped spots where</p>",,,Bathrobe,"vintage, chenille, bathrobe, robe, upcycled, bedspread, cotton, hand tufted",FALSE,Title,Default Title,FW-115-B05,,TRUE,TRUE,https://jonathankhobson.github.io/shareables/assets/etsy-image-rescue-2026-05-29/images/fw115thset-batch-05_01_fw115thset-batch-05-large-lightweight-all-american-vintage-chenille-ba.jpg,1,"Large lightweight ""All American"" vintage chenille bathrobe upcycled from'youth' hand tufted chenille bedspread Football moms/wives, this is your bathrobe! Looks like a football player kicking the",draft
large-lightweight-all-american-vintage-chenille-bathrobe-upcycled-from-youth-han,,,,,Bathrobe,"vintage, chenille, bathrobe, robe, upcycled, bedspread, cotton, hand tufted",,,,,,,,https://jonathankhobson.github.io/shareables/assets/etsy-image-rescue-2026-05-29/images/fw115thset-batch-05_02_fw115thset-batch-05-large-lightweight-all-american-vintage-chenille-ba.jpg,2,"Large lightweight ""All American"" vintage chenille bathrobe upcycled from'youth' hand tufted chenille bedspread Football moms/wives, this is your bathrobe! Looks like a football player kicking the",
large-lightweight-all-american-vintage-chenille-bathrobe-upcycled-from-youth-han,,,,,Bathrobe,"vintage, chenille, bathrobe, robe, upcycled, bedspread, cotton, hand tufted",,,,,,,,https://jonathankhobson.github.io/shareables/assets/etsy-image-rescue-2026-05-29/images/fw115thset-batch-05_03_fw115thset-batch-05-large-lightweight-all-american-vintage-chenille-ba.jpg,3,"Large lightweight ""All American"" vintage chenille bathrobe upcycled from'youth' hand tufted chenille bedspread Football moms/wives, this is your bathrobe! Looks like a football player kicking the",
large-lightweight-all-american-vintage-chenille-bathrobe-upcycled-from-youth-han,,,,,Bathrobe,"vintage, chenille, bathrobe, robe, upcycled, bedspread, cotton, hand tufted",,,,,,,,https://jonathankhobson.github.io/shareables/assets/etsy-image-rescue-2026-05-29/images/fw115thset-batch-05_04_fw115thset-batch-05-large-lightweight-all-american-vintage-chenille-ba.jpg,4,"Large lightweight ""All American"" vintage chenille bathrobe upcycled from'youth' hand tufted chenille bedspread Football moms/wives, this is your bathrobe! Looks like a football player kicking the",
large-lightweight-all-american-vintage-chenille-bathrobe-upcycled-from-youth-han,,,,,Bathrobe,"vintage, chenille, bathrobe, robe, upcycled, bedspread, cotton, hand tufted",,,,,,,,https://jonathankhobson.github.io/shareables/assets/etsy-image-rescue-2026-05-29/images/fw115thset-batch-05_05_fw115thset-batch-05-large-lightweight-all-american-vintage-chenille-ba.jpg,5,"Large lightweight ""All American"" vintage chenille bathrobe upcycled from'youth' hand tufted chenille bedspread Football moms/wives, this is your bathrobe! Looks like a football player kicking the",
large-lightweight-all-american-vintage-chenille-bathrobe-upcycled-from-youth-han,,,,,Bathrobe,"vintage, chenille, bathrobe, robe, upcycled, bedspread, cotton, hand tufted",,,,,,,,https://jonathankhobson.github.io/shareables/assets/etsy-image-rescue-2026-05-29/images/fw115thset-batch-05_06_fw115thset-batch-05-large-lightweight-all-american-vintage-chenille-ba.jpg,6,"Large lightweight ""All American"" vintage chenille bathrobe upcycled from'youth' hand tufted chenille bedspread Football moms/wives, this is your bathrobe! Looks like a football player kicking the",
large-lightweight-all-american-vintage-chenille-bathrobe-upcycled-from-youth-han,,,,,Bathrobe,"vintage, chenille, bathrobe, robe, upcycled, bedspread, cotton, hand tufted",,,,,,,,https://jonathankhobson.github.io/shareables/assets/etsy-image-rescue-2026-05-29/images/fw115thset-batch-05_07_fw115thset-batch-05-large-lightweight-all-american-vintage-chenille-ba.jpg,7,"Large lightweight ""All American"" vintage chenille bathrobe upcycled from'youth' hand tufted chenille bedspread Football moms/wives, this is your bathrobe! Looks like a football player kicking the",
large-lightweight-all-american-vintage-chenille-bathrobe-upcycled-from-youth-han,,,,,Bathrobe,"vintage, chenille, bathrobe, robe, upcycled, bedspread, cotton, hand tufted",,,,,,,,https://jonathankhobson.github.io/shareables/assets/etsy-image-rescue-2026-05-29/images/fw115thset-batch-05_08_fw115thset-batch-05-large-lightweight-all-american-vintage-chenille-ba.jpg,8,"Large lightweight ""All American"" vintage chenille bathrobe upcycled from'youth' hand tufted chenille bedspread Football moms/wives, this is your bathrobe! Looks like a football player kicking the",
large-lightweight-all-american-vintage-chenille-bathrobe-upcycled-from-youth-han,,,,,Bathrobe,"vintage, chenille, bathrobe, robe, upcycled, bedspread, cotton, hand tufted",,,,,,,,https://jonathankhobson.github.io/shareables/assets/etsy-image-rescue-2026-05-29/images/fw115thset-batch-05_09_fw115thset-batch-05-large-lightweight-all-american-vintage-chenille-ba.jpg,9,"Large lightweight ""All American"" vintage chenille bathrobe upcycled from'youth' hand tufted chenille bedspread Football moms/wives, this is your bathrobe! Looks like a football player kicking the",
medium-plush-and-heavy-dawn-in-the-forest-peacock-chenille-bathrobe-upcycled-fro,"Medium plush and heavy ""Dawn in the Forest"" peacock chenille bathrobe Upcycled from vintage hand tufted vintage chenille bedspreads","<p>Heavy chenille, plush tufting! Check out the tail, you cannot even see the3 backing
under the tail it is so plush. Pretty colors, that forest green in the tail of the peacock
along with yellow cranberry and peach, so pretty! Plush peach sleeves match the peach
in the peacock&#x27;s tail perfectly.
Medium can fit up to a woman&#x27;s size 12, with pockets. Machine washable.
Chenille bedspreads were created and manufactured in the US during the 1930s to the
1950s; much of it was hand tufted. The hand tufting process was often a series of knots
tied in a pre-printed design onto cotton (muslin) fabric. These one-of-a-kind bedspreads
varied by the tufter, as well as by materials used.
The production of chenille stopped in the United States after about 1960, and much of it
is being up cycled and given new life. Since the supply of vintage chenille is limited and
finite, it has become more difficult to find! Although chenille is durable, it can suffer
wear over time that may take the form of thinning lines of chenille, skipped spots where
chenille has come out; small pinholes, or variations in color. If any of these</p>",,,Bathrobe,"vintage, chenille, bathrobe, robe, upcycled, bedspread, peacock, cotton, hand tufted, plush, heavy",FALSE,Title,Default Title,FW-116-B06,,TRUE,TRUE,https://jonathankhobson.github.io/shareables/assets/etsy-image-rescue-2026-05-29/images/fw116thset-batch-06_01_fw116thset-batch-06-medium-plush-and-heavy-dawn-in-the-forest-peacock.jpg,1,"Medium plush and heavy ""Dawn in the Forest"" peacock chenille bathrobe Upcycled from vintage hand tufted vintage chenille bedspreads",draft
medium-plush-and-heavy-dawn-in-the-forest-peacock-chenille-bathrobe-upcycled-fro,,,,,Bathrobe,"vintage, chenille, bathrobe, robe, upcycled, bedspread, peacock, cotton, hand tufted, plush, heavy",,,,,,,,https://jonathankhobson.github.io/shareables/assets/etsy-image-rescue-2026-05-29/images/fw116thset-batch-06_02_fw116thset-batch-06-medium-plush-and-heavy-dawn-in-the-forest-peacock.jpg,2,"Medium plush and heavy ""Dawn in the Forest"" peacock chenille bathrobe Upcycled from vintage hand tufted vintage chenille bedspreads",
medium-plush-and-heavy-dawn-in-the-forest-peacock-chenille-bathrobe-upcycled-fro,,,,,Bathrobe,"vintage, chenille, bathrobe, robe, upcycled, bedspread, peacock, cotton, hand tufted, plush, heavy",,,,,,,,https://jonathankhobson.github.io/shareables/assets/etsy-image-rescue-2026-05-29/images/fw116thset-batch-06_03_fw116thset-batch-06-medium-plush-and-heavy-dawn-in-the-forest-peacock.jpg,3,"Medium plush and heavy ""Dawn in the Forest"" peacock chenille bathrobe Upcycled from vintage hand tufted vintage chenille bedspreads",
medium-plush-and-heavy-dawn-in-the-forest-peacock-chenille-bathrobe-upcycled-fro,,,,,Bathrobe,"vintage, chenille, bathrobe, robe, upcycled, bedspread, peacock, cotton, hand tufted, plush, heavy",,,,,,,,https://jonathankhobson.github.io/shareables/assets/etsy-image-rescue-2026-05-29/images/fw116thset-batch-06_04_fw116thset-batch-06-medium-plush-and-heavy-dawn-in-the-forest-peacock.jpg,4,"Medium plush and heavy ""Dawn in the Forest"" peacock chenille bathrobe Upcycled from vintage hand tufted vintage chenille bedspreads",
medium-plush-and-heavy-dawn-in-the-forest-peacock-chenille-bathrobe-upcycled-fro,,,,,Bathrobe,"vintage, chenille, bathrobe, robe, upcycled, bedspread, peacock, cotton, hand tufted, plush, heavy",,,,,,,,https://jonathankhobson.github.io/shareables/assets/etsy-image-rescue-2026-05-29/images/fw116thset-batch-06_05_fw116thset-batch-06-medium-plush-and-heavy-dawn-in-the-forest-peacock.jpg,5,"Medium plush and heavy ""Dawn in the Forest"" peacock chenille bathrobe Upcycled from vintage hand tufted vintage chenille bedspreads",
medium-plush-and-heavy-dawn-in-the-forest-peacock-chenille-bathrobe-upcycled-fro,,,,,Bathrobe,"vintage, chenille, bathrobe, robe, upcycled, bedspread, peacock, cotton, hand tufted, plush, heavy",,,,,,,,https://jonathankhobson.github.io/shareables/assets/etsy-image-rescue-2026-05-29/images/fw116thset-batch-06_06_fw116thset-batch-06-medium-plush-and-heavy-dawn-in-the-forest-peacock.jpg,6,"Medium plush and heavy ""Dawn in the Forest"" peacock chenille bathrobe Upcycled from vintage hand tufted vintage chenille bedspreads",
medium-plush-and-heavy-dawn-in-the-forest-peacock-chenille-bathrobe-upcycled-fro,,,,,Bathrobe,"vintage, chenille, bathrobe, robe, upcycled, bedspread, peacock, cotton, hand tufted, plush, heavy",,,,,,,,https://jonathankhobson.github.io/shareables/assets/etsy-image-rescue-2026-05-29/images/fw116thset-batch-06_07_fw116thset-batch-06-medium-plush-and-heavy-dawn-in-the-forest-peacock.jpg,7,"Medium plush and heavy ""Dawn in the Forest"" peacock chenille bathrobe Upcycled from vintage hand tufted vintage chenille bedspreads",
medium-plush-and-heavy-dawn-in-the-forest-peacock-chenille-bathrobe-upcycled-fro,,,,,Bathrobe,"vintage, chenille, bathrobe, robe, upcycled, bedspread, peacock, cotton, hand tufted, plush, heavy",,,,,,,,https://jonathankhobson.github.io/shareables/assets/etsy-image-rescue-2026-05-29/images/fw116thset-batch-06_08_fw116thset-batch-06-medium-plush-and-heavy-dawn-in-the-forest-peacock.jpg,8,"Medium plush and heavy ""Dawn in the Forest"" peacock chenille bathrobe Upcycled from vintage hand tufted vintage chenille bedspreads",
medium-plush-and-heavy-dawn-in-the-forest-peacock-chenille-bathrobe-upcycled-fro,,,,,Bathrobe,"vintage, chenille, bathrobe, robe, upcycled, bedspread, peacock, cotton, hand tufted, plush, heavy",,,,,,,,https://jonathankhobson.github.io/shareables/assets/etsy-image-rescue-2026-05-29/images/fw116thset-batch-06_09_fw116thset-batch-06-medium-plush-and-heavy-dawn-in-the-forest-peacock.jpg,9,"Medium plush and heavy ""Dawn in the Forest"" peacock chenille bathrobe Upcycled from vintage hand tufted vintage chenille bedspreads",
medium-plush-and-heavy-dawn-in-the-forest-peacock-chenille-bathrobe-upcycled-fro,,,,,Bathrobe,"vintage, chenille, bathrobe, robe, upcycled, bedspread, peacock, cotton, hand tufted, plush, heavy",,,,,,,,https://jonathankhobson.github.io/shareables/assets/etsy-image-rescue-2026-05-29/images/fw116thset-batch-06_10_fw116thset-batch-06-medium-plush-and-heavy-dawn-in-the-forest-peacock.jpg,10,"Medium plush and heavy ""Dawn in the Forest"" peacock chenille bathrobe Upcycled from vintage hand tufted vintage chenille bedspreads",
medium-plush-and-heavy-dawn-in-the-forest-peacock-chenille-bathrobe-upcycled-fro,,,,,Bathrobe,"vintage, chenille, bathrobe, robe, upcycled, bedspread, peacock, cotton, hand tufted, plush, heavy",,,,,,,,https://jonathankhobson.github.io/shareables/assets/etsy-image-rescue-2026-05-29/images/fw116thset-batch-06_11_fw116thset-batch-06-medium-plush-and-heavy-dawn-in-the-forest-peacock.jpg,11,"Medium plush and heavy ""Dawn in the Forest"" peacock chenille bathrobe Upcycled from vintage hand tufted vintage chenille bedspreads",
medium-plush-and-heavy-dawn-in-the-forest-peacock-chenille-bathrobe-upcycled-fro,,,,,Bathrobe,"vintage, chenille, bathrobe, robe, upcycled, bedspread, peacock, cotton, hand tufted, plush, heavy",,,,,,,,https://jonathankhobson.github.io/shareables/assets/etsy-image-rescue-2026-05-29/images/fw116thset-batch-06_12_fw116thset-batch-06-medium-plush-and-heavy-dawn-in-the-forest-peacock.jpg,12,"Medium plush and heavy ""Dawn in the Forest"" peacock chenille bathrobe Upcycled from vintage hand tufted vintage chenille bedspreads",
medium-plush-and-soft-daisies-at-sunset-vintage-chenille-bathrobe-upcycled-from,"Medium plush and soft ""Daisies at Sunset"" vintage chenille bathrobe upcycled from rare purple hand tufted chenille bedspreads","<p>The chenille this bathrobe was created from is soft and plush; in excellent vintage shape.
Purple on purple, very rare; not many of this color combo in my shop or in existance,
especially in this great shape. Fran Drescher of &#x27;The Nanny&#x27; would have loved this robe,
just her style. Lots of purple and white curly cues all over, and yellow daisies to boot!
The front of the robe is a bit &#x27;high/low&#x27; since that end of the bedspread was curved, I
captured the curve at the front of the robe panels.
White sleeves with more curly cues, AND some green leaves and vines as well. Deep
pockets on both sides make it functional and warm. Medium can fit up to a woman&#x27;s size
12, machine washable too.
Chenille bedspreads were created and manufactured in the US during the 1930s to the
1950s; much of it was hand tufted. The hand tufting process was often a series of knots
tied in a pre-printed design onto cotton (muslin) fabric. These one-of-a-kind bedspreads
varied by the tufter, as well as by materials used.
The nraduntion of chenille conned in the Ilnited Statec after ahnut 10kN and much of it</p>",,,Bathrobe,"vintage, chenille, bathrobe, robe, upcycled, bedspread, cotton, hand tufted, plush",FALSE,Title,Default Title,FW-117-B07,,TRUE,TRUE,https://jonathankhobson.github.io/shareables/assets/etsy-image-rescue-2026-05-29/images/fw117thset-batch-07_01_fw117thset-batch-07-medium-plush-and-soft-daisies-at-sunset-vintage-ch.jpg,1,"Medium plush and soft ""Daisies at Sunset"" vintage chenille bathrobe upcycled from rare purple hand tufted chenille bedspreads",draft
medium-plush-and-soft-daisies-at-sunset-vintage-chenille-bathrobe-upcycled-from,,,,,Bathrobe,"vintage, chenille, bathrobe, robe, upcycled, bedspread, cotton, hand tufted, plush",,,,,,,,https://jonathankhobson.github.io/shareables/assets/etsy-image-rescue-2026-05-29/images/fw117thset-batch-07_02_fw117thset-batch-07-medium-plush-and-soft-daisies-at-sunset-vintage-ch.jpg,2,"Medium plush and soft ""Daisies at Sunset"" vintage chenille bathrobe upcycled from rare purple hand tufted chenille bedspreads",
medium-plush-and-soft-daisies-at-sunset-vintage-chenille-bathrobe-upcycled-from,,,,,Bathrobe,"vintage, chenille, bathrobe, robe, upcycled, bedspread, cotton, hand tufted, plush",,,,,,,,https://jonathankhobson.github.io/shareables/assets/etsy-image-rescue-2026-05-29/images/fw117thset-batch-07_03_fw117thset-batch-07-medium-plush-and-soft-daisies-at-sunset-vintage-ch.jpg,3,"Medium plush and soft ""Daisies at Sunset"" vintage chenille bathrobe upcycled from rare purple hand tufted chenille bedspreads",
medium-plush-and-soft-daisies-at-sunset-vintage-chenille-bathrobe-upcycled-from,,,,,Bathrobe,"vintage, chenille, bathrobe, robe, upcycled, bedspread, cotton, hand tufted, plush",,,,,,,,https://jonathankhobson.github.io/shareables/assets/etsy-image-rescue-2026-05-29/images/fw117thset-batch-07_04_fw117thset-batch-07-medium-plush-and-soft-daisies-at-sunset-vintage-ch.jpg,4,"Medium plush and soft ""Daisies at Sunset"" vintage chenille bathrobe upcycled from rare purple hand tufted chenille bedspreads",
medium-plush-and-soft-daisies-at-sunset-vintage-chenille-bathrobe-upcycled-from,,,,,Bathrobe,"vintage, chenille, bathrobe, robe, upcycled, bedspread, cotton, hand tufted, plush",,,,,,,,https://jonathankhobson.github.io/shareables/assets/etsy-image-rescue-2026-05-29/images/fw117thset-batch-07_05_fw117thset-batch-07-medium-plush-and-soft-daisies-at-sunset-vintage-ch.jpg,5,"Medium plush and soft ""Daisies at Sunset"" vintage chenille bathrobe upcycled from rare purple hand tufted chenille bedspreads",
medium-plush-and-soft-daisies-at-sunset-vintage-chenille-bathrobe-upcycled-from,,,,,Bathrobe,"vintage, chenille, bathrobe, robe, upcycled, bedspread, cotton, hand tufted, plush",,,,,,,,https://jonathankhobson.github.io/shareables/assets/etsy-image-rescue-2026-05-29/images/fw117thset-batch-07_06_fw117thset-batch-07-medium-plush-and-soft-daisies-at-sunset-vintage-ch.jpg,6,"Medium plush and soft ""Daisies at Sunset"" vintage chenille bathrobe upcycled from rare purple hand tufted chenille bedspreads",
medium-plush-and-soft-daisies-at-sunset-vintage-chenille-bathrobe-upcycled-from,,,,,Bathrobe,"vintage, chenille, bathrobe, robe, upcycled, bedspread, cotton, hand tufted, plush",,,,,,,,https://jonathankhobson.github.io/shareables/assets/etsy-image-rescue-2026-05-29/images/fw117thset-batch-07_07_fw117thset-batch-07-medium-plush-and-soft-daisies-at-sunset-vintage-ch.jpg,7,"Medium plush and soft ""Daisies at Sunset"" vintage chenille bathrobe upcycled from rare purple hand tufted chenille bedspreads",
medium-plush-and-soft-daisies-at-sunset-vintage-chenille-bathrobe-upcycled-from,,,,,Bathrobe,"vintage, chenille, bathrobe, robe, upcycled, bedspread, cotton, hand tufted, plush",,,,,,,,https://jonathankhobson.github.io/shareables/assets/etsy-image-rescue-2026-05-29/images/fw117thset-batch-07_08_fw117thset-batch-07-medium-plush-and-soft-daisies-at-sunset-vintage-ch.jpg,8,"Medium plush and soft ""Daisies at Sunset"" vintage chenille bathrobe upcycled from rare purple hand tufted chenille bedspreads",
large-uber-plush-and-heavy-midnight-blooms-chenille-bathrobe-upcycled-from-vinta,"Large Uber plush and heavy ""Midnight Blooms"" chenille bathrobe upcycled from vintage hand tufted chenille bedspreads Thio roudl hluo id poro in chanilla, doronidlya0₺hathad eotniu0d$t0 ünh ddd aur timo!","<p>This royal blue is rare in chenille; especially one that has retained its rich color over time!
The chenille in this robe is so plush, I broke 3 machine needles sewing it! Absolutely
gorgeous quality, very unusual to find one this color and in such excellent vintage shape.
Those big orange flowers on the robe match the orange of the plush sleeves perfectly.
Colors in the video are not true, photograph colors are accurate
This large will fit up to a woman&#x27;s size 18, with pockets. Machine washable too!
Chenille bedspreads were created and manufactured in the US during the 1930s to the
1950s; much of it was hand tufted. The hand tufting process was often a series of knots
tied in a pre-printed design onto cotton (muslin) fabric. These one-of-a-kind bedspreads
varied by the tufter, as well as by materials used.
The production of chenille stopped in the United States after about 1960, and much of it
is being up cycled and given new life. Since the supply of vintage chenille is limited and
finite, it has become more difficult to find! Although chenille is durable, it can suffer</p>",,,Bathrobe,"vintage, chenille, bathrobe, robe, upcycled, bedspread, flower, cotton, hand tufted, plush, heavy",FALSE,Title,Default Title,FW-119-B08,,TRUE,TRUE,https://jonathankhobson.github.io/shareables/assets/etsy-image-rescue-2026-05-29/images/fw119thset-batch-08_01_fw119thset-batch-08-large-uber-plush-and-heavy-midnight-blooms-chenill.jpg,1,"Large Uber plush and heavy ""Midnight Blooms"" chenille bathrobe upcycled from vintage hand tufted chenille bedspreads Thio roudl hluo id poro in chanilla, doronidlya0₺hathad eotniu0d$t0 ünh ddd aur timo!",draft
large-uber-plush-and-heavy-midnight-blooms-chenille-bathrobe-upcycled-from-vinta,,,,,Bathrobe,"vintage, chenille, bathrobe, robe, upcycled, bedspread, flower, cotton, hand tufted, plush, heavy",,,,,,,,https://jonathankhobson.github.io/shareables/assets/etsy-image-rescue-2026-05-29/images/fw119thset-batch-08_02_fw119thset-batch-08-large-uber-plush-and-heavy-midnight-blooms-chenill.jpg,2,"Large Uber plush and heavy ""Midnight Blooms"" chenille bathrobe upcycled from vintage hand tufted chenille bedspreads Thio roudl hluo id poro in chanilla, doronidlya0₺hathad eotniu0d$t0 ünh ddd aur timo!",
large-uber-plush-and-heavy-midnight-blooms-chenille-bathrobe-upcycled-from-vinta,,,,,Bathrobe,"vintage, chenille, bathrobe, robe, upcycled, bedspread, flower, cotton, hand tufted, plush, heavy",,,,,,,,https://jonathankhobson.github.io/shareables/assets/etsy-image-rescue-2026-05-29/images/fw119thset-batch-08_03_fw119thset-batch-08-large-uber-plush-and-heavy-midnight-blooms-chenill.jpg,3,"Large Uber plush and heavy ""Midnight Blooms"" chenille bathrobe upcycled from vintage hand tufted chenille bedspreads Thio roudl hluo id poro in chanilla, doronidlya0₺hathad eotniu0d$t0 ünh ddd aur timo!",
large-uber-plush-and-heavy-midnight-blooms-chenille-bathrobe-upcycled-from-vinta,,,,,Bathrobe,"vintage, chenille, bathrobe, robe, upcycled, bedspread, flower, cotton, hand tufted, plush, heavy",,,,,,,,https://jonathankhobson.github.io/shareables/assets/etsy-image-rescue-2026-05-29/images/fw119thset-batch-08_04_fw119thset-batch-08-large-uber-plush-and-heavy-midnight-blooms-chenill.jpg,4,"Large Uber plush and heavy ""Midnight Blooms"" chenille bathrobe upcycled from vintage hand tufted chenille bedspreads Thio roudl hluo id poro in chanilla, doronidlya0₺hathad eotniu0d$t0 ünh ddd aur timo!",
large-uber-plush-and-heavy-midnight-blooms-chenille-bathrobe-upcycled-from-vinta,,,,,Bathrobe,"vintage, chenille, bathrobe, robe, upcycled, bedspread, flower, cotton, hand tufted, plush, heavy",,,,,,,,https://jonathankhobson.github.io/shareables/assets/etsy-image-rescue-2026-05-29/images/fw119thset-batch-08_05_fw119thset-batch-08-large-uber-plush-and-heavy-midnight-blooms-chenill.jpg,5,"Large Uber plush and heavy ""Midnight Blooms"" chenille bathrobe upcycled from vintage hand tufted chenille bedspreads Thio roudl hluo id poro in chanilla, doronidlya0₺hathad eotniu0d$t0 ünh ddd aur timo!",
large-uber-plush-and-heavy-midnight-blooms-chenille-bathrobe-upcycled-from-vinta,,,,,Bathrobe,"vintage, chenille, bathrobe, robe, upcycled, bedspread, flower, cotton, hand tufted, plush, heavy",,,,,,,,https://jonathankhobson.github.io/shareables/assets/etsy-image-rescue-2026-05-29/images/fw119thset-batch-08_06_fw119thset-batch-08-large-uber-plush-and-heavy-midnight-blooms-chenill.jpg,6,"Large Uber plush and heavy ""Midnight Blooms"" chenille bathrobe upcycled from vintage hand tufted chenille bedspreads Thio roudl hluo id poro in chanilla, doronidlya0₺hathad eotniu0d$t0 ünh ddd aur timo!",
large-uber-plush-and-heavy-midnight-blooms-chenille-bathrobe-upcycled-from-vinta,,,,,Bathrobe,"vintage, chenille, bathrobe, robe, upcycled, bedspread, flower, cotton, hand tufted, plush, heavy",,,,,,,,https://jonathankhobson.github.io/shareables/assets/etsy-image-rescue-2026-05-29/images/fw119thset-batch-08_07_fw119thset-batch-08-large-uber-plush-and-heavy-midnight-blooms-chenill.jpg,7,"Large Uber plush and heavy ""Midnight Blooms"" chenille bathrobe upcycled from vintage hand tufted chenille bedspreads Thio roudl hluo id poro in chanilla, doronidlya0₺hathad eotniu0d$t0 ünh ddd aur timo!",
large-uber-plush-and-heavy-midnight-blooms-chenille-bathrobe-upcycled-from-vinta,,,,,Bathrobe,"vintage, chenille, bathrobe, robe, upcycled, bedspread, flower, cotton, hand tufted, plush, heavy",,,,,,,,https://jonathankhobson.github.io/shareables/assets/etsy-image-rescue-2026-05-29/images/fw119thset-batch-08_08_fw119thset-batch-08-large-uber-plush-and-heavy-midnight-blooms-chenill.jpg,8,"Large Uber plush and heavy ""Midnight Blooms"" chenille bathrobe upcycled from vintage hand tufted chenille bedspreads Thio roudl hluo id poro in chanilla, doronidlya0₺hathad eotniu0d$t0 ünh ddd aur timo!",
large-uber-plush-and-heavy-midnight-blooms-chenille-bathrobe-upcycled-from-vinta,,,,,Bathrobe,"vintage, chenille, bathrobe, robe, upcycled, bedspread, flower, cotton, hand tufted, plush, heavy",,,,,,,,https://jonathankhobson.github.io/shareables/assets/etsy-image-rescue-2026-05-29/images/fw119thset-batch-08_09_fw119thset-batch-08-large-uber-plush-and-heavy-midnight-blooms-chenill.jpg,9,"Large Uber plush and heavy ""Midnight Blooms"" chenille bathrobe upcycled from vintage hand tufted chenille bedspreads Thio roudl hluo id poro in chanilla, doronidlya0₺hathad eotniu0d$t0 ünh ddd aur timo!",
large-heavy-border-flowers-vintage-chenille-bathrobe-upcycled-from-combo-hobnail,Large heavy “Border Flowers” vintage chenille bathrobe upcycled from combo hobnail and chenille bedspread,<p>More later</p>,,,Bathrobe,"vintage, chenille, bathrobe, robe, upcycled, bedspread, hobnail, flower, heavy",FALSE,Title,Default Title,FW-120-B01,,TRUE,TRUE,https://jonathankhobson.github.io/shareables/assets/etsy-image-rescue-2026-05-29/images/fw120thset-batch-01_01_fw120thset-batch-01-large-heavy-border-flowers-vintage-chenille-bathro.jpg,1,Large heavy “Border Flowers” vintage chenille bathrobe upcycled from combo hobnail and chenille bedspread,draft
large-heavy-border-flowers-vintage-chenille-bathrobe-upcycled-from-combo-hobnail,,,,,Bathrobe,"vintage, chenille, bathrobe, robe, upcycled, bedspread, hobnail, flower, heavy",,,,,,,,https://jonathankhobson.github.io/shareables/assets/etsy-image-rescue-2026-05-29/images/fw120thset-batch-01_02_fw120thset-batch-01-large-heavy-border-flowers-vintage-chenille-bathro.jpg,2,Large heavy “Border Flowers” vintage chenille bathrobe upcycled from combo hobnail and chenille bedspread,
large-heavy-border-flowers-vintage-chenille-bathrobe-upcycled-from-combo-hobnail,,,,,Bathrobe,"vintage, chenille, bathrobe, robe, upcycled, bedspread, hobnail, flower, heavy",,,,,,,,https://jonathankhobson.github.io/shareables/assets/etsy-image-rescue-2026-05-29/images/fw120thset-batch-01_03_fw120thset-batch-01-large-heavy-border-flowers-vintage-chenille-bathro.jpg,3,Large heavy “Border Flowers” vintage chenille bathrobe upcycled from combo hobnail and chenille bedspread,
large-heavy-border-flowers-vintage-chenille-bathrobe-upcycled-from-combo-hobnail,,,,,Bathrobe,"vintage, chenille, bathrobe, robe, upcycled, bedspread, hobnail, flower, heavy",,,,,,,,https://jonathankhobson.github.io/shareables/assets/etsy-image-rescue-2026-05-29/images/fw120thset-batch-01_04_fw120thset-batch-01-large-heavy-border-flowers-vintage-chenille-bathro.jpg,4,Large heavy “Border Flowers” vintage chenille bathrobe upcycled from combo hobnail and chenille bedspread,
large-heavy-border-flowers-vintage-chenille-bathrobe-upcycled-from-combo-hobnail,,,,,Bathrobe,"vintage, chenille, bathrobe, robe, upcycled, bedspread, hobnail, flower, heavy",,,,,,,,https://jonathankhobson.github.io/shareables/assets/etsy-image-rescue-2026-05-29/images/fw120thset-batch-01_05_fw120thset-batch-01-large-heavy-border-flowers-vintage-chenille-bathro.jpg,5,Large heavy “Border Flowers” vintage chenille bathrobe upcycled from combo hobnail and chenille bedspread,
large-heavy-border-flowers-vintage-chenille-bathrobe-upcycled-from-combo-hobnail,,,,,Bathrobe,"vintage, chenille, bathrobe, robe, upcycled, bedspread, hobnail, flower, heavy",,,,,,,,https://jonathankhobson.github.io/shareables/assets/etsy-image-rescue-2026-05-29/images/fw120thset-batch-01_06_fw120thset-batch-01-large-heavy-border-flowers-vintage-chenille-bathro.jpg,6,Large heavy “Border Flowers” vintage chenille bathrobe upcycled from combo hobnail and chenille bedspread,
large-heavy-border-flowers-vintage-chenille-bathrobe-upcycled-from-combo-hobnail,,,,,Bathrobe,"vintage, chenille, bathrobe, robe, upcycled, bedspread, hobnail, flower, heavy",,,,,,,,https://jonathankhobson.github.io/shareables/assets/etsy-image-rescue-2026-05-29/images/fw120thset-batch-01_07_fw120thset-batch-01-large-heavy-border-flowers-vintage-chenille-bathro.jpg,7,Large heavy “Border Flowers” vintage chenille bathrobe upcycled from combo hobnail and chenille bedspread,
large-heavy-border-flowers-vintage-chenille-bathrobe-upcycled-from-combo-hobnail,,,,,Bathrobe,"vintage, chenille, bathrobe, robe, upcycled, bedspread, hobnail, flower, heavy",,,,,,,,https://jonathankhobson.github.io/shareables/assets/etsy-image-rescue-2026-05-29/images/fw120thset-batch-01_08_fw120thset-batch-01-large-heavy-border-flowers-vintage-chenille-bathro.jpg,8,Large heavy “Border Flowers” vintage chenille bathrobe upcycled from combo hobnail and chenille bedspread,
large-heavy-border-flowers-vintage-chenille-bathrobe-upcycled-from-combo-hobnail,"Large heavy ""Border Flowers"" vintage chenille bathrobe upcycled from combo hobnail and chenille bedspread",<p>More later</p>,,,Bathrobe,"vintage, chenille, bathrobe, robe, upcycled, bedspread, hobnail, flower, heavy",FALSE,Title,Default Title,FW-121-B09,,TRUE,TRUE,https://jonathankhobson.github.io/shareables/assets/etsy-image-rescue-2026-05-29/images/fw121stset-batch-09_01_fw121stset-batch-09-large-heavy-border-flowers-vintage-chenille-bathro.jpg,1,"Large heavy ""Border Flowers"" vintage chenille bathrobe upcycled from combo hobnail and chenille bedspread",draft
large-heavy-border-flowers-vintage-chenille-bathrobe-upcycled-from-combo-hobnail,,,,,Bathrobe,"vintage, chenille, bathrobe, robe, upcycled, bedspread, hobnail, flower, heavy",,,,,,,,https://jonathankhobson.github.io/shareables/assets/etsy-image-rescue-2026-05-29/images/fw121stset-batch-09_02_fw121stset-batch-09-large-heavy-border-flowers-vintage-chenille-bathro.jpg,2,"Large heavy ""Border Flowers"" vintage chenille bathrobe upcycled from combo hobnail and chenille bedspread",
large-heavy-border-flowers-vintage-chenille-bathrobe-upcycled-from-combo-hobnail,,,,,Bathrobe,"vintage, chenille, bathrobe, robe, upcycled, bedspread, hobnail, flower, heavy",,,,,,,,https://jonathankhobson.github.io/shareables/assets/etsy-image-rescue-2026-05-29/images/fw121stset-batch-09_03_fw121stset-batch-09-large-heavy-border-flowers-vintage-chenille-bathro.jpg,3,"Large heavy ""Border Flowers"" vintage chenille bathrobe upcycled from combo hobnail and chenille bedspread",
large-heavy-border-flowers-vintage-chenille-bathrobe-upcycled-from-combo-hobnail,,,,,Bathrobe,"vintage, chenille, bathrobe, robe, upcycled, bedspread, hobnail, flower, heavy",,,,,,,,https://jonathankhobson.github.io/shareables/assets/etsy-image-rescue-2026-05-29/images/fw121stset-batch-09_04_fw121stset-batch-09-large-heavy-border-flowers-vintage-chenille-bathro.jpg,4,"Large heavy ""Border Flowers"" vintage chenille bathrobe upcycled from combo hobnail and chenille bedspread",
large-heavy-border-flowers-vintage-chenille-bathrobe-upcycled-from-combo-hobnail,,,,,Bathrobe,"vintage, chenille, bathrobe, robe, upcycled, bedspread, hobnail, flower, heavy",,,,,,,,https://jonathankhobson.github.io/shareables/assets/etsy-image-rescue-2026-05-29/images/fw121stset-batch-09_05_fw121stset-batch-09-large-heavy-border-flowers-vintage-chenille-bathro.jpg,5,"Large heavy ""Border Flowers"" vintage chenille bathrobe upcycled from combo hobnail and chenille bedspread",
large-heavy-border-flowers-vintage-chenille-bathrobe-upcycled-from-combo-hobnail,,,,,Bathrobe,"vintage, chenille, bathrobe, robe, upcycled, bedspread, hobnail, flower, heavy",,,,,,,,https://jonathankhobson.github.io/shareables/assets/etsy-image-rescue-2026-05-29/images/fw121stset-batch-09_06_fw121stset-batch-09-large-heavy-border-flowers-vintage-chenille-bathro.jpg,6,"Large heavy ""Border Flowers"" vintage chenille bathrobe upcycled from combo hobnail and chenille bedspread",
large-heavy-border-flowers-vintage-chenille-bathrobe-upcycled-from-combo-hobnail,,,,,Bathrobe,"vintage, chenille, bathrobe, robe, upcycled, bedspread, hobnail, flower, heavy",,,,,,,,https://jonathankhobson.github.io/shareables/assets/etsy-image-rescue-2026-05-29/images/fw121stset-batch-09_07_fw121stset-batch-09-large-heavy-border-flowers-vintage-chenille-bathro.jpg,7,"Large heavy ""Border Flowers"" vintage chenille bathrobe upcycled from combo hobnail and chenille bedspread",
large-heavy-border-flowers-vintage-chenille-bathrobe-upcycled-from-combo-hobnail,,,,,Bathrobe,"vintage, chenille, bathrobe, robe, upcycled, bedspread, hobnail, flower, heavy",,,,,,,,https://jonathankhobson.github.io/shareables/assets/etsy-image-rescue-2026-05-29/images/fw121stset-batch-09_08_fw121stset-batch-09-large-heavy-border-flowers-vintage-chenille-bathro.jpg,8,"Large heavy ""Border Flowers"" vintage chenille bathrobe upcycled from combo hobnail and chenille bedspread",
l-midlength-soft-sassy-fringed-vintage-chenille-bathrobe-upcycled-from-handtufte,"L midlength soft ""Sassy Fringed"" vintage chenille bathrobe upcycled from handtufted hobnail and regular hand tufted chenille bedspreads","<p>The vintage chenille I used to create this unusual bathrobe is a classic design, I cut it a
bit shorter (should fall just below the knees) so that I could capture and incorporate
those awesome fringes at the bottom. The hand tufting on this chenille was both
&#x27;regular&#x27; tufted chenille as well as &#x27;hobnail&#x27; tufting. Hobnail is a closed loop tuft, where
the regular tufting has loose open ends. Very sturdy backing, thick for a chenille
bedspread. Those khaki green sleeves match the hobnail tufting perfectly.
XL can fit up to a woman&#x27;s size 24, with pockets. Machine washable too.
Chenille bedspreads were created and manufactured in the US during the 1930s to the
1950s; much of it was hand tufted. The hand tufting process was often a series of knots
tied in a pre-printed design onto cotton (muslin) fabric. These one-of-a-kind bedspreads
varied by the tufter, as well as by materials used.
The production of chenille stopped in the United States after about 1960, and much of it
is being up cycled and given new life. Since the supply of vintage chenille is limited and
finite, it has become more difficult to find! Although chenille is durable, it can suffer
11)</p>",,,Bathrobe,"vintage, chenille, bathrobe, robe, upcycled, bedspread, hobnail, cotton, hand tufted",FALSE,Title,Default Title,FW-122-B10,,TRUE,TRUE,https://jonathankhobson.github.io/shareables/assets/etsy-image-rescue-2026-05-29/images/fw122ndset-batch-10_01_fw122ndset-batch-10-l-midlength-soft-sassy-fringed-vintage-chenille-ba.jpg,1,"L midlength soft ""Sassy Fringed"" vintage chenille bathrobe upcycled from handtufted hobnail and regular hand tufted chenille bedspreads",draft
l-midlength-soft-sassy-fringed-vintage-chenille-bathrobe-upcycled-from-handtufte,,,,,Bathrobe,"vintage, chenille, bathrobe, robe, upcycled, bedspread, hobnail, cotton, hand tufted",,,,,,,,https://jonathankhobson.github.io/shareables/assets/etsy-image-rescue-2026-05-29/images/fw122ndset-batch-10_02_fw122ndset-batch-10-l-midlength-soft-sassy-fringed-vintage-chenille-ba.jpg,2,"L midlength soft ""Sassy Fringed"" vintage chenille bathrobe upcycled from handtufted hobnail and regular hand tufted chenille bedspreads",
l-midlength-soft-sassy-fringed-vintage-chenille-bathrobe-upcycled-from-handtufte,,,,,Bathrobe,"vintage, chenille, bathrobe, robe, upcycled, bedspread, hobnail, cotton, hand tufted",,,,,,,,https://jonathankhobson.github.io/shareables/assets/etsy-image-rescue-2026-05-29/images/fw122ndset-batch-10_03_fw122ndset-batch-10-l-midlength-soft-sassy-fringed-vintage-chenille-ba.jpg,3,"L midlength soft ""Sassy Fringed"" vintage chenille bathrobe upcycled from handtufted hobnail and regular hand tufted chenille bedspreads",
l-midlength-soft-sassy-fringed-vintage-chenille-bathrobe-upcycled-from-handtufte,,,,,Bathrobe,"vintage, chenille, bathrobe, robe, upcycled, bedspread, hobnail, cotton, hand tufted",,,,,,,,https://jonathankhobson.github.io/shareables/assets/etsy-image-rescue-2026-05-29/images/fw122ndset-batch-10_04_fw122ndset-batch-10-l-midlength-soft-sassy-fringed-vintage-chenille-ba.jpg,4,"L midlength soft ""Sassy Fringed"" vintage chenille bathrobe upcycled from handtufted hobnail and regular hand tufted chenille bedspreads",
l-midlength-soft-sassy-fringed-vintage-chenille-bathrobe-upcycled-from-handtufte,,,,,Bathrobe,"vintage, chenille, bathrobe, robe, upcycled, bedspread, hobnail, cotton, hand tufted",,,,,,,,https://jonathankhobson.github.io/shareables/assets/etsy-image-rescue-2026-05-29/images/fw122ndset-batch-10_05_fw122ndset-batch-10-l-midlength-soft-sassy-fringed-vintage-chenille-ba.jpg,5,"L midlength soft ""Sassy Fringed"" vintage chenille bathrobe upcycled from handtufted hobnail and regular hand tufted chenille bedspreads",
l-midlength-soft-sassy-fringed-vintage-chenille-bathrobe-upcycled-from-handtufte,,,,,Bathrobe,"vintage, chenille, bathrobe, robe, upcycled, bedspread, hobnail, cotton, hand tufted",,,,,,,,https://jonathankhobson.github.io/shareables/assets/etsy-image-rescue-2026-05-29/images/fw122ndset-batch-10_06_fw122ndset-batch-10-l-midlength-soft-sassy-fringed-vintage-chenille-ba.jpg,6,"L midlength soft ""Sassy Fringed"" vintage chenille bathrobe upcycled from handtufted hobnail and regular hand tufted chenille bedspreads",
l-midlength-soft-sassy-fringed-vintage-chenille-bathrobe-upcycled-from-handtufte,,,,,Bathrobe,"vintage, chenille, bathrobe, robe, upcycled, bedspread, hobnail, cotton, hand tufted",,,,,,,,https://jonathankhobson.github.io/shareables/assets/etsy-image-rescue-2026-05-29/images/fw122ndset-batch-10_07_fw122ndset-batch-10-l-midlength-soft-sassy-fringed-vintage-chenille-ba.jpg,7,"L midlength soft ""Sassy Fringed"" vintage chenille bathrobe upcycled from handtufted hobnail and regular hand tufted chenille bedspreads",
l-midlength-soft-sassy-fringed-vintage-chenille-bathrobe-upcycled-from-handtufte,,,,,Bathrobe,"vintage, chenille, bathrobe, robe, upcycled, bedspread, hobnail, cotton, hand tufted",,,,,,,,https://jonathankhobson.github.io/shareables/assets/etsy-image-rescue-2026-05-29/images/fw122ndset-batch-10_08_fw122ndset-batch-10-l-midlength-soft-sassy-fringed-vintage-chenille-ba.jpg,8,"L midlength soft ""Sassy Fringed"" vintage chenille bathrobe upcycled from handtufted hobnail and regular hand tufted chenille bedspreads",
l-midlength-soft-sassy-fringed-vintage-chenille-bathrobe-upcycled-from-handtufte,,,,,Bathrobe,"vintage, chenille, bathrobe, robe, upcycled, bedspread, hobnail, cotton, hand tufted",,,,,,,,https://jonathankhobson.github.io/shareables/assets/etsy-image-rescue-2026-05-29/images/fw122ndset-batch-10_09_fw122ndset-batch-10-l-midlength-soft-sassy-fringed-vintage-chenille-ba.jpg,9,"L midlength soft ""Sassy Fringed"" vintage chenille bathrobe upcycled from handtufted hobnail and regular hand tufted chenille bedspreads",
